solid Created by Gmsh
facet normal -0.899926 -0.116194 -0.420276
  outer loop
    vertex -0.003063365131662966 -0.1707826970024516 0.05527831194112351
    vertex -0.0001613599094800725 -6.134182546573524e-12 0.001847831036891352
    vertex 0.0004457002320461994 -1.09288168149004e-15 0.0005479500825912702
  endloop
endfacet
facet normal -0.898832 -0.111769 -0.423802
  outer loop
    vertex -0.02850346485917586 -1.024598504505777 0.3321756900591769
    vertex -0.02911553350440722 -1.024393774930016 0.3334198191405512
    vertex -0.0242898379006846 -0.8536614791045198 0.2781578211386567
  endloop
endfacet
facet normal -0.368645 -0.276809 -0.8874
  outer loop
    vertex 0.001764723349188803 -9.284014665968373e-17 1.630951490975289e-13
    vertex -0.003063365131662966 -0.1707826970024516 0.05527831194112351
    vertex 0.0004457002320461994 -1.09288168149004e-15 0.0005479500825912702
  endloop
endfacet
facet normal -0.366175 -0.272176 -0.889852
  outer loop
    vertex -0.02720165598232818 -1.024696237485102 0.3316698881860761
    vertex -0.02850346485917586 -1.024598504505777 0.3321756900591769
    vertex -0.0242898379006846 -0.8536614791045198 0.2781578211386567
  endloop
endfacet
facet normal -0.677154 -0.209202 -0.705476
  outer loop
    vertex -0.003063365131662966 -0.1707826970024516 0.05527831194112351
    vertex -0.00789145360220085 -0.3415653938530469 0.1105566243514343
    vertex -0.004987055507721029 -0.1707322958258113 0.05710982905724485
  endloop
endfacet
facet normal -0.677154 -0.209206 -0.705475
  outer loop
    vertex -0.004987055507721029 -0.1707322958258113 0.05710982905724485
    vertex -0.0001613599094800725 -6.134182546573524e-12 0.001847831036891352
    vertex -0.003063365131662966 -0.1707826970024516 0.05527831194112351
  endloop
endfacet
facet normal -0.67734 -0.209145 -0.705315
  outer loop
    vertex -0.00789145360220085 -0.3415653938530469 0.1105566243514343
    vertex -0.01271954207224518 -0.512348090553122 0.1658349372268217
    vertex -0.009812751105961921 -0.3414645916454884 0.1123718270775978
  endloop
endfacet
facet normal -0.67734 -0.209149 -0.705314
  outer loop
    vertex -0.009812751105961921 -0.3414645916454884 0.1123718270775978
    vertex -0.004987055507721029 -0.1707322958258113 0.05710982905724485
    vertex -0.00789145360220085 -0.3415653938530469 0.1105566243514343
  endloop
endfacet
facet normal -0.677526 -0.209088 -0.705154
  outer loop
    vertex -0.01754763054154919 -0.6831307871026835 0.2211132505672875
    vertex -0.01463844670420283 -0.5121968874651659 0.1676338250979509
    vertex -0.01271954207224518 -0.512348090553122 0.1658349372268217
  endloop
endfacet
facet normal -0.677525 -0.209091 -0.705153
  outer loop
    vertex -0.01463844670420283 -0.5121968874651659 0.1676338250979509
    vertex -0.009812751105961921 -0.3414645916454884 0.1123718270775978
    vertex -0.01271954207224518 -0.512348090553122 0.1658349372268217
  endloop
endfacet
facet normal -0.677711 -0.20903 -0.704992
  outer loop
    vertex -0.01946414230244372 -0.6829291832848431 0.2228958231183038
    vertex -0.01754763054154919 -0.6831307871026835 0.2211132505672875
    vertex -0.02237571900986609 -0.8539134835017375 0.2763915643728333
  endloop
endfacet
facet normal -0.677711 -0.209034 -0.704992
  outer loop
    vertex -0.01463844670420283 -0.5121968874651659 0.1676338250979509
    vertex -0.01754763054154919 -0.6831307871026835 0.2211132505672875
    vertex -0.01946414230244372 -0.6829291832848431 0.2228958231183038
  endloop
endfacet
facet normal -0.677896 -0.208981 -0.704829
  outer loop
    vertex -0.02720165598232818 -1.024696237485102 0.3316698881860761
    vertex -0.0242898379006846 -0.8536614791045198 0.2781578211386567
    vertex -0.02237571900986609 -0.8539134835017375 0.2763915643728333
  endloop
endfacet
facet normal -0.677896 -0.208976 -0.70483
  outer loop
    vertex -0.0242898379006846 -0.8536614791045198 0.2781578211386567
    vertex -0.01946414230244372 -0.6829291832848431 0.2228958231183038
    vertex -0.02237571900986609 -0.8539134835017375 0.2763915643728333
  endloop
endfacet
facet normal 0.00778266 -0.315423 -0.948919
  outer loop
    vertex 3.230910181592947 -0.6770068188849906 0.2191310630840727
    vertex 3.219276760617746 -0.8841777627162403 0.2878998572623297
    vertex 3.040013766310151 -0.8613017054702246 0.2788255475822787
  endloop
endfacet
facet normal 7.87867e-17 -0.307947 -0.951404
  outer loop
    vertex 2.292180179670973 -0.8392760702470303 0.27165377417786
    vertex 2.153546362524815 -0.6446574430459905 0.2086603367634999
    vertex 2.353545295829759 -0.6232166003420155 0.2017204441005597
  endloop
endfacet
facet normal 0.0750561 -0.410747 -0.908655
  outer loop
    vertex 3.858057254132849 -1.024468165551584 0.3723278109159395
    vertex 3.901183130162876 -0.9562223000917573 0.3450402718282513
    vertex 3.973148150990945 -1.022889711965184 0.3811209541862631
  endloop
endfacet
facet normal 1.55349e-05 -0.30816 -0.951334
  outer loop
    vertex 3.040013766310151 -0.8613017054702246 0.2788255475822787
    vertex 3.051004822427873 -0.6888502849917593 0.2229645123879522
    vertex 3.230910181592947 -0.6770068188849906 0.2191310630840727
  endloop
endfacet
facet normal 0.497701 -0.637914 -0.587673
  outer loop
    vertex 7.074438691896719 -0.1690188495050833 0.7896382843287598
    vertex 7.088888257128842 -0.09122109321527068 0.7174268083639556
    vertex 7.207950583841903 -0.08583891695332949 0.8124184916083558
  endloop
endfacet
facet normal 0.286192 -0.605975 -0.742219
  outer loop
    vertex 6.139391737349143 -0.279083536764217 0.3389432563461827
    vertex 6.101524000183387 -0.4361175351404689 0.4525501601208541
    vertex 5.92690222306126 -0.4349852299580309 0.3842934065189909
  endloop
endfacet
facet normal -4.97646e-10 -0.307947 -0.951404
  outer loop
    vertex 0.7690713811401352 -1.024696239540362 0.3316698887241141
    vertex 0.8593974129139674 -0.807347219099793 0.2613191617341177
    vertex 0.9681396457159221 -1.024696239554313 0.3316698886245041
  endloop
endfacet
facet normal 3.24531e-16 -0.307947 -0.951404
  outer loop
    vertex 2.353545295829759 -0.6232166003420155 0.2017204441005597
    vertex 2.502465922792409 -0.7618754188367669 0.2466010176120328
    vertex 2.292180179670973 -0.8392760702470303 0.27165377417786
  endloop
endfacet
facet normal 1.83227e-08 -0.307947 -0.951404
  outer loop
    vertex 3.182673568075753 0 4.295739897356847e-09
    vertex 3.053683841050377 -0.1970709229032309 0.063787187416912
    vertex 2.983866768812726 0 4.669940755710247e-10
  endloop
endfacet
facet normal -1.19261e-16 -0.307947 -0.951404
  outer loop
    vertex 1.088040009901824 -0.843887562960143 0.2731464050826612
    vertex 0.9813298683683578 -0.6343939200861344 0.2053382776136597
    vertex 1.189885108144504 -0.6547746868877472 0.2119350488294378
  endloop
endfacet
facet normal 0.51359 -0.634442 -0.577675
  outer loop
    vertex 7.191182859599861 0 0.7032367615275728
    vertex 7.339748114653773 0 0.8353207332230479
    vertex 7.207950583841903 -0.08583891695332949 0.8124184916083558
  endloop
endfacet
facet normal 0.078465 -0.416533 -0.905728
  outer loop
    vertex 3.973148150990945 -1.022889711965184 0.3811209541862631
    vertex 3.974446710157624 -0.9577940209151907 0.3512967897345558
    vertex 3.973750618699206 -1.022879440171891 0.3811684232348613
  endloop
endfacet
facet normal 0.426296 -0.633714 -0.645506
  outer loop
    vertex 6.573014413315905 -0.4442705742921514 0.7069924620288339
    vertex 6.61778673629536 -0.2718918178921523 0.5673305726090795
    vertex 6.734336315964588 -0.3624179049191434 0.7331728509229327
  endloop
endfacet
facet normal 0.0735716 -0.416683 -0.90607
  outer loop
    vertex 3.97435308501647 -1.022869146324364 0.3812159052862664
    vertex 3.974446710157624 -0.9577940209151907 0.3512967897345558
    vertex 4.061966158142157 -0.9319257986651236 0.3465069821754969
  endloop
endfacet
facet normal 0.0196626 -0.342244 -0.939405
  outer loop
    vertex 3.355932877236252 -0.8051981180238658 0.2626196580921136
    vertex 3.490530460926785 -0.8958456585477069 0.2984616296777706
    vertex 3.356808045388944 -1.025708494039449 0.342974340447815
  endloop
endfacet
facet normal 1.61505e-17 -0.307947 -0.951404
  outer loop
    vertex 3.30728116552244 -0.5107048833468327 0.165303067691893
    vertex 3.382577137372977 -0.3250347586386123 0.1052060484664834
    vertex 3.484868106469986 -0.4969175768640986 0.1608404433248249
  endloop
endfacet
facet normal 0.26432 -0.583609 -0.767812
  outer loop
    vertex 5.92690222306126 -0.4349852299580309 0.3842934065189909
    vertex 5.972746889620969 -0.2579824575540664 0.2655366598241366
    vertex 6.139391737349143 -0.279083536764217 0.3389432563461827
  endloop
endfacet
facet normal -9.03224e-17 -0.307947 -0.951404
  outer loop
    vertex 3.550313265664269 -0.3503568480864057 0.1134022087198524
    vertex 3.479093233822137 -0.1705811829866715 0.05521308637861456
    vertex 3.679690638571526 -0.1638047279955507 0.05301970849123772
  endloop
endfacet
facet normal 1.87548e-17 -0.307947 -0.951404
  outer loop
    vertex 1.088040009901824 -0.843887562960143 0.2731464050826612
    vertex 0.8593974129139674 -0.807347219099793 0.2613191617341177
    vertex 0.9813298683683578 -0.6343939200861344 0.2053382776136597
  endloop
endfacet
facet normal 4.21964e-10 -0.307947 -0.951404
  outer loop
    vertex 2.983866768812726 0 4.669940755710247e-10
    vertex 3.053683841050377 -0.1970709229032309 0.063787187416912
    vertex 2.836028606695604 -0.1588669762945522 0.05142147528397545
  endloop
endfacet
facet normal 0.381843 -0.623496 -0.682237
  outer loop
    vertex 6.444581737331781 -0.388479254050217 0.5769382088056831
    vertex 6.427387153009676 -0.2647114762387148 0.4542032102500176
    vertex 6.61778673629536 -0.2718918178921523 0.5673305726090795
  endloop
endfacet
facet normal 9.41815e-17 -0.307947 -0.951404
  outer loop
    vertex 1.584203438379352 -0.6683930668514619 0.2163429956856401
    vertex 1.679942226579828 -0.8457564165045477 0.2737513086855647
    vertex 1.483262157510508 -0.8474680380437538 0.2743053200145814
  endloop
endfacet
facet normal 2.52861e-16 -0.307947 -0.951404
  outer loop
    vertex 1.679942226579828 -0.8457564165045477 0.2737513086855647
    vertex 1.777621861971574 -0.6641145565332023 0.2149581432907994
    vertex 1.876795276292659 -0.8409427043429598 0.2721932241376325
  endloop
endfacet
facet normal 4.90278e-17 -0.307947 -0.951404
  outer loop
    vertex 1.584203438379352 -0.6683930668514619 0.2163429956856401
    vertex 1.777621861971574 -0.6641145565332023 0.2149581432907994
    vertex 1.679942226579828 -0.8457564165045477 0.2737513086855647
  endloop
endfacet
facet normal -2.36327e-16 -0.307947 -0.951404
  outer loop
    vertex 1.483262157510508 -0.8474680380437538 0.2743053200145814
    vertex 1.387183775345013 -0.6719900234062244 0.2175072452791826
    vertex 1.584203438379352 -0.6683930668514619 0.2163429956856401
  endloop
endfacet
facet normal 1.05767e-10 -0.307947 -0.951404
  outer loop
    vertex 0.9681396457159221 -1.024696239554313 0.3316698886245041
    vertex 0.8593974129139674 -0.807347219099793 0.2613191617341177
    vertex 1.088040009901824 -0.843887562960143 0.2731464050826612
  endloop
endfacet
facet normal 0.0240042 -0.342197 -0.939322
  outer loop
    vertex 3.356808045388944 -1.025708494039449 0.342974340447815
    vertex 3.219276760617746 -0.8841777627162403 0.2878998572623297
    vertex 3.355932877236252 -0.8051981180238658 0.2626196580921136
  endloop
endfacet
facet normal 0.392961 -0.638336 -0.661898
  outer loop
    vertex 6.444581737331781 -0.388479254050217 0.5769382088056831
    vertex 6.61778673629536 -0.2718918178921523 0.5673305726090795
    vertex 6.573014413315905 -0.4442705742921514 0.7069924620288339
  endloop
endfacet
facet normal 0.0208526 -0.347316 -0.937516
  outer loop
    vertex 4.153219567050292 -0.4086139039999245 0.1372368964402133
    vertex 4.127992852193604 -0.5454338696125223 0.18736263867507
    vertex 3.952840359783207 -0.4589070489258056 0.1514117644650602
  endloop
endfacet
facet normal 0.200864 -0.553002 -0.808605
  outer loop
    vertex 5.30908211343466 -0.6518388330608188 0.3616344003727024
    vertex 5.483927332284691 -0.6149752407053146 0.3798564783902199
    vertex 5.40167832851867 -0.7555941875897763 0.4555939328504521
  endloop
endfacet
facet normal 0.0679851 -0.401881 -0.913164
  outer loop
    vertex 3.742913158683432 -1.02538842170686 0.3641603323533071
    vertex 3.808851514634608 -0.955404298461175 0.3382695999256574
    vertex 3.858057254132849 -1.024468165551584 0.3723278109159395
  endloop
endfacet
facet normal -3.1989e-16 -0.307947 -0.951404
  outer loop
    vertex 2.292180179670973 -0.8392760702470303 0.27165377417786
    vertex 2.073243694936629 -0.8343029831954756 0.270044103755025
    vertex 2.153546362524815 -0.6446574430459905 0.2086603367634999
  endloop
endfacet
facet normal -3.21348e-07 -0.307947 -0.951404
  outer loop
    vertex 1.963480957347381 -1.024696243901853 0.3316699098799876
    vertex 2.073243694936629 -0.8343029831954756 0.270044103755025
    vertex 2.162549216267549 -1.024696229780466 0.3316698380716033
  endloop
endfacet
facet normal 2.11868e-06 -0.307948 -0.951403
  outer loop
    vertex 3.679690638571526 -0.1638047279955507 0.05301970849123772
    vertex 3.708056943370861 -0.3420969258992926 0.1107290061795152
    vertex 3.550313265664269 -0.3503568480864057 0.1134022087198524
  endloop
endfacet
facet normal 0.0561174 -0.379699 -0.923406
  outer loop
    vertex 3.532002187039494 -1.025903757771965 0.3512661103884489
    vertex 3.614225571646635 -0.9188833711234177 0.3122568170716551
    vertex 3.707077969782677 -1.025565423973908 0.3617667210766831
  endloop
endfacet
facet normal -3.95388e-16 -0.307947 -0.951404
  outer loop
    vertex 1.189885108144504 -0.6547746868877472 0.2119350488294378
    vertex 1.286213988647739 -0.844775300699799 0.2734337447507476
    vertex 1.088040009901824 -0.843887562960143 0.2731464050826612
  endloop
endfacet
facet normal 0.0492954 -0.370292 -0.927607
  outer loop
    vertex 4.127992852193604 -0.5454338696125223 0.18736263867507
    vertex 4.211402462555419 -0.6768986762123446 0.2442747334578984
    vertex 4.079737971302206 -0.6834570296026883 0.2398957709075976
  endloop
endfacet
facet normal -1.59809e-09 -0.307947 -0.951404
  outer loop
    vertex 3.277620715220853 -0.1806432197701693 0.05846992922813021
    vertex 3.053683841050377 -0.1970709229032309 0.063787187416912
    vertex 3.182673568075753 0 4.295739897356847e-09
  endloop
endfacet
facet normal 0.0832452 -0.424325 -0.901675
  outer loop
    vertex 3.97435308501647 -1.022869146324364 0.3812159052862664
    vertex 4.061966158142157 -0.9319257986651236 0.3465069821754969
    vertex 4.146833858942022 -1.01892907089113 0.3952856290654959
  endloop
endfacet
facet normal -4.47354e-11 -0.307947 -0.951404
  outer loop
    vertex 0.6558276958189465 -0.8603869351747664 0.2784868608546797
    vertex 0.8593974129139674 -0.807347219099793 0.2613191617341177
    vertex 0.7690713811401352 -1.024696239540362 0.3316698887241141
  endloop
endfacet
facet normal 0.355525 -0.624394 -0.69551
  outer loop
    vertex 6.705297883227836 0 0.3589141127307176
    vertex 6.565386363802935 -0.1600086348808187 0.4310429821027135
    vertex 6.528329297654023 0 0.2684527483096305
  endloop
endfacet
facet normal 0.0637034 -0.395044 -0.916451
  outer loop
    vertex 3.808851514634608 -0.955404298461175 0.3382695999256574
    vertex 3.866806792275073 -0.8755827594317277 0.3078903800363694
    vertex 3.901183130162876 -0.9562223000917573 0.3450402718282513
  endloop
endfacet
facet normal 0.494238 -0.644914 -0.582936
  outer loop
    vertex 7.207950583841903 -0.08583891695332949 0.8124184916083558
    vertex 7.088888257128842 -0.09122109321527068 0.7174268083639556
    vertex 7.191182859599861 0 0.7032367615275728
  endloop
endfacet
facet normal 0.373983 -0.641144 -0.670128
  outer loop
    vertex 6.61778673629536 -0.2718918178921523 0.5673305726090795
    vertex 6.427387153009676 -0.2647114762387148 0.4542032102500176
    vertex 6.565386363802935 -0.1600086348808187 0.4310429821027135
  endloop
endfacet
facet normal -6.28954e-17 -0.307947 -0.951404
  outer loop
    vertex 3.484868106469986 -0.4969175768640986 0.1608404433248249
    vertex 3.382577137372977 -0.3250347586386123 0.1052060484664834
    vertex 3.550313265664269 -0.3503568480864057 0.1134022087198524
  endloop
endfacet
facet normal 0.237757 -0.564719 -0.790294
  outer loop
    vertex 5.40167832851867 -0.7555941875897763 0.4555939328504521
    vertex 5.483927332284691 -0.6149752407053146 0.3798564783902199
    vertex 5.558691322696706 -0.7152195068018581 0.4739803459853739
  endloop
endfacet
facet normal 0.0375629 -0.376832 -0.92552
  outer loop
    vertex 4.26693540727117 -0.5280740096807364 0.1859335249093326
    vertex 4.211402462555419 -0.6768986762123446 0.2442747334578984
    vertex 4.127992852193604 -0.5454338696125223 0.18736263867507
  endloop
endfacet
facet normal 0.0591567 -0.404833 -0.912475
  outer loop
    vertex 4.020378690223314 -0.7929840063172185 0.282167160070494
    vertex 4.146681596221546 -0.79069333984913 0.2893392179653447
    vertex 4.061966158142157 -0.9319257986651236 0.3465069821754969
  endloop
endfacet
facet normal 0.0257047 -0.355303 -0.934398
  outer loop
    vertex 3.549434120489585 -0.7703650116403449 0.2540005956512857
    vertex 3.682549044994715 -0.8264891297084931 0.2790036016749798
    vertex 3.614225571646635 -0.9188833711234177 0.3122568170716551
  endloop
endfacet
facet normal 0.0561522 -0.381835 -0.922523
  outer loop
    vertex 4.877121715498284 -0.1424956984799317 0.05659404641065448
    vertex 5.012945881524523 -0.2915758223026653 0.1265661443367563
    vertex 4.841856503065777 -0.3068163902858534 0.1224603809310002
  endloop
endfacet
facet normal 0.216817 -0.54902 -0.807197
  outer loop
    vertex 5.172996314062238 -0.9132940050279855 0.5025879975213747
    vertex 5.179377747511273 -0.8339550248621543 0.4503391973724023
    vertex 5.186341378911794 -0.9105830439205633 0.5043286704580605
  endloop
endfacet
facet normal 0.000778278 -0.31324 -0.949674
  outer loop
    vertex 4.087484871836386 -0.1588076421740792 0.05152096752157013
    vertex 4.025371186002474 -0.3203015466259637 0.1047371852642212
    vertex 3.879309770272207 -0.1672292405120799 0.05412814203630553
  endloop
endfacet
facet normal 0.00494389 -0.30965 -0.950838
  outer loop
    vertex 3.879309770272207 -0.1672292405120799 0.05412814203630553
    vertex 4.025371186002474 -0.3203015466259637 0.1047371852642212
    vertex 3.864886028609603 -0.332110490890315 0.1077484464102568
  endloop
endfacet
facet normal 5.60967e-17 -0.307947 -0.951404
  outer loop
    vertex 2.507558014169954 -0.2760760120346369 0.08935926244996711
    vertex 2.314365269633238 -0.3280480653543842 0.1061813844388935
    vertex 2.288042946402352 -0.1638047761083631 0.05301972406421489
  endloop
endfacet
facet normal 0.287521 -0.60125 -0.74554
  outer loop
    vertex 5.92690222306126 -0.4349852299580309 0.3842934065189909
    vertex 6.101524000183387 -0.4361175351404689 0.4525501601208541
    vertex 5.988786724761261 -0.5685337380389403 0.5158611912762758
  endloop
endfacet
facet normal 5.45289e-09 -0.307947 -0.951404
  outer loop
    vertex 2.162549216267549 -1.024696229780466 0.3316698380716033
    vertex 2.073243694936629 -0.8343029831954756 0.270044103755025
    vertex 2.292180179670973 -0.8392760702470303 0.27165377417786
  endloop
endfacet
facet normal 0.037622 -0.396291 -0.917354
  outer loop
    vertex 5.077569501495407 -0.1448773205258424 0.06584354147357414
    vertex 5.012945881524523 -0.2915758223026653 0.1265661443367563
    vertex 4.877121715498284 -0.1424956984799317 0.05659404641065448
  endloop
endfacet
facet normal 5.33675e-17 -0.307947 -0.951404
  outer loop
    vertex 2.288042946402352 -0.1638047761083631 0.05301972406421489
    vertex 2.48684972514878 -0.1246033812470644 0.0403311615701432
    vertex 2.507558014169954 -0.2760760120346369 0.08935926244996711
  endloop
endfacet
facet normal 1.9512e-16 -0.307947 -0.951404
  outer loop
    vertex 1.777621861971574 -0.6641145565332023 0.2149581432907994
    vertex 1.964965998895144 -0.6596576306426142 0.213515542003415
    vertex 1.876795276292659 -0.8409427043429598 0.2721932241376325
  endloop
endfacet
facet normal 0.22936 -0.560038 -0.796085
  outer loop
    vertex 5.1996787740958 -0.9078384243726346 0.5060753714362172
    vertex 5.25233777706915 -0.8215428334618969 0.4605388241087088
    vertex 5.330654672705913 -0.8790573099554018 0.5235635615162562
  endloop
endfacet
facet normal 3.99868e-05 -0.308162 -0.951334
  outer loop
    vertex 2.838799502230415 -0.7245726852207084 0.234527006767221
    vertex 3.051004822427873 -0.6888502849917593 0.2229645123879522
    vertex 3.040013766310151 -0.8613017054702246 0.2788255475822787
  endloop
endfacet
facet normal -3.25315e-09 -0.307947 -0.951404
  outer loop
    vertex 1.16720791319476 -1.024696239651125 0.3316698889478078
    vertex 1.286213988647739 -0.844775300699799 0.2734337447507476
    vertex 1.366276174216912 -1.024696239542594 0.3316698882320019
  endloop
endfacet
facet normal 0.445135 -0.637576 -0.62877
  outer loop
    vertex 6.874862637409297 -0.1865841946875511 0.6533743071840877
    vertex 6.828125200789943 -0.1051416888737544 0.5377035498748899
    vertex 7.036385716796551 0 0.5785265640706418
  endloop
endfacet
facet normal -5.16636e-17 -0.307947 -0.951404
  outer loop
    vertex 2.082090428025923 -0.1612461873230902 0.05219156950967843
    vertex 1.964053053318276 -0.3225367036320417 0.1043974872615404
    vertex 1.884608909948328 -0.1604526256105769 0.05193471238972765
  endloop
endfacet
facet normal 0.344029 -0.62885 -0.697275
  outer loop
    vertex 6.528329297654023 0 0.2684527483096305
    vertex 6.565386363802935 -0.1600086348808187 0.4310429821027135
    vertex 6.396924471236165 -0.1370429940976996 0.3272133842753918
  endloop
endfacet
facet normal -3.57046e-16 -0.307947 -0.951404
  outer loop
    vertex 2.838799502230415 -0.7245726852207084 0.234527006767221
    vertex 2.859633480245803 -0.8898843603420866 0.2880344783303845
    vertex 2.66021881934441 -0.8606756738516685 0.2785803187216584
  endloop
endfacet
facet normal 0.0268525 -0.376888 -0.925869
  outer loop
    vertex 4.666403533691974 -0.1628726140082912 0.05877741448343203
    vertex 4.877121715498284 -0.1424956984799317 0.05659404641065448
    vertex 4.841856503065777 -0.3068163902858534 0.1224603809310002
  endloop
endfacet
facet normal 0.000220279 -0.307922 -0.951412
  outer loop
    vertex 3.040013766310151 -0.8613017054702246 0.2788255475822787
    vertex 2.859633480245803 -0.8898843603420866 0.2880344783303845
    vertex 2.838799502230415 -0.7245726852207084 0.234527006767221
  endloop
endfacet
facet normal 0.0149933 -0.326137 -0.945203
  outer loop
    vertex 3.952840359783207 -0.4589070489258056 0.1514117644650602
    vertex 4.025371186002474 -0.3203015466259637 0.1047371852642212
    vertex 4.153219567050292 -0.4086139039999245 0.1372368964402133
  endloop
endfacet
facet normal 0.0705786 -0.401683 -0.913055
  outer loop
    vertex 4.020378690223314 -0.7929840063172185 0.282167160070494
    vertex 4.061966158142157 -0.9319257986651236 0.3465069821754969
    vertex 3.953260750684551 -0.8765167369321996 0.3137278186913891
  endloop
endfacet
facet normal -9.3293e-17 -0.307947 -0.951404
  outer loop
    vertex 0.2872747298839465 -0.8644711613637074 0.2798088280811434
    vertex 0.3061477343718627 -0.6828529942298528 0.2210233314963841
    vertex 0.4944546394831771 -0.7454571606541266 0.2412868165298692
  endloop
endfacet
facet normal 0.223465 -0.554404 -0.801685
  outer loop
    vertex 5.911589730028408 -0.147178346507314 0.1718630378607243
    vertex 5.972746889620969 -0.2579824575540664 0.2655366598241366
    vertex 5.815625879627615 -0.3226222654524477 0.2664416365928682
  endloop
endfacet
facet normal -1.21697e-16 -0.307947 -0.951404
  outer loop
    vertex 2.66021881934441 -0.8606756738516685 0.2785803187216584
    vertex 2.660912102287716 -0.7082638971374873 0.2292482385619392
    vertex 2.838799502230415 -0.7245726852207084 0.234527006767221
  endloop
endfacet
facet normal 0.184322 -0.542606 -0.819515
  outer loop
    vertex 5.738663480199991 -0.2016137946028893 0.1690111210733843
    vertex 5.911589730028408 -0.147178346507314 0.1718630378607243
    vertex 5.815625879627615 -0.3226222654524477 0.2664416365928682
  endloop
endfacet
facet normal 0.0423505 -0.360603 -0.931757
  outer loop
    vertex 4.841856503065777 -0.3068163902858534 0.1224603809310002
    vertex 4.669152161829829 -0.3311627097416887 0.1240329333231641
    vertex 4.666403533691974 -0.1628726140082912 0.05877741448343203
  endloop
endfacet
facet normal 8.10119e-17 -0.307947 -0.951404
  outer loop
    vertex 3.203335179823648 -0.3680420196524929 0.1191264796400235
    vertex 3.053683841050377 -0.1970709229032309 0.063787187416912
    vertex 3.277620715220853 -0.1806432197701693 0.05846992922813021
  endloop
endfacet
facet normal 0.450677 -0.635159 -0.627266
  outer loop
    vertex 6.734336315964588 -0.3624179049191434 0.7331728509229327
    vertex 6.754224657450161 -0.2341245488734852 0.6175544817513522
    vertex 6.893045927478183 -0.2755818308096477 0.7592735485024147
  endloop
endfacet
facet normal 3.39492e-09 -0.307947 -0.951404
  outer loop
    vertex 1.876795276292659 -0.8409427043429598 0.2721932241376325
    vertex 2.073243694936629 -0.8343029831954756 0.270044103755025
    vertex 1.963480957347381 -1.024696243901853 0.3316699098799876
  endloop
endfacet
facet normal 1.63724e-16 -0.307947 -0.951404
  outer loop
    vertex 2.557602600270964 -0.5932179383026965 0.1920105881280566
    vertex 2.502465922792409 -0.7618754188367669 0.2466010176120328
    vertex 2.353545295829759 -0.6232166003420155 0.2017204441005597
  endloop
endfacet
facet normal -5.96287e-17 -0.307947 -0.951404
  outer loop
    vertex 0.5018970658892729 -0.4338904704252864 0.140440062631767
    vertex 0.3163665713688485 -0.4956906966471393 0.160443331274075
    vertex 0.3178519856230282 -0.346011146008088 0.1119956079446389
  endloop
endfacet
facet normal 5.49379e-17 -0.307947 -0.951404
  outer loop
    vertex 3.203335179823648 -0.3680420196524929 0.1191264796400235
    vertex 3.382577137372977 -0.3250347586386123 0.1052060484664834
    vertex 3.30728116552244 -0.5107048833468327 0.165303067691893
  endloop
endfacet
facet normal -2.37065e-16 -0.307947 -0.951404
  outer loop
    vertex 1.584203438379352 -0.6683930668514619 0.2163429956856401
    vertex 1.387183775345013 -0.6719900234062244 0.2175072452791826
    vertex 1.489822522524054 -0.491227324222494 0.1589986433963908
  endloop
endfacet
facet normal -6.01349e-09 -0.307947 -0.951403
  outer loop
    vertex 3.779094084645183 0 -6.09803182962107e-08
    vertex 3.879309770272207 -0.1672292405120799 0.05412814203630553
    vertex 3.679690638571526 -0.1638047279955507 0.05301970849123772
  endloop
endfacet
facet normal 3.05884e-17 -0.307947 -0.951404
  outer loop
    vertex 1.489822522524054 -0.491227324222494 0.1589986433963908
    vertex 1.387183775345013 -0.6719900234062244 0.2175072452791826
    vertex 1.293788772357932 -0.49149102899963 0.1590839983832864
  endloop
endfacet
facet normal 0.468677 -0.634985 -0.614114
  outer loop
    vertex 6.893045927478183 -0.2755818308096477 0.7592735485024147
    vertex 6.874862637409297 -0.1865841946875511 0.6533743071840877
    vertex 6.984159162463915 -0.2230078070840645 0.7744481127107239
  endloop
endfacet
facet normal 5.91174e-17 -0.307947 -0.951404
  outer loop
    vertex 2.288042946402352 -0.1638047761083631 0.05301972406421489
    vertex 2.314365269633238 -0.3280480653543842 0.1061813844388935
    vertex 2.143774911431643 -0.3242254571676316 0.1049440967597287
  endloop
endfacet
facet normal 0.0626482 -0.391504 -0.918041
  outer loop
    vertex 3.707077969782677 -1.025565423973908 0.3617667210766831
    vertex 3.726929902319672 -0.9452324669545069 0.3288630325210046
    vertex 3.724996215635451 -1.02548267671575 0.3629541953022509
  endloop
endfacet
facet normal 0.0067211 -0.315372 -0.948944
  outer loop
    vertex 3.355932877236252 -0.8051981180238658 0.2626196580921136
    vertex 3.219276760617746 -0.8841777627162403 0.2878998572623297
    vertex 3.230910181592947 -0.6770068188849906 0.2191310630840727
  endloop
endfacet
facet normal 0.0448911 -0.388127 -0.920512
  outer loop
    vertex 3.614225571646635 -0.9188833711234177 0.3122568170716551
    vertex 3.726929902319672 -0.9452324669545069 0.3288630325210046
    vertex 3.707077969782677 -1.025565423973908 0.3617667210766831
  endloop
endfacet
facet normal 0.386173 -0.637987 -0.666216
  outer loop
    vertex 6.703986757677219 -0.1345546119439936 0.4870073618060254
    vertex 6.565386363802935 -0.1600086348808187 0.4310429821027135
    vertex 6.705297883227836 0 0.3589141127307176
  endloop
endfacet
facet normal 0.00346399 -0.310352 -0.950615
  outer loop
    vertex 4.176707511741668 0 -6.056049504713478e-07
    vertex 4.280673114390636 -0.1522920664323966 0.05009776441648241
    vertex 4.087484871836386 -0.1588076421740792 0.05152096752157013
  endloop
endfacet
facet normal 0.414889 -0.643773 -0.64298
  outer loop
    vertex 6.734336315964588 -0.3624179049191434 0.7331728509229327
    vertex 6.61778673629536 -0.2718918178921523 0.5673305726090795
    vertex 6.754224657450161 -0.2341245488734852 0.6175544817513522
  endloop
endfacet
facet normal 0.0738956 -0.411947 -0.908207
  outer loop
    vertex 4.061966158142157 -0.9319257986651236 0.3465069821754969
    vertex 4.146681596221546 -0.79069333984913 0.2893392179653447
    vertex 4.23365946674399 -0.8808594857243914 0.3373138952014735
  endloop
endfacet
facet normal 0.484015 -0.636227 -0.600786
  outer loop
    vertex 7.191182859599861 0 0.7032367615275728
    vertex 7.088888257128842 -0.09122109321527068 0.7174268083639556
    vertex 7.036385716796551 0 0.5785265640706418
  endloop
endfacet
facet normal 0.03919 -0.350018 -0.935923
  outer loop
    vertex 3.614225571646635 -0.9188833711234177 0.3122568170716551
    vertex 3.490530460926785 -0.8958456585477069 0.2984616296777706
    vertex 3.549434120489585 -0.7703650116403449 0.2540005956512857
  endloop
endfacet
facet normal 0.170567 -0.497277 -0.85066
  outer loop
    vertex 5.764994251609988 0 0.05643163732934355
    vertex 5.911589730028408 -0.147178346507314 0.1718630378607243
    vertex 5.738663480199991 -0.2016137946028893 0.1690111210733843
  endloop
endfacet
facet normal 0 -0.307947 -0.951404
  outer loop
    vertex 2.143774911431643 -0.3242254571676316 0.1049440967597287
    vertex 2.082090428025923 -0.1612461873230902 0.05219156950967843
    vertex 2.288042946402352 -0.1638047761083631 0.05301972406421489
  endloop
endfacet
facet normal 3.83736e-11 -0.307947 -0.951404
  outer loop
    vertex 1.366276174216912 -1.024696239542594 0.3316698882320019
    vertex 1.286213988647739 -0.844775300699799 0.2734337447507476
    vertex 1.483262157510508 -0.8474680380437538 0.2743053200145814
  endloop
endfacet
facet normal 2.40034e-16 -0.307947 -0.951404
  outer loop
    vertex 0.4944546394831771 -0.7454571606541266 0.2412868165298692
    vertex 0.4704689969797913 -0.908579690852388 0.2940857137613329
    vertex 0.2872747298839465 -0.8644711613637074 0.2798088280811434
  endloop
endfacet
facet normal 0.28544 -0.602226 -0.745552
  outer loop
    vertex 5.988786724761261 -0.5685337380389403 0.5158611912762758
    vertex 5.839251653757264 -0.5236035124964873 0.4223178096707334
    vertex 5.92690222306126 -0.4349852299580309 0.3842934065189909
  endloop
endfacet
facet normal 0.19407 -0.537496 -0.82063
  outer loop
    vertex 5.30908211343466 -0.6518388330608188 0.3616344003727024
    vertex 5.294784365427776 -0.730322489281758 0.4096583612883749
    vertex 5.206326720804639 -0.7550674585930227 0.4049465477513794
  endloop
endfacet
facet normal -3.6107e-12 -0.307947 -0.951404
  outer loop
    vertex 1.088040009901824 -0.843887562960143 0.2731464050826612
    vertex 1.286213988647739 -0.844775300699799 0.2734337447507476
    vertex 1.16720791319476 -1.024696239651125 0.3316698889478078
  endloop
endfacet
facet normal 0.063308 -0.404754 -0.912232
  outer loop
    vertex 3.858057254132849 -1.024468165551584 0.3723278109159395
    vertex 3.808851514634608 -0.955404298461175 0.3382695999256574
    vertex 3.901183130162876 -0.9562223000917573 0.3450402718282513
  endloop
endfacet
facet normal 1.08599e-16 -0.307947 -0.951404
  outer loop
    vertex 3.277620715220853 -0.1806432197701693 0.05846992922813021
    vertex 3.382577137372977 -0.3250347586386123 0.1052060484664834
    vertex 3.203335179823648 -0.3680420196524929 0.1191264796400235
  endloop
endfacet
facet normal -7.32819e-17 -0.307947 -0.951404
  outer loop
    vertex 0.9813298683683578 -0.6343939200861344 0.2053382776136597
    vertex 0.8593974129139674 -0.807347219099793 0.2613191617341177
    vertex 0.7830783709845345 -0.6154547970233523 0.1992081323110427
  endloop
endfacet
facet normal 0.0159443 -0.322737 -0.946354
  outer loop
    vertex 3.420261922087588 -0.6477657575067673 0.2100140062811656
    vertex 3.549434120489585 -0.7703650116403449 0.2540005956512857
    vertex 3.355932877236252 -0.8051981180238658 0.2626196580921136
  endloop
endfacet
facet normal 0.00834912 -0.316573 -0.948531
  outer loop
    vertex 4.375514275463184 0 0.0001049630456568421
    vertex 4.471083941555183 -0.1521515607624061 0.05172689601526544
    vertex 4.280673114390636 -0.1522920664323966 0.05009776441648241
  endloop
endfacet
facet normal -1.32518e-16 -0.307947 -0.951404
  outer loop
    vertex 1.876795276292659 -0.8409427043429598 0.2721932241376325
    vertex 1.964965998895144 -0.6596576306426142 0.213515542003415
    vertex 2.073243694936629 -0.8343029831954756 0.270044103755025
  endloop
endfacet
facet normal 1.79545e-16 -0.307947 -0.951404
  outer loop
    vertex 1.777621861971574 -0.6641145565332023 0.2149581432907994
    vertex 1.868792870461461 -0.4856138361401324 0.1571816903365626
    vertex 1.964965998895144 -0.6596576306426142 0.213515542003415
  endloop
endfacet
facet normal 0.0140154 -0.338893 -0.940721
  outer loop
    vertex 4.197262494254507 -0.2717808947508076 0.08987524321756649
    vertex 4.382475241729763 -0.2642426021128003 0.08991899340153468
    vertex 4.308871282430896 -0.3846079933762157 0.1321838360101444
  endloop
endfacet
facet normal 7.95191e-18 -0.307947 -0.951404
  outer loop
    vertex 2.143774911431643 -0.3242254571676316 0.1049440967597287
    vertex 1.964053053318276 -0.3225367036320417 0.1043974872615404
    vertex 2.082090428025923 -0.1612461873230902 0.05219156950967843
  endloop
endfacet
facet normal 0.158551 -0.521127 -0.838623
  outer loop
    vertex 4.902616460427343 -0.8326139747742616 0.3925389060128406
    vertex 5.065368742171055 -0.8083727867089016 0.4082454692145886
    vertex 5.004081617493624 -0.9444810018560812 0.4812371365070017
  endloop
endfacet
facet normal 4.58365e-17 -0.307947 -0.951404
  outer loop
    vertex 1.483262157510508 -0.8474680380437538 0.2743053200145814
    vertex 1.286213988647739 -0.844775300699799 0.2734337447507476
    vertex 1.387183775345013 -0.6719900234062244 0.2175072452791826
  endloop
endfacet
facet normal 1.32994e-17 -0.307947 -0.951404
  outer loop
    vertex 0.1454817921599404 -0.5895275090468017 0.1908160836363401
    vertex 0.3163665713688485 -0.4956906966471393 0.160443331274075
    vertex 0.3061477343718627 -0.6828529942298528 0.2210233314963841
  endloop
endfacet
facet normal -2.44074e-06 -0.308592 -0.951194
  outer loop
    vertex 4.176707511741668 0 -6.056049504713478e-07
    vertex 4.087484871836386 -0.1588076421740792 0.05152096752157013
    vertex 3.977900887012005 0 -9.547188492624951e-08
  endloop
endfacet
facet normal 0.0640712 -0.395311 -0.91631
  outer loop
    vertex 4.541399611646262 -0.6242114822757362 0.2434485492788663
    vertex 4.375323637718851 -0.6487294003713715 0.2424134432801973
    vertex 4.42650115884321 -0.5037302186434155 0.1834368932961708
  endloop
endfacet
facet normal -7.27663e-17 -0.307947 -0.951404
  outer loop
    vertex 3.550313265664269 -0.3503568480864057 0.1134022087198524
    vertex 3.382577137372977 -0.3250347586386123 0.1052060484664834
    vertex 3.479093233822137 -0.1705811829866715 0.05521308637861456
  endloop
endfacet
facet normal 0.141324 -0.496647 -0.85637
  outer loop
    vertex 5.738663480199991 -0.2016137946028893 0.1690111210733843
    vertex 5.619599446149289 -0.1159226485608089 0.09966633558594545
    vertex 5.764994251609988 0 0.05643163732934355
  endloop
endfacet
facet normal 1.51674e-16 -0.307947 -0.951404
  outer loop
    vertex 1.387183775345013 -0.6719900234062244 0.2175072452791826
    vertex 1.189885108144504 -0.6547746868877472 0.2119350488294378
    vertex 1.293788772357932 -0.49149102899963 0.1590839983832864
  endloop
endfacet
facet normal 0.0451095 -0.390001 -0.919709
  outer loop
    vertex 4.375323637718851 -0.6487294003713715 0.2424134432801973
    vertex 4.26693540727117 -0.5280740096807364 0.1859335249093326
    vertex 4.42650115884321 -0.5037302186434155 0.1834368932961708
  endloop
endfacet
facet normal 1.58347e-16 -0.307947 -0.951404
  outer loop
    vertex 1.387183775345013 -0.6719900234062244 0.2175072452791826
    vertex 1.286213988647739 -0.844775300699799 0.2734337447507476
    vertex 1.189885108144504 -0.6547746868877472 0.2119350488294378
  endloop
endfacet
facet normal -9.27864e-09 -0.307947 -0.951404
  outer loop
    vertex 3.679690638571526 -0.1638047279955507 0.05301970849123772
    vertex 3.479093233822137 -0.1705811829866715 0.05521308637861456
    vertex 3.580287134216675 0 4.825937131094405e-08
  endloop
endfacet
facet normal 0.235284 -0.582797 -0.77781
  outer loop
    vertex 5.815625879627615 -0.3226222654524477 0.2664416365928682
    vertex 5.972746889620969 -0.2579824575540664 0.2655366598241366
    vertex 5.92690222306126 -0.4349852299580309 0.3842934065189909
  endloop
endfacet
facet normal -6.78022e-17 -0.307947 -0.951404
  outer loop
    vertex 0.4259627957026078 -0.5903848082541447 0.1910935710728708
    vertex 0.3163665713688485 -0.4956906966471393 0.160443331274075
    vertex 0.5018970658892729 -0.4338904704252864 0.140440062631767
  endloop
endfacet
facet normal 6.38483e-17 -0.307947 -0.951404
  outer loop
    vertex 0.6558276958189465 -0.8603869351747664 0.2784868608546797
    vertex 0.4704689969797913 -0.908579690852388 0.2940857137613329
    vertex 0.4944546394831771 -0.7454571606541266 0.2412868165298692
  endloop
endfacet
facet normal 9.99082e-17 -0.307947 -0.951404
  outer loop
    vertex 2.836028606695604 -0.1588669762945522 0.05142147528397545
    vertex 2.731509884976698 -0.2969885313268918 0.0961281493451174
    vertex 2.661164331421096 -0.1429940427673531 0.04628378286928674
  endloop
endfacet
facet normal 0.0436311 -0.36385 -0.930435
  outer loop
    vertex 3.356808045388944 -1.025708494039449 0.342974340447815
    vertex 3.490530460926785 -0.8958456585477069 0.2984616296777706
    vertex 3.532002187039494 -1.025903757771965 0.3512661103884489
  endloop
endfacet
facet normal 0.000504473 -0.312178 -0.950024
  outer loop
    vertex 4.375514275463184 0 0.0001049630456568421
    vertex 4.280673114390636 -0.1522920664323966 0.05009776441648241
    vertex 4.176707511741668 0 -6.056049504713478e-07
  endloop
endfacet
facet normal 0.0254804 -0.339142 -0.94039
  outer loop
    vertex 4.127992852193604 -0.5454338696125223 0.18736263867507
    vertex 3.991185406775112 -0.588517324640604 0.1991933671831188
    vertex 3.952840359783207 -0.4589070489258056 0.1514117644650602
  endloop
endfacet
facet normal -4.51368e-16 -0.307947 -0.951404
  outer loop
    vertex 2.557602600270964 -0.5932179383026965 0.1920105881280566
    vertex 2.660912102287716 -0.7082638971374873 0.2292482385619392
    vertex 2.502465922792409 -0.7618754188367669 0.2466010176120328
  endloop
endfacet
facet normal 0.264997 -0.586999 -0.764989
  outer loop
    vertex 5.460885057409449 -0.8472819490611975 0.5414350607284973
    vertex 5.558691322696706 -0.7152195068018581 0.4739803459853739
    vertex 5.622549306816959 -0.8037421093028827 0.5640272180531769
  endloop
endfacet
facet normal 0.059019 -0.392412 -0.917894
  outer loop
    vertex 5.170648917866393 0 0.00989130336918081
    vertex 5.276431318959799 -0.1474424610560094 0.07972664047968642
    vertex 5.077569501495407 -0.1448773205258424 0.06584354147357414
  endloop
endfacet
facet normal 0.0676359 -0.431153 -0.89974
  outer loop
    vertex 5.567477535927206 0 0.03396104659515108
    vertex 5.452891892532188 -0.1479625758651224 0.0962506116046913
    vertex 5.369239086126815 0 0.01905892702208688
  endloop
endfacet
facet normal 0.229422 -0.569814 -0.789099
  outer loop
    vertex 5.558691322696706 -0.7152195068018581 0.4739803459853739
    vertex 5.483927332284691 -0.6149752407053146 0.3798564783902199
    vertex 5.65782625562998 -0.5917597691282449 0.41365157107629
  endloop
endfacet
facet normal 0.0566067 -0.392891 -0.917841
  outer loop
    vertex 3.742913158683432 -1.02538842170686 0.3641603323533071
    vertex 3.726929902319672 -0.9452324669545069 0.3288630325210046
    vertex 3.808851514634608 -0.955404298461175 0.3382695999256574
  endloop
endfacet
facet normal 3.47308e-17 -0.307947 -0.951404
  outer loop
    vertex 2.836028606695604 -0.1588669762945522 0.05142147528397545
    vertex 2.903352340280709 -0.2972285076447421 0.0962058239920761
    vertex 2.731509884976698 -0.2969885313268918 0.0961281493451174
  endloop
endfacet
facet normal 0.0832201 -0.423545 -0.902045
  outer loop
    vertex 5.452891892532188 -0.1479625758651224 0.0962506116046913
    vertex 5.276431318959799 -0.1474424610560094 0.07972664047968642
    vertex 5.369239086126815 0 0.01905892702208688
  endloop
endfacet
facet normal 0.0533454 -0.403994 -0.913205
  outer loop
    vertex 4.541399611646262 -0.6242114822757362 0.2434485492788663
    vertex 4.42650115884321 -0.5037302186434155 0.1834368932961708
    vertex 4.601545896285284 -0.4790399185352553 0.1827394638371074
  endloop
endfacet
facet normal 0.0161005 -0.327867 -0.944587
  outer loop
    vertex 4.666403533691974 -0.1628726140082912 0.05877741448343203
    vertex 4.471083941555183 -0.1521515607624061 0.05172689601526544
    vertex 4.574320161386979 0 0.0006745429756017563
  endloop
endfacet
facet normal 0.156281 -0.49572 -0.854305
  outer loop
    vertex 4.902616460427343 -0.8326139747742616 0.3925389060128406
    vertex 4.975382990646447 -0.6973101952293442 0.3273387641966311
    vertex 5.065368742171055 -0.8083727867089016 0.4082454692145886
  endloop
endfacet
facet normal 0.405897 -0.632221 -0.659958
  outer loop
    vertex 6.87460138425924 0 0.4630416876792018
    vertex 6.703986757677219 -0.1345546119439936 0.4870073618060254
    vertex 6.705297883227836 0 0.3589141127307176
  endloop
endfacet
facet normal -5.22774e-07 -0.307947 -0.951404
  outer loop
    vertex 3.779094084645183 0 -6.09803182962107e-08
    vertex 3.679690638571526 -0.1638047279955507 0.05301970849123772
    vertex 3.580287134216675 0 4.825937131094405e-08
  endloop
endfacet
facet normal -1.49982e-16 -0.307947 -0.951404
  outer loop
    vertex 1.964965998895144 -0.6596576306426142 0.213515542003415
    vertex 1.868792870461461 -0.4856138361401324 0.1571816903365626
    vertex 2.055342056416056 -0.4799511450735552 0.155348811436791
  endloop
endfacet
facet normal 0.121967 -0.487677 -0.864462
  outer loop
    vertex 5.371438206557256 -0.2632689239631526 0.1464128635621282
    vertex 5.558777482019773 -0.2372037344189595 0.1581401089352344
    vertex 5.475485879550706 -0.3749530578215279 0.2240983752698958
  endloop
endfacet
facet normal 0.0302754 -0.336792 -0.941092
  outer loop
    vertex 3.157849955416175 -1.025281758895503 0.3364210542163997
    vertex 3.219276760617746 -0.8841777627162403 0.2878998572623297
    vertex 3.356808045388944 -1.025708494039449 0.342974340447815
  endloop
endfacet
facet normal 1.98991e-13 -0.307947 -0.951404
  outer loop
    vertex 0.3993783223895581 0 -1.123073605033559e-12
    vertex 0.5151658689190065 -0.1575001965898575 0.05097908108448311
    vertex 0.3150445565990267 -0.1634989238720571 0.05292072694362644
  endloop
endfacet
facet normal 0.000555692 -0.308244 -0.951307
  outer loop
    vertex 4.087484871836386 -0.1588076421740792 0.05152096752157013
    vertex 3.879309770272207 -0.1672292405120799 0.05412814203630553
    vertex 3.977900887012005 0 -9.547188492624951e-08
  endloop
endfacet
facet normal 7.36966e-17 -0.307947 -0.951404
  outer loop
    vertex 0.4944546394831771 -0.7454571606541266 0.2412868165298692
    vertex 0.6753148250385294 -0.7181419294629298 0.2324455235290508
    vertex 0.6558276958189465 -0.8603869351747664 0.2784868608546797
  endloop
endfacet
facet normal 1.33903e-17 -0.307947 -0.951404
  outer loop
    vertex 3.879309770272207 -0.1672292405120799 0.05412814203630553
    vertex 3.778626253849805 -0.2426834719106905 0.07855088857200622
    vertex 3.679690638571526 -0.1638047279955507 0.05301970849123772
  endloop
endfacet
facet normal 5.20267e-09 -0.307947 -0.951404
  outer loop
    vertex 3.381480529186132 0 -1.921146481355785e-08
    vertex 3.479093233822137 -0.1705811829866715 0.05521308637861456
    vertex 3.277620715220853 -0.1806432197701693 0.05846992922813021
  endloop
endfacet
facet normal 0.0875813 -0.445341 -0.891067
  outer loop
    vertex 4.565533602289683 -0.8681596664228435 0.3646283181041957
    vertex 4.476957144310711 -0.7534116203279473 0.2985730715441663
    vertex 4.638189044837199 -0.7378627312953601 0.3066491534157658
  endloop
endfacet
facet normal 0.00271458 -0.319761 -0.947494
  outer loop
    vertex 4.574320161386979 0 0.0006745429756017563
    vertex 4.471083941555183 -0.1521515607624061 0.05172689601526544
    vertex 4.375514275463184 0 0.0001049630456568421
  endloop
endfacet
facet normal 5.67198e-11 -0.307947 -0.951404
  outer loop
    vertex 0.1718666033254634 -1.024696239436587 0.3316698887181582
    vertex 0.2872747298839465 -0.8644711613637074 0.2798088280811434
    vertex 0.3709348634927152 -1.024696239475845 0.3316698887427331
  endloop
endfacet
facet normal 0.086271 -0.427065 -0.900096
  outer loop
    vertex 4.638189044837199 -0.7378627312953601 0.3066491534157658
    vertex 4.476957144310711 -0.7534116203279473 0.2985730715441663
    vertex 4.541399611646262 -0.6242114822757362 0.2434485492788663
  endloop
endfacet
facet normal 0.218653 -0.565648 -0.795131
  outer loop
    vertex 5.743882000816806 -0.462512302541629 0.3453705580894972
    vertex 5.65782625562998 -0.5917597691282449 0.41365157107629
    vertex 5.567619253116097 -0.489084299735664 0.3158032425730247
  endloop
endfacet
facet normal 0.079014 -0.427756 -0.900434
  outer loop
    vertex 4.146833858942022 -1.01892907089113 0.3952856290654959
    vertex 4.061966158142157 -0.9319257986651236 0.3465069821754969
    vertex 4.23365946674399 -0.8808594857243914 0.3373138952014735
  endloop
endfacet
facet normal 0.296423 -0.607208 -0.737178
  outer loop
    vertex 6.396924471236165 -0.1370429940976996 0.3272133842753918
    vertex 6.217309929481686 -0.1372061540157552 0.2551238339116788
    vertex 6.344377521874826 0 0.1932027173200431
  endloop
endfacet
facet normal -2.79526e-12 -0.307947 -0.951404
  outer loop
    vertex 0.3993783223895581 0 -1.123073605033559e-12
    vertex 0.3150445565990267 -0.1634989238720571 0.05292072694362644
    vertex 0.2005715214333684 0 -5.38972526523046e-13
  endloop
endfacet
facet normal -4.29228e-11 -0.307947 -0.951404
  outer loop
    vertex 1.592219121784623 0 -1.932607202364729e-11
    vertex 1.494075049566889 -0.1633049555865609 0.05285794400640965
    vertex 1.393412325100459 0 -1.035684896743875e-11
  endloop
endfacet
facet normal 0.0742826 -0.410785 -0.908701
  outer loop
    vertex 4.708706262833235 -0.6022514126991246 0.2471979804853407
    vertex 4.541399611646262 -0.6242114822757362 0.2434485492788663
    vertex 4.601545896285284 -0.4790399185352553 0.1827394638371074
  endloop
endfacet
facet normal 0.260515 -0.596985 -0.758776
  outer loop
    vertex 5.65782625562998 -0.5917597691282449 0.41365157107629
    vertex 5.839251653757264 -0.5236035124964873 0.4223178096707334
    vertex 5.827181931966167 -0.6278463894783415 0.50018947310557
  endloop
endfacet
facet normal 3.22887e-07 -0.307947 -0.951404
  outer loop
    vertex 3.580287134216675 0 4.825937131094405e-08
    vertex 3.479093233822137 -0.1705811829866715 0.05521308637861456
    vertex 3.381480529186132 0 -1.921146481355785e-08
  endloop
endfacet
facet normal 0.00670023 -0.332628 -0.943034
  outer loop
    vertex 4.773121720647288 0 0.0020870217967416
    vertex 4.666403533691974 -0.1628726140082912 0.05877741448343203
    vertex 4.574320161386979 0 0.0006745429756017563
  endloop
endfacet
facet normal 0.18862 -0.547863 -0.815026
  outer loop
    vertex 6.154766288455647 0 0.1336279231899828
    vertex 6.056287688536313 -0.1398209215031969 0.2048252469257442
    vertex 5.96111901911592 0 0.08881245406769062
  endloop
endfacet
facet normal 0 -0.307947 -0.951404
  outer loop
    vertex 1.189885108144504 -0.6547746868877472 0.2119350488294378
    vertex 1.095032178700418 -0.4783938930684128 0.1548447658675918
    vertex 1.293788772357932 -0.49149102899963 0.1590839983832864
  endloop
endfacet
facet normal 0.0936046 -0.434902 -0.8956
  outer loop
    vertex 4.146833858942022 -1.01892907089113 0.3952856290654959
    vertex 4.23365946674399 -0.8808594857243914 0.3373138952014735
    vertex 4.319169968734232 -1.012537481260828 0.4101937825934759
  endloop
endfacet
facet normal 0.0237371 -0.373403 -0.927366
  outer loop
    vertex 5.170648917866393 0 0.00989130336918081
    vertex 5.077569501495407 -0.1448773205258424 0.06584354147357414
    vertex 4.971909410536975 0 0.004804314614633438
  endloop
endfacet
facet normal -1.78479e-16 -0.307947 -0.951404
  outer loop
    vertex 0.5859260520337405 -0.6032145538215649 0.1952462556646113
    vertex 0.4259627957026078 -0.5903848082541447 0.1910935710728708
    vertex 0.5018970658892729 -0.4338904704252864 0.140440062631767
  endloop
endfacet
facet normal -5.46684e-14 -0.307947 -0.951404
  outer loop
    vertex 1.494075049566889 -0.1633049555865609 0.05285794400640965
    vertex 1.295150086294264 -0.1631250049512451 0.05279969825035606
    vertex 1.393412325100459 0 -1.035684896743875e-11
  endloop
endfacet
facet normal 0.301458 -0.605031 -0.736926
  outer loop
    vertex 6.528329297654023 0 0.2684527483096305
    vertex 6.396924471236165 -0.1370429940976996 0.3272133842753918
    vertex 6.344377521874826 0 0.1932027173200431
  endloop
endfacet
facet normal 0.0844055 -0.440002 -0.894021
  outer loop
    vertex 4.23365946674399 -0.8808594857243914 0.3373138952014735
    vertex 4.400106191000963 -0.877969382208155 0.3516059203540535
    vertex 4.319169968734232 -1.012537481260828 0.4101937825934759
  endloop
endfacet
facet normal -1.12495e-07 -0.307947 -0.951404
  outer loop
    vertex 3.381480529186132 0 -1.921146481355785e-08
    vertex 3.277620715220853 -0.1806432197701693 0.05846992922813021
    vertex 3.182673568075753 0 4.295739897356847e-09
  endloop
endfacet
facet normal 1.52912e-16 -0.307947 -0.951404
  outer loop
    vertex 0.5859260520337405 -0.6032145538215649 0.1952462556646113
    vertex 0.5018970658892729 -0.4338904704252864 0.140440062631767
    vertex 0.7015135092051159 -0.4507907507711123 0.1459102828648498
  endloop
endfacet
facet normal 0.0784997 -0.416532 -0.905726
  outer loop
    vertex 3.973750618699206 -1.022879440171891 0.3811684232348613
    vertex 3.974446710157624 -0.9577940209151907 0.3512967897345558
    vertex 3.97435308501647 -1.022869146324364 0.3812159052862664
  endloop
endfacet
facet normal 0.415218 -0.639202 -0.647314
  outer loop
    vertex 6.754224657450161 -0.2341245488734852 0.6175544817513522
    vertex 6.61778673629536 -0.2718918178921523 0.5673305726090795
    vertex 6.703986757677219 -0.1345546119439936 0.4870073618060254
  endloop
endfacet
facet normal 1.21295e-16 -0.307947 -0.951404
  outer loop
    vertex 0.7830783709845345 -0.6154547970233523 0.1992081323110427
    vertex 0.5859260520337405 -0.6032145538215649 0.1952462556646113
    vertex 0.7015135092051159 -0.4507907507711123 0.1459102828648498
  endloop
endfacet
facet normal 1.20689e-12 -0.307947 -0.951404
  outer loop
    vertex 1.68936805714741 -0.1612250042624862 0.05218471305497216
    vertex 1.494075049566889 -0.1633049555865609 0.05285794400640965
    vertex 1.592219121784623 0 -1.932607202364729e-11
  endloop
endfacet
facet normal 4.32532e-12 -0.307947 -0.951404
  outer loop
    vertex 0.598185123147702 0 -2.192480257840778e-13
    vertex 0.5151658689190065 -0.1575001965898575 0.05097908108448311
    vertex 0.3993783223895581 0 -1.123073605033559e-12
  endloop
endfacet
facet normal -1.49482e-15 -0.307947 -0.951404
  outer loop
    vertex 0.7063470216270848 -0.1577120808774535 0.05104766300699343
    vertex 0.5151658689190065 -0.1575001965898575 0.05097908108448311
    vertex 0.598185123147702 0 -2.192480257840778e-13
  endloop
endfacet
facet normal 0.400342 -0.629885 -0.665561
  outer loop
    vertex 6.409089204602198 -0.5207659796764731 0.6807848154512468
    vertex 6.444581737331781 -0.388479254050217 0.5769382088056831
    vertex 6.573014413315905 -0.4442705742921514 0.7069924620288339
  endloop
endfacet
facet normal 0.0552064 -0.382204 -0.922428
  outer loop
    vertex 4.375323637718851 -0.6487294003713715 0.2424134432801973
    vertex 4.211402462555419 -0.6768986762123446 0.2442747334578984
    vertex 4.26693540727117 -0.5280740096807364 0.1859335249093326
  endloop
endfacet
facet normal -1.6086e-16 -0.307947 -0.951404
  outer loop
    vertex 0.7830783709845345 -0.6154547970233523 0.1992081323110427
    vertex 0.7015135092051159 -0.4507907507711123 0.1459102828648498
    vertex 0.8951255022399617 -0.4642889870158747 0.1502793420464785
  endloop
endfacet
facet normal 6.62755e-09 -0.307947 -0.951404
  outer loop
    vertex 2.983866768812726 0 4.669940755710247e-10
    vertex 2.836028606695604 -0.1588669762945522 0.05142147528397545
    vertex 2.785059972300695 0 -9.179087668180594e-10
  endloop
endfacet
facet normal -5.13952e-10 -0.307947 -0.951404
  outer loop
    vertex 2.785059972300695 0 -9.179087668180594e-10
    vertex 2.836028606695604 -0.1588669762945522 0.05142147528397545
    vertex 2.661164331421096 -0.1429940427673531 0.04628378286928674
  endloop
endfacet
facet normal -1.65062e-07 -0.307947 -0.951403
  outer loop
    vertex 3.977900887012005 0 -9.547188492624951e-08
    vertex 3.879309770272207 -0.1672292405120799 0.05412814203630553
    vertex 3.779094084645183 0 -6.09803182962107e-08
  endloop
endfacet
facet normal 0.0422084 -0.402782 -0.914322
  outer loop
    vertex 5.369239086126815 0 0.01905892702208688
    vertex 5.276431318959799 -0.1474424610560094 0.07972664047968642
    vertex 5.170648917866393 0 0.00989130336918081
  endloop
endfacet
facet normal 0.124244 -0.467077 -0.875444
  outer loop
    vertex 4.491275118392055 -1.002876979602501 0.4259653084621318
    vertex 4.565533602289683 -0.8681596664228435 0.3646283181041957
    vertex 4.66297423045482 -0.9889405449498712 0.4428975524493289
  endloop
endfacet
facet normal -1.55198e-16 -0.307947 -0.951404
  outer loop
    vertex 0.5859260520337405 -0.6032145538215649 0.1952462556646113
    vertex 0.4944546394831771 -0.7454571606541266 0.2412868165298692
    vertex 0.4259627957026078 -0.5903848082541447 0.1910935710728708
  endloop
endfacet
facet normal -1.06549e-16 -0.307947 -0.951404
  outer loop
    vertex 1.189885108144504 -0.6547746868877472 0.2119350488294378
    vertex 0.9813298683683578 -0.6343939200861344 0.2053382776136597
    vertex 1.095032178700418 -0.4783938930684128 0.1548447658675918
  endloop
endfacet
facet normal 0.0169276 -0.320491 -0.9471
  outer loop
    vertex 2.958818070733024 -1.024862901486608 0.3327220093658067
    vertex 3.040013766310151 -0.8613017054702246 0.2788255475822787
    vertex 3.157849955416175 -1.025281758895503 0.3364210542163997
  endloop
endfacet
facet normal -5.78583e-17 -0.307947 -0.951404
  outer loop
    vertex 0.9813298683683578 -0.6343939200861344 0.2053382776136597
    vertex 0.7830783709845345 -0.6154547970233523 0.1992081323110427
    vertex 0.8951255022399617 -0.4642889870158747 0.1502793420464785
  endloop
endfacet
facet normal 0.0684715 -0.416675 -0.906473
  outer loop
    vertex 3.901183130162876 -0.9562223000917573 0.3450402718282513
    vertex 3.974446710157624 -0.9577940209151907 0.3512967897345558
    vertex 3.973148150990945 -1.022889711965184 0.3811209541862631
  endloop
endfacet
facet normal -5.73039e-11 -0.307947 -0.951404
  outer loop
    vertex 1.393412325100459 0 -1.035684896743875e-11
    vertex 1.295150086294264 -0.1631250049512451 0.05279969825035606
    vertex 1.194605526304555 0 1.61746456341795e-12
  endloop
endfacet
facet normal -5.03343e-17 -0.307947 -0.951404
  outer loop
    vertex 0.9813298683683578 -0.6343939200861344 0.2053382776136597
    vertex 0.8951255022399617 -0.4642889870158747 0.1502793420464785
    vertex 1.095032178700418 -0.4783938930684128 0.1548447658675918
  endloop
endfacet
facet normal 0.252043 -0.570356 -0.781773
  outer loop
    vertex 5.815625879627615 -0.3226222654524477 0.2664416365928682
    vertex 5.92690222306126 -0.4349852299580309 0.3842934065189909
    vertex 5.743882000816806 -0.462512302541629 0.3453705580894972
  endloop
endfacet
facet normal 0.169571 -0.507243 -0.844956
  outer loop
    vertex 5.223731946732716 -0.5360947882632705 0.2750223656299466
    vertex 5.30908211343466 -0.6518388330608188 0.3616344003727024
    vertex 5.143960545877686 -0.6735290781224157 0.3415178346935136
  endloop
endfacet
facet normal 0.0631967 -0.41892 -0.905821
  outer loop
    vertex 4.708706262833235 -0.6022514126991246 0.2471979804853407
    vertex 4.601545896285284 -0.4790399185352553 0.1827394638371074
    vertex 4.775756289968397 -0.4584763210955439 0.1853834993954177
  endloop
endfacet
facet normal -8.34762e-10 -0.307947 -0.951404
  outer loop
    vertex 1.764412664379085 -1.024696238353909 0.3316698818804797
    vertex 1.679942226579828 -0.8457564165045477 0.2737513086855647
    vertex 1.876795276292659 -0.8409427043429598 0.2721932241376325
  endloop
endfacet
facet normal 8.89474e-11 -0.307947 -0.951404
  outer loop
    vertex 1.483262157510508 -0.8474680380437538 0.2743053200145814
    vertex 1.679942226579828 -0.8457564165045477 0.2737513086855647
    vertex 1.565344437873404 -1.024696240090098 0.3316698908486421
  endloop
endfacet
facet normal -1.10172e-05 -0.307938 -0.951407
  outer loop
    vertex 2.560685737507393 -1.024696114919571 0.3316692549258879
    vertex 2.66021881934441 -0.8606756738516685 0.2785803187216584
    vertex 2.759754013976402 -1.024695629729498 0.3316667926865002
  endloop
endfacet
facet normal 1.25235e-07 -0.307947 -0.951404
  outer loop
    vertex 1.764412664379085 -1.024696238353909 0.3316698818804797
    vertex 1.876795276292659 -0.8409427043429598 0.2721932241376325
    vertex 1.963480957347381 -1.024696243901853 0.3316699098799876
  endloop
endfacet
facet normal 4.67528e-07 -0.307947 -0.951404
  outer loop
    vertex 2.162549216267549 -1.024696229780466 0.3316698380716033
    vertex 2.292180179670973 -0.8392760702470303 0.27165377417786
    vertex 2.361617475301975 -1.024696250401544 0.3316699425699621
  endloop
endfacet
facet normal 1.16587e-08 -0.307947 -0.951404
  outer loop
    vertex 1.366276174216912 -1.024696239542594 0.3316698882320019
    vertex 1.483262157510508 -0.8474680380437538 0.2743053200145814
    vertex 1.565344437873404 -1.024696240090098 0.3316698908486421
  endloop
endfacet
facet normal 1.3954e-09 -0.307947 -0.951404
  outer loop
    vertex 0.9681396457159221 -1.024696239554313 0.3316698886245041
    vertex 1.088040009901824 -0.843887562960143 0.2731464050826612
    vertex 1.16720791319476 -1.024696239651125 0.3316698889478078
  endloop
endfacet
facet normal -3.43944e-10 -0.307947 -0.951404
  outer loop
    vertex 0.5700031303986555 -1.024696239519242 0.3316698887892437
    vertex 0.6558276958189465 -0.8603869351747664 0.2784868608546797
    vertex 0.7690713811401352 -1.024696239540362 0.3316698887241141
  endloop
endfacet
facet normal -4.01756e-08 -0.307947 -0.951404
  outer loop
    vertex 1.565344437873404 -1.024696240090098 0.3316698908486421
    vertex 1.679942226579828 -0.8457564165045477 0.2737513086855647
    vertex 1.764412664379085 -1.024696238353909 0.3316698818804797
  endloop
endfacet
facet normal 1.55897e-16 -0.307947 -0.951404
  outer loop
    vertex 1.489822522524054 -0.491227324222494 0.1589986433963908
    vertex 1.393401075500494 -0.3260997537087664 0.1055507621316818
    vertex 1.586042565824674 -0.3266234309257385 0.1057202640363407
  endloop
endfacet
facet normal -3.42689e-10 -0.307947 -0.951404
  outer loop
    vertex 2.188639566467058 0 -4.329358980223296e-11
    vertex 2.082090428025923 -0.1612461873230902 0.05219156950967843
    vertex 1.989832729926071 0 2.83152206232504e-11
  endloop
endfacet
facet normal 1.69066e-10 -0.307947 -0.951404
  outer loop
    vertex 1.989832729926071 0 2.83152206232504e-11
    vertex 1.884608909948328 -0.1604526256105769 0.05193471238972765
    vertex 1.791025928074223 0 -7.013158063868899e-12
  endloop
endfacet
facet normal 3.0597e-17 -0.307947 -0.951404
  outer loop
    vertex 1.489822522524054 -0.491227324222494 0.1589986433963908
    vertex 1.293788772357932 -0.49149102899963 0.1590839983832864
    vertex 1.393401075500494 -0.3260997537087664 0.1055507621316818
  endloop
endfacet
facet normal -3.14762e-12 -0.307947 -0.951404
  outer loop
    vertex 2.288042946402352 -0.1638047761083631 0.05301972406421489
    vertex 2.082090428025923 -0.1612461873230902 0.05219156950967843
    vertex 2.188639566467058 0 -4.329358980223296e-11
  endloop
endfacet
facet normal -6.20145e-09 -0.307947 -0.951404
  outer loop
    vertex 2.785059972300695 0 -9.179087668180594e-10
    vertex 2.661164331421096 -0.1429940427673531 0.04628378286928674
    vertex 2.58625312414552 0 3.779568796982134e-10
  endloop
endfacet
facet normal 5.89243e-11 -0.307947 -0.951404
  outer loop
    vertex 1.791025928074223 0 -7.013158063868899e-12
    vertex 1.68936805714741 -0.1612250042624862 0.05218471305497216
    vertex 1.592219121784623 0 -1.932607202364729e-11
  endloop
endfacet
facet normal -1.83743e-11 -0.307947 -0.951404
  outer loop
    vertex 2.387446326313736 0 -4.713311878631036e-11
    vertex 2.288042946402352 -0.1638047761083631 0.05301972406421489
    vertex 2.188639566467058 0 -4.329358980223296e-11
  endloop
endfacet
facet normal 1.51619e-11 -0.307947 -0.951404
  outer loop
    vertex 0.7969919245642658 0 2.949007995636433e-12
    vertex 0.7063470216270848 -0.1577120808774535 0.05104766300699343
    vertex 0.598185123147702 0 -2.192480257840778e-13
  endloop
endfacet
facet normal -1.67632e-11 -0.307947 -0.951404
  outer loop
    vertex 1.194605526304555 0 1.61746456341795e-12
    vertex 1.098888488096207 -0.1598968742880399 0.05175482885721243
    vertex 0.9957987250512929 0 5.120336379097769e-12
  endloop
endfacet
facet normal 1.0391e-11 -0.307947 -0.951404
  outer loop
    vertex 0.9957987250512929 0 5.120336379097769e-12
    vertex 0.9021565368075033 -0.1581368866761226 0.05118516257667273
    vertex 0.7969919245642658 0 2.949007995636433e-12
  endloop
endfacet
facet normal 6.72846e-13 -0.307947 -0.951404
  outer loop
    vertex 1.989832729926071 0 2.83152206232504e-11
    vertex 2.082090428025923 -0.1612461873230902 0.05219156950967843
    vertex 1.884608909948328 -0.1604526256105769 0.05193471238972765
  endloop
endfacet
facet normal 4.82018e-17 -0.307947 -0.951404
  outer loop
    vertex 1.68179853664436 -0.4892096310970078 0.1583455639483973
    vertex 1.777621861971574 -0.6641145565332023 0.2149581432907994
    vertex 1.584203438379352 -0.6683930668514619 0.2163429956856401
  endloop
endfacet
facet normal 1.64153e-13 -0.307947 -0.951404
  outer loop
    vertex 1.791025928074223 0 -7.013158063868899e-12
    vertex 1.884608909948328 -0.1604526256105769 0.05193471238972765
    vertex 1.68936805714741 -0.1612250042624862 0.05218471305497216
  endloop
endfacet
facet normal 2.5044e-17 -0.307947 -0.951404
  outer loop
    vertex 1.68179853664436 -0.4892096310970078 0.1583455639483973
    vertex 1.489822522524054 -0.491227324222494 0.1589986433963908
    vertex 1.586042565824674 -0.3266234309257385 0.1057202640363407
  endloop
endfacet
facet normal -1.09226e-16 -0.307947 -0.951404
  outer loop
    vertex 1.777764381991192 -0.3236259507040227 0.104750050724989
    vertex 1.586042565824674 -0.3266234309257385 0.1057202640363407
    vertex 1.68936805714741 -0.1612250042624862 0.05218471305497216
  endloop
endfacet
facet normal 3.85383e-14 -0.307947 -0.951404
  outer loop
    vertex 0.7969919245642658 0 2.949007995636433e-12
    vertex 0.9021565368075033 -0.1581368866761226 0.05118516257667273
    vertex 0.7063470216270848 -0.1577120808774535 0.05104766300699343
  endloop
endfacet
facet normal 2.74134e-13 -0.307947 -0.951404
  outer loop
    vertex 1.098888488096207 -0.1598968742880399 0.05175482885721243
    vertex 0.9021565368075033 -0.1581368866761226 0.05118516257667273
    vertex 0.9957987250512929 0 5.120336379097769e-12
  endloop
endfacet
facet normal -1.08206e-16 -0.307947 -0.951404
  outer loop
    vertex 1.777764381991192 -0.3236259507040227 0.104750050724989
    vertex 1.68179853664436 -0.4892096310970078 0.1583455639483973
    vertex 1.586042565824674 -0.3266234309257385 0.1057202640363407
  endloop
endfacet
facet normal 2.33736e-17 -0.307947 -0.951404
  outer loop
    vertex 1.68179853664436 -0.4892096310970078 0.1583455639483973
    vertex 1.584203438379352 -0.6683930668514619 0.2163429956856401
    vertex 1.489822522524054 -0.491227324222494 0.1589986433963908
  endloop
endfacet
facet normal 4.58532e-17 -0.307947 -0.951404
  outer loop
    vertex 1.884608909948328 -0.1604526256105769 0.05193471238972765
    vertex 1.777764381991192 -0.3236259507040227 0.104750050724989
    vertex 1.68936805714741 -0.1612250042624862 0.05218471305497216
  endloop
endfacet
facet normal -4.54434e-17 -0.307947 -0.951404
  outer loop
    vertex 2.055342056416056 -0.4799511450735552 0.155348811436791
    vertex 2.143774911431643 -0.3242254571676316 0.1049440967597287
    vertex 2.236460641870456 -0.4690256429717599 0.1518124853267576
  endloop
endfacet
facet normal 0.00349367 -0.318205 -0.948016
  outer loop
    vertex 3.420261922087588 -0.6477657575067673 0.2100140062811656
    vertex 3.355932877236252 -0.8051981180238658 0.2626196580921136
    vertex 3.230910181592947 -0.6770068188849906 0.2191310630840727
  endloop
endfacet
facet normal 0.0867503 -0.427362 -0.899909
  outer loop
    vertex 4.879996124849184 -0.580280954600073 0.2532764884737572
    vertex 4.708706262833235 -0.6022514126991246 0.2471979804853407
    vertex 4.775756289968397 -0.4584763210955439 0.1853834993954177
  endloop
endfacet
facet normal -5.34043e-17 -0.307947 -0.951404
  outer loop
    vertex 2.153546362524815 -0.6446574430459905 0.2086603367634999
    vertex 2.055342056416056 -0.4799511450735552 0.155348811436791
    vertex 2.236460641870456 -0.4690256429717599 0.1518124853267576
  endloop
endfacet
facet normal 0.112643 -0.474769 -0.872872
  outer loop
    vertex 4.565533602289683 -0.8681596664228435 0.3646283181041957
    vertex 4.733317247269993 -0.8528617902356116 0.3779598784121234
    vertex 4.66297423045482 -0.9889405449498712 0.4428975524493289
  endloop
endfacet
facet normal 1.05167e-16 -0.307947 -0.951404
  outer loop
    vertex 2.353545295829759 -0.6232166003420155 0.2017204441005597
    vertex 2.153546362524815 -0.6446574430459905 0.2086603367634999
    vertex 2.236460641870456 -0.4690256429717599 0.1518124853267576
  endloop
endfacet
facet normal -5.12531e-17 -0.307947 -0.951404
  outer loop
    vertex 2.353545295829759 -0.6232166003420155 0.2017204441005597
    vertex 2.236460641870456 -0.4690256429717599 0.1518124853267576
    vertex 2.43072410168237 -0.4498280171937207 0.145598668821393
  endloop
endfacet
facet normal -1.28417e-17 -0.307947 -0.951404
  outer loop
    vertex 2.43072410168237 -0.4498280171937207 0.145598668821393
    vertex 2.507558014169954 -0.2760760120346369 0.08935926244996711
    vertex 2.6255648403295 -0.4273919510433741 0.1383366459143752
  endloop
endfacet
facet normal 1.56811e-13 -0.307947 -0.951404
  outer loop
    vertex 1.194605526304555 0 1.61746456341795e-12
    vertex 1.295150086294264 -0.1631250049512451 0.05279969825035606
    vertex 1.098888488096207 -0.1598968742880399 0.05175482885721243
  endloop
endfacet
facet normal 1.74696e-16 -0.307947 -0.951404
  outer loop
    vertex 2.557602600270964 -0.5932179383026965 0.1920105881280566
    vertex 2.353545295829759 -0.6232166003420155 0.2017204441005597
    vertex 2.43072410168237 -0.4498280171937207 0.145598668821393
  endloop
endfacet
facet normal 0.106512 -0.450074 -0.886616
  outer loop
    vertex 4.319169968734232 -1.012537481260828 0.4101937825934759
    vertex 4.400106191000963 -0.877969382208155 0.3516059203540535
    vertex 4.491275118392055 -1.002876979602501 0.4259653084621318
  endloop
endfacet
facet normal 5.36115e-17 -0.307947 -0.951404
  outer loop
    vertex 2.557602600270964 -0.5932179383026965 0.1920105881280566
    vertex 2.43072410168237 -0.4498280171937207 0.145598668821393
    vertex 2.6255648403295 -0.4273919510433741 0.1383366459143752
  endloop
endfacet
facet normal 0.174653 -0.509597 -0.842501
  outer loop
    vertex 4.834014545578528 -0.969745826792678 0.4612633745379198
    vertex 4.902616460427343 -0.8326139747742616 0.3925389060128406
    vertex 5.004081617493624 -0.9444810018560812 0.4812371365070017
  endloop
endfacet
facet normal 0.0247567 -0.357067 -0.933751
  outer loop
    vertex 4.26693540727117 -0.5280740096807364 0.1859335249093326
    vertex 4.153219567050292 -0.4086139039999245 0.1372368964402133
    vertex 4.308871282430896 -0.3846079933762157 0.1321838360101444
  endloop
endfacet
facet normal 0.218076 -0.548029 -0.807531
  outer loop
    vertex 5.653510831583283 -0.349964891604104 0.2445855697881506
    vertex 5.743882000816806 -0.462512302541629 0.3453705580894972
    vertex 5.567619253116097 -0.489084299735664 0.3158032425730247
  endloop
endfacet
facet normal 0.0966863 -0.456086 -0.884668
  outer loop
    vertex 4.491275118392055 -1.002876979602501 0.4259653084621318
    vertex 4.400106191000963 -0.877969382208155 0.3516059203540535
    vertex 4.565533602289683 -0.8681596664228435 0.3646283181041957
  endloop
endfacet
facet normal -2.47626e-16 -0.307947 -0.951404
  outer loop
    vertex 2.741958482464212 -0.5724454609316956 0.1852870294840031
    vertex 2.557602600270964 -0.5932179383026965 0.1920105881280566
    vertex 2.6255648403295 -0.4273919510433741 0.1383366459143752
  endloop
endfacet
facet normal -5.09357e-17 -0.307947 -0.951404
  outer loop
    vertex 1.393401075500494 -0.3260997537087664 0.1055507621316818
    vertex 1.295150086294264 -0.1631250049512451 0.05279969825035606
    vertex 1.494075049566889 -0.1633049555865609 0.05285794400640965
  endloop
endfacet
facet normal -4.96849e-17 -0.307947 -0.951404
  outer loop
    vertex 0.4944546394831771 -0.7454571606541266 0.2412868165298692
    vertex 0.3061477343718627 -0.6828529942298528 0.2210233314963841
    vertex 0.4259627957026078 -0.5903848082541447 0.1910935710728708
  endloop
endfacet
facet normal 0.142798 -0.504581 -0.851473
  outer loop
    vertex 4.975382990646447 -0.6973101952293442 0.3273387641966311
    vertex 5.143960545877686 -0.6735290781224157 0.3415178346935136
    vertex 5.065368742171055 -0.8083727867089016 0.4082454692145886
  endloop
endfacet
facet normal 0 -0.307947 -0.951404
  outer loop
    vertex 1.586042565824674 -0.3266234309257385 0.1057202640363407
    vertex 1.494075049566889 -0.1633049555865609 0.05285794400640965
    vertex 1.68936805714741 -0.1612250042624862 0.05218471305497216
  endloop
endfacet
facet normal 0.185102 -0.520394 -0.833623
  outer loop
    vertex 5.475485879550706 -0.3749530578215279 0.2240983752698958
    vertex 5.567619253116097 -0.489084299735664 0.3158032425730247
    vertex 5.394019500310019 -0.5134378822785893 0.2924590469788531
  endloop
endfacet
facet normal 0.440017 -0.64882 -0.62082
  outer loop
    vertex 6.754224657450161 -0.2341245488734852 0.6175544817513522
    vertex 6.874862637409297 -0.1865841946875511 0.6533743071840877
    vertex 6.893045927478183 -0.2755818308096477 0.7592735485024147
  endloop
endfacet
facet normal 8.19051e-17 -0.307947 -0.951404
  outer loop
    vertex 1.295150086294264 -0.1631250049512451 0.05279969825035606
    vertex 1.19983998788995 -0.3251896903759446 0.1052561961981754
    vertex 1.098888488096207 -0.1598968742880399 0.05175482885721243
  endloop
endfacet
facet normal 6.79014e-17 -0.307947 -0.951404
  outer loop
    vertex 2.929492288809691 -0.5533036764543683 0.1790912874843122
    vertex 2.838799502230415 -0.7245726852207084 0.234527006767221
    vertex 2.741958482464212 -0.5724454609316956 0.1852870294840031
  endloop
endfacet
facet normal -2.78837e-17 -0.307947 -0.951404
  outer loop
    vertex 2.741958482464212 -0.5724454609316956 0.1852870294840031
    vertex 2.6255648403295 -0.4273919510433741 0.1383366459143752
    vertex 2.818385138696891 -0.4134263327314177 0.1338163062339483
  endloop
endfacet
facet normal -1.02817e-16 -0.307947 -0.951404
  outer loop
    vertex 1.293788772357932 -0.49149102899963 0.1590839983832864
    vertex 1.19983998788995 -0.3251896903759446 0.1052561961981754
    vertex 1.393401075500494 -0.3260997537087664 0.1055507621316818
  endloop
endfacet
facet normal -9.27355e-09 -0.307947 -0.951404
  outer loop
    vertex -0.00789145360220085 -0.3415653938530469 0.1105566243514343
    vertex 0.1593750401681283 -0.4257754576792109 0.1378134253212048
    vertex -0.01271954207224518 -0.512348090553122 0.1658349372268217
  endloop
endfacet
facet normal 0.154927 -0.516121 -0.842388
  outer loop
    vertex 5.223731946732716 -0.5360947882632705 0.2750223656299466
    vertex 5.394019500310019 -0.5134378822785893 0.2924590469788531
    vertex 5.30908211343466 -0.6518388330608188 0.3616344003727024
  endloop
endfacet
facet normal -1.84861e-08 -0.307947 -0.951404
  outer loop
    vertex -0.01271954207224518 -0.512348090553122 0.1658349372268217
    vertex 0.1454817921599404 -0.5895275090468017 0.1908160836363401
    vertex -0.01754763054154919 -0.6831307871026835 0.2211132505672875
  endloop
endfacet
facet normal 0.0392024 -0.384129 -0.922447
  outer loop
    vertex 4.489364825460457 -0.3603680749947142 0.1285541025035776
    vertex 4.669152161829829 -0.3311627097416887 0.1240329333231641
    vertex 4.601545896285284 -0.4790399185352553 0.1827394638371074
  endloop
endfacet
facet normal 9.45725e-17 -0.307947 -0.951404
  outer loop
    vertex 2.929492288809691 -0.5533036764543683 0.1790912874843122
    vertex 2.741958482464212 -0.5724454609316956 0.1852870294840031
    vertex 2.818385138696891 -0.4134263327314177 0.1338163062339483
  endloop
endfacet
facet normal -1.75584e-16 -0.307947 -0.951404
  outer loop
    vertex 3.121391827379216 -0.5312471581743097 0.1719521152281113
    vertex 2.929492288809691 -0.5533036764543683 0.1790912874843122
    vertex 3.013785769866425 -0.390546113855008 0.1264105216153511
  endloop
endfacet
facet normal 0.147092 -0.486902 -0.860982
  outer loop
    vertex 4.66297423045482 -0.9889405449498712 0.4428975524493289
    vertex 4.733317247269993 -0.8528617902356116 0.3779598784121234
    vertex 4.834014545578528 -0.969745826792678 0.4612633745379198
  endloop
endfacet
facet normal 7.68355e-17 -0.307947 -0.951404
  outer loop
    vertex 0.3061477343718627 -0.6828529942298528 0.2210233314963841
    vertex 0.3163665713688485 -0.4956906966471393 0.160443331274075
    vertex 0.4259627957026078 -0.5903848082541447 0.1910935710728708
  endloop
endfacet
facet normal 0.244623 -0.577916 -0.778571
  outer loop
    vertex 6.344377521874826 0 0.1932027173200431
    vertex 6.217309929481686 -0.1372061540157552 0.2551238339116788
    vertex 6.154766288455647 0 0.1336279231899828
  endloop
endfacet
facet normal 0.0150111 -0.335981 -0.941749
  outer loop
    vertex 3.74088621680538 -0.5971343452908263 0.1963287651564245
    vertex 3.697869473740218 -0.7233565532384494 0.2406744773902634
    vertex 3.590180460375701 -0.6207864796536752 0.2023647788274667
  endloop
endfacet
facet normal 0.0404824 -0.360904 -0.931724
  outer loop
    vertex 4.26693540727117 -0.5280740096807364 0.1859335249093326
    vertex 4.308871282430896 -0.3846079933762157 0.1321838360101444
    vertex 4.42650115884321 -0.5037302186434155 0.1834368932961708
  endloop
endfacet
facet normal 0.0493317 -0.375881 -0.925354
  outer loop
    vertex 4.42650115884321 -0.5037302186434155 0.1834368932961708
    vertex 4.489364825460457 -0.3603680749947142 0.1285541025035776
    vertex 4.601545896285284 -0.4790399185352553 0.1827394638371074
  endloop
endfacet
facet normal 1.10491e-16 -0.307947 -0.951404
  outer loop
    vertex 2.929492288809691 -0.5533036764543683 0.1790912874843122
    vertex 2.818385138696891 -0.4134263327314177 0.1338163062339483
    vertex 3.013785769866425 -0.390546113855008 0.1264105216153511
  endloop
endfacet
facet normal -1.72999e-17 -0.307947 -0.951404
  outer loop
    vertex 3.013785769866425 -0.390546113855008 0.1264105216153511
    vertex 3.053683841050377 -0.1970709229032309 0.063787187416912
    vertex 3.203335179823648 -0.3680420196524929 0.1191264796400235
  endloop
endfacet
facet normal -1.0391e-16 -0.307947 -0.951404
  outer loop
    vertex 1.393401075500494 -0.3260997537087664 0.1055507621316818
    vertex 1.19983998788995 -0.3251896903759446 0.1052561961981754
    vertex 1.295150086294264 -0.1631250049512451 0.05279969825035606
  endloop
endfacet
facet normal 1.41504e-16 -0.307947 -0.951404
  outer loop
    vertex 1.393401075500494 -0.3260997537087664 0.1055507621316818
    vertex 1.494075049566889 -0.1633049555865609 0.05285794400640965
    vertex 1.586042565824674 -0.3266234309257385 0.1057202640363407
  endloop
endfacet
facet normal 0.0207504 -0.332976 -0.942707
  outer loop
    vertex 4.153219567050292 -0.4086139039999245 0.1372368964402133
    vertex 4.197262494254507 -0.2717808947508076 0.08987524321756649
    vertex 4.308871282430896 -0.3846079933762157 0.1321838360101444
  endloop
endfacet
facet normal 0.202603 -0.557965 -0.804753
  outer loop
    vertex 5.653510831583283 -0.349964891604104 0.2445855697881506
    vertex 5.815625879627615 -0.3226222654524477 0.2664416365928682
    vertex 5.743882000816806 -0.462512302541629 0.3453705580894972
  endloop
endfacet
facet normal 0.0269617 -0.339515 -0.940214
  outer loop
    vertex 3.832069720616495 -0.7004907998636493 0.2362659245828888
    vertex 3.697869473740218 -0.7233565532384494 0.2406744773902634
    vertex 3.74088621680538 -0.5971343452908263 0.1963287651564245
  endloop
endfacet
facet normal 0.0578553 -0.419004 -0.906139
  outer loop
    vertex 5.276431318959799 -0.1474424610560094 0.07972664047968642
    vertex 5.188565214881663 -0.2787997967638064 0.1348570089270412
    vertex 5.077569501495407 -0.1448773205258424 0.06584354147357414
  endloop
endfacet
facet normal 0.311069 -0.605166 -0.73281
  outer loop
    vertex 6.224687149987397 -0.3772428074714465 0.4562116470416978
    vertex 6.101524000183387 -0.4361175351404689 0.4525501601208541
    vertex 6.139391737349143 -0.279083536764217 0.3389432563461827
  endloop
endfacet
facet normal -1.33061e-08 -0.307947 -0.951404
  outer loop
    vertex 0.1593750401681283 -0.4257754576792109 0.1378134253212048
    vertex 0.1454817921599404 -0.5895275090468017 0.1908160836363401
    vertex -0.01271954207224518 -0.512348090553122 0.1658349372268217
  endloop
endfacet
facet normal 0.303582 -0.60302 -0.737703
  outer loop
    vertex 5.783009320156316 -0.7560421580914154 0.5868024256222152
    vertex 5.827181931966167 -0.6278463894783415 0.50018947310557
    vertex 5.9421058034915 -0.7040703730785205 0.6097910501425281
  endloop
endfacet
facet normal 0.229473 -0.55823 -0.797322
  outer loop
    vertex 5.65782625562998 -0.5917597691282449 0.41365157107629
    vertex 5.483927332284691 -0.6149752407053146 0.3798564783902199
    vertex 5.567619253116097 -0.489084299735664 0.3158032425730247
  endloop
endfacet
facet normal -6.74117e-17 -0.307947 -0.951404
  outer loop
    vertex 3.053683841050377 -0.1970709229032309 0.063787187416912
    vertex 2.903352340280709 -0.2972285076447421 0.0962058239920761
    vertex 2.836028606695604 -0.1588669762945522 0.05142147528397545
  endloop
endfacet
facet normal 0.0233638 -0.342253 -0.939317
  outer loop
    vertex 4.773121720647288 0 0.0020870217967416
    vertex 4.877121715498284 -0.1424956984799317 0.05659404641065448
    vertex 4.666403533691974 -0.1628726140082912 0.05877741448343203
  endloop
endfacet
facet normal -5.67323e-17 -0.307947 -0.951404
  outer loop
    vertex 3.121391827379216 -0.5312471581743097 0.1719521152281113
    vertex 3.013785769866425 -0.390546113855008 0.1264105216153511
    vertex 3.203335179823648 -0.3680420196524929 0.1191264796400235
  endloop
endfacet
facet normal 0.170012 -0.530193 -0.830657
  outer loop
    vertex 5.475485879550706 -0.3749530578215279 0.2240983752698958
    vertex 5.653510831583283 -0.349964891604104 0.2445855697881506
    vertex 5.567619253116097 -0.489084299735664 0.3158032425730247
  endloop
endfacet
facet normal 0.0134206 -0.324248 -0.945877
  outer loop
    vertex 4.280673114390636 -0.1522920664323966 0.05009776441648241
    vertex 4.382475241729763 -0.2642426021128003 0.08991899340153468
    vertex 4.197262494254507 -0.2717808947508076 0.08987524321756649
  endloop
endfacet
facet normal 0.350045 -0.620594 -0.701664
  outer loop
    vertex 6.099629479583786 -0.6476345843177975 0.6330789242608053
    vertex 6.15508508257125 -0.5150948511827758 0.5435183802499809
    vertex 6.255355579927061 -0.5865621737472743 0.6567512590018112
  endloop
endfacet
facet normal -9.51323e-17 -0.307947 -0.951404
  outer loop
    vertex 2.507558014169954 -0.2760760120346369 0.08935926244996711
    vertex 2.48684972514878 -0.1246033812470644 0.0403311615701432
    vertex 2.661164331421096 -0.1429940427673531 0.04628378286928674
  endloop
endfacet
facet normal 3.61626e-16 -0.307947 -0.951404
  outer loop
    vertex 2.502465922792409 -0.7618754188367669 0.2466010176120328
    vertex 2.4774861021557 -0.9121412012400034 0.2952384902705983
    vertex 2.292180179670973 -0.8392760702470303 0.27165377417786
  endloop
endfacet
facet normal 0.153204 -0.491856 -0.857092
  outer loop
    vertex 5.223731946732716 -0.5360947882632705 0.2750223656299466
    vertex 5.295509517404108 -0.3984165103671809 0.2088435648851277
    vertex 5.394019500310019 -0.5134378822785893 0.2924590469788531
  endloop
endfacet
facet normal 3.56555e-17 -0.307947 -0.951404
  outer loop
    vertex 1.095032178700418 -0.4783938930684128 0.1548447658675918
    vertex 1.19983998788995 -0.3251896903759446 0.1052561961981754
    vertex 1.293788772357932 -0.49149102899963 0.1590839983832864
  endloop
endfacet
facet normal 0.0386191 -0.363924 -0.930628
  outer loop
    vertex 5.077569501495407 -0.1448773205258424 0.06584354147357414
    vertex 4.877121715498284 -0.1424956984799317 0.05659404641065448
    vertex 4.971909410536975 0 0.004804314614633438
  endloop
endfacet
facet normal -2.7756e-17 -0.307947 -0.951404
  outer loop
    vertex 0.3150445565990267 -0.1634989238720571 0.05292072694362644
    vertex 0.3178519856230282 -0.346011146008088 0.1119956079446389
    vertex 0.1536396116886209 -0.2605818473496267 0.0843441685331616
  endloop
endfacet
facet normal 0.0201819 -0.331154 -0.943361
  outer loop
    vertex 3.697869473740218 -0.7233565532384494 0.2406744773902634
    vertex 3.549434120489585 -0.7703650116403449 0.2540005956512857
    vertex 3.590180460375701 -0.6207864796536752 0.2023647788274667
  endloop
endfacet
facet normal 1.58391e-16 -0.307947 -0.951404
  outer loop
    vertex 3.121391827379216 -0.5312471581743097 0.1719521152281113
    vertex 3.203335179823648 -0.3680420196524929 0.1191264796400235
    vertex 3.30728116552244 -0.5107048833468327 0.165303067691893
  endloop
endfacet
facet normal 0.0770383 -0.433643 -0.897785
  outer loop
    vertex 4.708706262833235 -0.6022514126991246 0.2471979804853407
    vertex 4.638189044837199 -0.7378627312953601 0.3066491534157658
    vertex 4.541399611646262 -0.6242114822757362 0.2434485492788663
  endloop
endfacet
facet normal 0.0753184 -0.435533 -0.897016
  outer loop
    vertex 4.879996124849184 -0.580280954600073 0.2532764884737572
    vertex 4.775756289968397 -0.4584763210955439 0.1853834993954177
    vertex 4.949132058106888 -0.4382210077826788 0.1901064167397252
  endloop
endfacet
facet normal -7.49823e-17 -0.307947 -0.951404
  outer loop
    vertex 2.661164331421096 -0.1429940427673531 0.04628378286928674
    vertex 2.731509884976698 -0.2969885313268918 0.0961281493451174
    vertex 2.507558014169954 -0.2760760120346369 0.08935926244996711
  endloop
endfacet
facet normal 0.13785 -0.502436 -0.853555
  outer loop
    vertex 5.295509517404108 -0.3984165103671809 0.2088435648851277
    vertex 5.475485879550706 -0.3749530578215279 0.2240983752698958
    vertex 5.394019500310019 -0.5134378822785893 0.2924590469788531
  endloop
endfacet
facet normal -3.16574e-16 -0.307947 -0.951404
  outer loop
    vertex 2.502465922792409 -0.7618754188367669 0.2466010176120328
    vertex 2.660912102287716 -0.7082638971374873 0.2292482385619392
    vertex 2.66021881934441 -0.8606756738516685 0.2785803187216584
  endloop
endfacet
facet normal -4.55235e-18 -0.307947 -0.951404
  outer loop
    vertex 1.098888488096207 -0.1598968742880399 0.05175482885721243
    vertex 1.002373055565396 -0.3174014298255066 0.1027353208297352
    vertex 0.9021565368075033 -0.1581368866761226 0.05118516257667273
  endloop
endfacet
facet normal 0.20077 -0.533726 -0.821479
  outer loop
    vertex 5.653510831583283 -0.349964891604104 0.2445855697881506
    vertex 5.738663480199991 -0.2016137946028893 0.1690111210733843
    vertex 5.815625879627615 -0.3226222654524477 0.2664416365928682
  endloop
endfacet
facet normal 0.111144 -0.477017 -0.871838
  outer loop
    vertex 5.223731946732716 -0.5360947882632705 0.2750223656299466
    vertex 5.120457902706916 -0.4189527989061639 0.197763788354815
    vertex 5.295509517404108 -0.3984165103671809 0.2088435648851277
  endloop
endfacet
facet normal 0.283993 -0.597153 -0.750171
  outer loop
    vertex 5.622549306816959 -0.8037421093028827 0.5640272180531769
    vertex 5.702705808334601 -0.6772847795494181 0.4937092420575372
    vertex 5.783009320156316 -0.7560421580914154 0.5868024256222152
  endloop
endfacet
facet normal 0.10579 -0.468764 -0.876966
  outer loop
    vertex 4.975382990646447 -0.6973101952293442 0.3273387641966311
    vertex 4.879996124849184 -0.580280954600073 0.2532764884737572
    vertex 5.052518641346083 -0.5582076059999642 0.2622893843061266
  endloop
endfacet
facet normal 0.127502 -0.490972 -0.861794
  outer loop
    vertex 5.052518641346083 -0.5582076059999642 0.2622893843061266
    vertex 5.223731946732716 -0.5360947882632705 0.2750223656299466
    vertex 5.143960545877686 -0.6735290781224157 0.3415178346935136
  endloop
endfacet
facet normal 0.0892291 -0.4498 -0.888661
  outer loop
    vertex 4.879996124849184 -0.580280954600073 0.2532764884737572
    vertex 4.806216534015522 -0.7191882346774578 0.3161770121844759
    vertex 4.708706262833235 -0.6022514126991246 0.2471979804853407
  endloop
endfacet
facet normal 0.0602001 -0.391967 -0.918008
  outer loop
    vertex 4.601545896285284 -0.4790399185352553 0.1827394638371074
    vertex 4.669152161829829 -0.3311627097416887 0.1240329333231641
    vertex 4.775756289968397 -0.4584763210955439 0.1853834993954177
  endloop
endfacet
facet normal 0.46183 -0.64345 -0.61048
  outer loop
    vertex 6.874862637409297 -0.1865841946875511 0.6533743071840877
    vertex 7.005227002758978 -0.151185423129444 0.7146847847865876
    vertex 6.984159162463915 -0.2230078070840645 0.7744481127107239
  endloop
endfacet
facet normal 0.125395 -0.466815 -0.87542
  outer loop
    vertex 5.052518641346083 -0.5582076059999642 0.2622893843061266
    vertex 5.120457902706916 -0.4189527989061639 0.197763788354815
    vertex 5.223731946732716 -0.5360947882632705 0.2750223656299466
  endloop
endfacet
facet normal 3.93985e-17 -0.307947 -0.951404
  outer loop
    vertex 0.3178519856230282 -0.346011146008088 0.1119956079446389
    vertex 0.4612687404350201 -0.3006861007163036 0.09732496492884135
    vertex 0.5018970658892729 -0.4338904704252864 0.140440062631767
  endloop
endfacet
facet normal 0.00966805 -0.32865 -0.944402
  outer loop
    vertex 3.590180460375701 -0.6207864796536752 0.2023647788274667
    vertex 3.549434120489585 -0.7703650116403449 0.2540005956512857
    vertex 3.420261922087588 -0.6477657575067673 0.2100140062811656
  endloop
endfacet
facet normal 0.252557 -0.574376 -0.778658
  outer loop
    vertex 6.154766288455647 0 0.1336279231899828
    vertex 6.217309929481686 -0.1372061540157552 0.2551238339116788
    vertex 6.056287688536313 -0.1398209215031969 0.2048252469257442
  endloop
endfacet
facet normal 0.374315 -0.624055 -0.685889
  outer loop
    vertex 6.255355579927061 -0.5865621737472743 0.6567512590018112
    vertex 6.283136050523474 -0.4623064447158574 0.5588583564167265
    vertex 6.409089204602198 -0.5207659796764731 0.6807848154512468
  endloop
endfacet
facet normal 0.0670967 -0.400121 -0.914003
  outer loop
    vertex 4.211402462555419 -0.6768986762123446 0.2442747334578984
    vertex 4.30964631301103 -0.7751101996941174 0.294480611964578
    vertex 4.146681596221546 -0.79069333984913 0.2893392179653447
  endloop
endfacet
facet normal 0.0725657 -0.40903 -0.909631
  outer loop
    vertex 4.775756289968397 -0.4584763210955439 0.1853834993954177
    vertex 4.841856503065777 -0.3068163902858534 0.1224603809310002
    vertex 4.949132058106888 -0.4382210077826788 0.1901064167397252
  endloop
endfacet
facet normal 0.133246 -0.496519 -0.857738
  outer loop
    vertex 4.834014545578528 -0.969745826792678 0.4612633745379198
    vertex 4.733317247269993 -0.8528617902356116 0.3779598784121234
    vertex 4.902616460427343 -0.8326139747742616 0.3925389060128406
  endloop
endfacet
facet normal 0.117638 -0.460816 -0.879665
  outer loop
    vertex 4.975382990646447 -0.6973101952293442 0.3273387641966311
    vertex 4.806216534015522 -0.7191882346774578 0.3161770121844759
    vertex 4.879996124849184 -0.580280954600073 0.2532764884737572
  endloop
endfacet
facet normal 0.012199 -0.31953 -0.947498
  outer loop
    vertex 3.74088621680538 -0.5971343452908263 0.1963287651564245
    vertex 3.590180460375701 -0.6207864796536752 0.2023647788274667
    vertex 3.647405194248979 -0.4810684701306429 0.1559836432151223
  endloop
endfacet
facet normal 0.239719 -0.57652 -0.781127
  outer loop
    vertex 5.460885057409449 -0.8472819490611975 0.5414350607284973
    vertex 5.40167832851867 -0.7555941875897763 0.4555939328504521
    vertex 5.558691322696706 -0.7152195068018581 0.4739803459853739
  endloop
endfacet
facet normal -6.19601e-17 -0.307947 -0.951404
  outer loop
    vertex 0.1536396116886209 -0.2605818473496267 0.0843441685331616
    vertex 0.3178519856230282 -0.346011146008088 0.1119956079446389
    vertex 0.1593750401681283 -0.4257754576792109 0.1378134253212048
  endloop
endfacet
facet normal 0.22222 -0.538023 -0.813111
  outer loop
    vertex 5.40167832851867 -0.7555941875897763 0.4555939328504521
    vertex 5.294784365427776 -0.730322489281758 0.4096583612883749
    vertex 5.30908211343466 -0.6518388330608188 0.3616344003727024
  endloop
endfacet
facet normal 0.350096 -0.617277 -0.704558
  outer loop
    vertex 6.565386363802935 -0.1600086348808187 0.4310429821027135
    vertex 6.427387153009676 -0.2647114762387148 0.4542032102500176
    vertex 6.396924471236165 -0.1370429940976996 0.3272133842753918
  endloop
endfacet
facet normal 0.41572 -0.638907 -0.647282
  outer loop
    vertex 6.703986757677219 -0.1345546119439936 0.4870073618060254
    vertex 6.828125200789943 -0.1051416888737544 0.5377035498748899
    vertex 6.754224657450161 -0.2341245488734852 0.6175544817513522
  endloop
endfacet
facet normal 0.103482 -0.445745 -0.889158
  outer loop
    vertex 4.879996124849184 -0.580280954600073 0.2532764884737572
    vertex 4.949132058106888 -0.4382210077826788 0.1901064167397252
    vertex 5.052518641346083 -0.5582076059999642 0.2622893843061266
  endloop
endfacet
facet normal -5.90948e-09 -0.307947 -0.951404
  outer loop
    vertex -0.00789145360220085 -0.3415653938530469 0.1105566243514343
    vertex 0.1536396116886209 -0.2605818473496267 0.0843441685331616
    vertex 0.1593750401681283 -0.4257754576792109 0.1378134253212048
  endloop
endfacet
facet normal -7.28181e-18 -0.307947 -0.951404
  outer loop
    vertex 0.5151658689190065 -0.1575001965898575 0.05097908108448311
    vertex 0.4612687404350201 -0.3006861007163036 0.09732496492884135
    vertex 0.3150445565990267 -0.1634989238720571 0.05292072694362644
  endloop
endfacet
facet normal -4.84131e-17 -0.307947 -0.951404
  outer loop
    vertex 1.002373055565396 -0.3174014298255066 0.1027353208297352
    vertex 0.8042634784877263 -0.3108412975867367 0.1006119614907239
    vertex 0.9021565368075033 -0.1581368866761226 0.05118516257667273
  endloop
endfacet
facet normal -3.91854e-09 -0.307947 -0.951404
  outer loop
    vertex -0.003063365131662966 -0.1707826970024516 0.05527831194112351
    vertex 0.1536396116886209 -0.2605818473496267 0.0843441685331616
    vertex -0.00789145360220085 -0.3415653938530469 0.1105566243514343
  endloop
endfacet
facet normal 0.366002 -0.63341 -0.681788
  outer loop
    vertex 6.409089204602198 -0.5207659796764731 0.6807848154512468
    vertex 6.283136050523474 -0.4623064447158574 0.5588583564167265
    vertex 6.444581737331781 -0.388479254050217 0.5769382088056831
  endloop
endfacet
facet normal 3.18324e-16 -0.307947 -0.951404
  outer loop
    vertex 0.8593974129139674 -0.807347219099793 0.2613191617341177
    vertex 0.6753148250385294 -0.7181419294629298 0.2324455235290508
    vertex 0.7830783709845345 -0.6154547970233523 0.1992081323110427
  endloop
endfacet
facet normal 7.49646e-17 -0.307947 -0.951404
  outer loop
    vertex 3.230910181592947 -0.6770068188849906 0.2191310630840727
    vertex 3.051004822427873 -0.6888502849917593 0.2229645123879522
    vertex 3.121391827379216 -0.5312471581743097 0.1719521152281113
  endloop
endfacet
facet normal 0.0197445 -0.342137 -0.939443
  outer loop
    vertex 3.549434120489585 -0.7703650116403449 0.2540005956512857
    vertex 3.490530460926785 -0.8958456585477069 0.2984616296777706
    vertex 3.355932877236252 -0.8051981180238658 0.2626196580921136
  endloop
endfacet
facet normal 0.249362 -0.590435 -0.767597
  outer loop
    vertex 6.217309929481686 -0.1372061540157552 0.2551238339116788
    vertex 6.139391737349143 -0.279083536764217 0.3389432563461827
    vertex 6.056287688536313 -0.1398209215031969 0.2048252469257442
  endloop
endfacet
facet normal 0.0121656 -0.331711 -0.943302
  outer loop
    vertex 3.80124440564158 -0.4683037487484393 0.1527609927581569
    vertex 3.952840359783207 -0.4589070489258056 0.1514117644650602
    vertex 3.872346740832159 -0.5898245242168381 0.1964106577221078
  endloop
endfacet
facet normal 0.0340146 -0.349327 -0.936383
  outer loop
    vertex 4.26693540727117 -0.5280740096807364 0.1859335249093326
    vertex 4.127992852193604 -0.5454338696125223 0.18736263867507
    vertex 4.153219567050292 -0.4086139039999245 0.1372368964402133
  endloop
endfacet
facet normal 4.9855e-17 -0.307947 -0.951404
  outer loop
    vertex 2.929492288809691 -0.5533036764543683 0.1790912874843122
    vertex 3.051004822427873 -0.6888502849917593 0.2229645123879522
    vertex 2.838799502230415 -0.7245726852207084 0.234527006767221
  endloop
endfacet
facet normal 0.386778 -0.634271 -0.669405
  outer loop
    vertex 6.61778673629536 -0.2718918178921523 0.5673305726090795
    vertex 6.565386363802935 -0.1600086348808187 0.4310429821027135
    vertex 6.703986757677219 -0.1345546119439936 0.4870073618060254
  endloop
endfacet
facet normal 0.290751 -0.593996 -0.750088
  outer loop
    vertex 5.827181931966167 -0.6278463894783415 0.50018947310557
    vertex 5.839251653757264 -0.5236035124964873 0.4223178096707334
    vertex 5.988786724761261 -0.5685337380389403 0.5158611912762758
  endloop
endfacet
facet normal 0.277957 -0.601691 -0.748804
  outer loop
    vertex 5.783009320156316 -0.7560421580914154 0.5868024256222152
    vertex 5.702705808334601 -0.6772847795494181 0.4937092420575372
    vertex 5.827181931966167 -0.6278463894783415 0.50018947310557
  endloop
endfacet
facet normal 1.68727e-16 -0.307947 -0.951404
  outer loop
    vertex 3.230910181592947 -0.6770068188849906 0.2191310630840727
    vertex 3.121391827379216 -0.5312471581743097 0.1719521152281113
    vertex 3.30728116552244 -0.5107048833468327 0.165303067691893
  endloop
endfacet
facet normal 0.0907465 -0.454795 -0.885961
  outer loop
    vertex 4.949132058106888 -0.4382210077826788 0.1901064167397252
    vertex 5.120457902706916 -0.4189527989061639 0.197763788354815
    vertex 5.052518641346083 -0.5582076059999642 0.2622893843061266
  endloop
endfacet
facet normal 0.0481425 -0.400606 -0.914985
  outer loop
    vertex 4.775756289968397 -0.4584763210955439 0.1853834993954177
    vertex 4.669152161829829 -0.3311627097416887 0.1240329333231641
    vertex 4.841856503065777 -0.3068163902858534 0.1224603809310002
  endloop
endfacet
facet normal 0.254424 -0.578733 -0.774814
  outer loop
    vertex 5.743882000816806 -0.462512302541629 0.3453705580894972
    vertex 5.839251653757264 -0.5236035124964873 0.4223178096707334
    vertex 5.65782625562998 -0.5917597691282449 0.41365157107629
  endloop
endfacet
facet normal 0.269916 -0.578725 -0.76956
  outer loop
    vertex 5.827181931966167 -0.6278463894783415 0.50018947310557
    vertex 5.702705808334601 -0.6772847795494181 0.4937092420575372
    vertex 5.65782625562998 -0.5917597691282449 0.41365157107629
  endloop
endfacet
facet normal 0.170311 -0.520572 -0.83666
  outer loop
    vertex 5.30908211343466 -0.6518388330608188 0.3616344003727024
    vertex 5.206326720804639 -0.7550674585930227 0.4049465477513794
    vertex 5.143960545877686 -0.6735290781224157 0.3415178346935136
  endloop
endfacet
facet normal 0.198075 -0.532783 -0.822745
  outer loop
    vertex 5.394019500310019 -0.5134378822785893 0.2924590469788531
    vertex 5.483927332284691 -0.6149752407053146 0.3798564783902199
    vertex 5.30908211343466 -0.6518388330608188 0.3616344003727024
  endloop
endfacet
facet normal 0 -0.307947 -0.951404
  outer loop
    vertex 0.3150445565990267 -0.1634989238720571 0.05292072694362644
    vertex 0.4612687404350201 -0.3006861007163036 0.09732496492884135
    vertex 0.3178519856230282 -0.346011146008088 0.1119956079446389
  endloop
endfacet
facet normal 0.00119754 -0.313501 -0.949587
  outer loop
    vertex 2.958818070733024 -1.024862901486608 0.3327220093658067
    vertex 2.859633480245803 -0.8898843603420866 0.2880344783303845
    vertex 3.040013766310151 -0.8613017054702246 0.2788255475822787
  endloop
endfacet
facet normal -7.39835e-12 -0.307947 -0.951404
  outer loop
    vertex 0.2872747298839465 -0.8644711613637074 0.2798088280811434
    vertex 0.4704689969797913 -0.908579690852388 0.2940857137613329
    vertex 0.3709348634927152 -1.024696239475845 0.3316698887427331
  endloop
endfacet
facet normal 0.325745 -0.611762 -0.720858
  outer loop
    vertex 5.9421058034915 -0.7040703730785205 0.6097910501425281
    vertex 5.988786724761261 -0.5685337380389403 0.5158611912762758
    vertex 6.099629479583786 -0.6476345843177975 0.6330789242608053
  endloop
endfacet
facet normal 0.0308953 -0.36914 -0.92886
  outer loop
    vertex 4.308871282430896 -0.3846079933762157 0.1321838360101444
    vertex 4.489364825460457 -0.3603680749947142 0.1285541025035776
    vertex 4.42650115884321 -0.5037302186434155 0.1834368932961708
  endloop
endfacet
facet normal 2.70306e-06 -0.30793 -0.951409
  outer loop
    vertex 2.66021881934441 -0.8606756738516685 0.2785803187216584
    vertex 2.859633480245803 -0.8898843603420866 0.2880344783303845
    vertex 2.759754013976402 -1.024695629729498 0.3316667926865002
  endloop
endfacet
facet normal 1.83359e-16 -0.307947 -0.951404
  outer loop
    vertex 1.68179853664436 -0.4892096310970078 0.1583455639483973
    vertex 1.868792870461461 -0.4856138361401324 0.1571816903365626
    vertex 1.777621861971574 -0.6641145565332023 0.2149581432907994
  endloop
endfacet
facet normal -6.84323e-18 -0.307947 -0.951404
  outer loop
    vertex 3.479093233822137 -0.1705811829866715 0.05521308637861456
    vertex 3.382577137372977 -0.3250347586386123 0.1052060484664834
    vertex 3.277620715220853 -0.1806432197701693 0.05846992922813021
  endloop
endfacet
facet normal 7.12424e-17 -0.307947 -0.951404
  outer loop
    vertex 1.19983998788995 -0.3251896903759446 0.1052561961981754
    vertex 1.002373055565396 -0.3174014298255066 0.1027353208297352
    vertex 1.098888488096207 -0.1598968742880399 0.05175482885721243
  endloop
endfacet
facet normal 0.00687066 -0.312581 -0.949866
  outer loop
    vertex 3.590180460375701 -0.6207864796536752 0.2023647788274667
    vertex 3.420261922087588 -0.6477657575067673 0.2100140062811656
    vertex 3.484868106469986 -0.4969175768640986 0.1608404433248249
  endloop
endfacet
facet normal 0.140768 -0.482369 -0.864583
  outer loop
    vertex 4.975382990646447 -0.6973101952293442 0.3273387641966311
    vertex 5.052518641346083 -0.5582076059999642 0.2622893843061266
    vertex 5.143960545877686 -0.6735290781224157 0.3415178346935136
  endloop
endfacet
facet normal 0.00187924 -0.308727 -0.951149
  outer loop
    vertex 3.420261922087588 -0.6477657575067673 0.2100140062811656
    vertex 3.230910181592947 -0.6770068188849906 0.2191310630840727
    vertex 3.30728116552244 -0.5107048833468327 0.165303067691893
  endloop
endfacet
facet normal -2.75598e-17 -0.307947 -0.951404
  outer loop
    vertex 0.9021565368075033 -0.1581368866761226 0.05118516257667273
    vertex 0.8042634784877263 -0.3108412975867367 0.1006119614907239
    vertex 0.7063470216270848 -0.1577120808774535 0.05104766300699343
  endloop
endfacet
facet normal -1.18235e-16 -0.307947 -0.951404
  outer loop
    vertex 2.66021881934441 -0.8606756738516685 0.2785803187216584
    vertex 2.4774861021557 -0.9121412012400034 0.2952384902705983
    vertex 2.502465922792409 -0.7618754188367669 0.2466010176120328
  endloop
endfacet
facet normal -2.46089e-08 -0.307947 -0.951404
  outer loop
    vertex 0.1454817921599404 -0.5895275090468017 0.1908160836363401
    vertex 0.13769591018691 -0.7525880126596991 0.2435949043320716
    vertex -0.01754763054154919 -0.6831307871026835 0.2211132505672875
  endloop
endfacet
facet normal 7.62603e-17 -0.307947 -0.951404
  outer loop
    vertex 2.143774911431643 -0.3242254571676316 0.1049440967597287
    vertex 2.314365269633238 -0.3280480653543842 0.1061813844388935
    vertex 2.236460641870456 -0.4690256429717599 0.1518124853267576
  endloop
endfacet
facet normal 0.246975 -0.572492 -0.781829
  outer loop
    vertex 5.330654672705913 -0.8790573099554018 0.5235635615162562
    vertex 5.40167832851867 -0.7555941875897763 0.4555939328504521
    vertex 5.460885057409449 -0.8472819490611975 0.5414350607284973
  endloop
endfacet
facet normal 0 -0.307947 -0.951404
  outer loop
    vertex 2.43072410168237 -0.4498280171937207 0.145598668821393
    vertex 2.314365269633238 -0.3280480653543842 0.1061813844388935
    vertex 2.507558014169954 -0.2760760120346369 0.08935926244996711
  endloop
endfacet
facet normal 0.00700212 -0.32329 -0.946274
  outer loop
    vertex 3.74088621680538 -0.5971343452908263 0.1963287651564245
    vertex 3.647405194248979 -0.4810684701306429 0.1559836432151223
    vertex 3.80124440564158 -0.4683037487484393 0.1527609927581569
  endloop
endfacet
facet normal -3.05087e-08 -0.307947 -0.951404
  outer loop
    vertex -0.01754763054154919 -0.6831307871026835 0.2211132505672875
    vertex 0.13769591018691 -0.7525880126596991 0.2435949043320716
    vertex -0.02237571900986609 -0.8539134835017375 0.2763915643728333
  endloop
endfacet
facet normal -1.49019e-16 -0.307947 -0.951404
  outer loop
    vertex 2.153546362524815 -0.6446574430459905 0.2086603367634999
    vertex 1.964965998895144 -0.6596576306426142 0.213515542003415
    vertex 2.055342056416056 -0.4799511450735552 0.155348811436791
  endloop
endfacet
facet normal 0.119649 -0.482474 -0.8677
  outer loop
    vertex 4.902616460427343 -0.8326139747742616 0.3925389060128406
    vertex 4.806216534015522 -0.7191882346774578 0.3161770121844759
    vertex 4.975382990646447 -0.6973101952293442 0.3273387641966311
  endloop
endfacet
facet normal 0.0037481 -0.318207 -0.948014
  outer loop
    vertex 4.280673114390636 -0.1522920664323966 0.05009776441648241
    vertex 4.197262494254507 -0.2717808947508076 0.08987524321756649
    vertex 4.087484871836386 -0.1588076421740792 0.05152096752157013
  endloop
endfacet
facet normal 0.295425 -0.61083 -0.734582
  outer loop
    vertex 5.827181931966167 -0.6278463894783415 0.50018947310557
    vertex 5.988786724761261 -0.5685337380389403 0.5158611912762758
    vertex 5.9421058034915 -0.7040703730785205 0.6097910501425281
  endloop
endfacet
facet normal -9.55137e-17 -0.307947 -0.951404
  outer loop
    vertex 2.073243694936629 -0.8343029831954756 0.270044103755025
    vertex 1.964965998895144 -0.6596576306426142 0.213515542003415
    vertex 2.153546362524815 -0.6446574430459905 0.2086603367634999
  endloop
endfacet
facet normal -1.16946e-06 -0.307943 -0.951405
  outer loop
    vertex 2.560685737507393 -1.024696114919571 0.3316692549258879
    vertex 2.4774861021557 -0.9121412012400034 0.2952384902705983
    vertex 2.66021881934441 -0.8606756738516685 0.2785803187216584
  endloop
endfacet
facet normal 0.0113095 -0.31855 -0.947839
  outer loop
    vertex 3.80124440564158 -0.4683037487484393 0.1527609927581569
    vertex 3.864886028609603 -0.332110490890315 0.1077484464102568
    vertex 3.952840359783207 -0.4589070489258056 0.1514117644650602
  endloop
endfacet
facet normal 0.342448 -0.627482 -0.699283
  outer loop
    vertex 6.15508508257125 -0.5150948511827758 0.5435183802499809
    vertex 6.283136050523474 -0.4623064447158574 0.5588583564167265
    vertex 6.255355579927061 -0.5865621737472743 0.6567512590018112
  endloop
endfacet
facet normal 0.00245944 -0.315963 -0.948768
  outer loop
    vertex 3.590180460375701 -0.6207864796536752 0.2023647788274667
    vertex 3.484868106469986 -0.4969175768640986 0.1608404433248249
    vertex 3.647405194248979 -0.4810684701306429 0.1559836432151223
  endloop
endfacet
facet normal 1.62541e-16 -0.307947 -0.951404
  outer loop
    vertex 0.6558276958189465 -0.8603869351747664 0.2784868608546797
    vertex 0.6753148250385294 -0.7181419294629298 0.2324455235290508
    vertex 0.8593974129139674 -0.807347219099793 0.2613191617341177
  endloop
endfacet
facet normal 0.318252 -0.618586 -0.718378
  outer loop
    vertex 6.099629479583786 -0.6476345843177975 0.6330789242608053
    vertex 5.988786724761261 -0.5685337380389403 0.5158611912762758
    vertex 6.15508508257125 -0.5150948511827758 0.5435183802499809
  endloop
endfacet
facet normal 2.80831e-10 -0.307947 -0.951404
  outer loop
    vertex 2.661164331421096 -0.1429940427673531 0.04628378286928674
    vertex 2.48684972514878 -0.1246033812470644 0.0403311615701432
    vertex 2.58625312414552 0 3.779568796982134e-10
  endloop
endfacet
facet normal 6.13174e-11 -0.307947 -0.951404
  outer loop
    vertex 2.387446326313736 0 -4.713311878631036e-11
    vertex 2.48684972514878 -0.1246033812470644 0.0403311615701432
    vertex 2.288042946402352 -0.1638047761083631 0.05301972406421489
  endloop
endfacet
facet normal -2.67262e-17 -0.307947 -0.951404
  outer loop
    vertex 0.8951255022399617 -0.4642889870158747 0.1502793420464785
    vertex 1.002373055565396 -0.3174014298255066 0.1027353208297352
    vertex 1.095032178700418 -0.4783938930684128 0.1548447658675918
  endloop
endfacet
facet normal 6.44355e-11 -0.307947 -0.951404
  outer loop
    vertex 0.5700031303986555 -1.024696239519242 0.3316698887892437
    vertex 0.4704689969797913 -0.908579690852388 0.2940857137613329
    vertex 0.6558276958189465 -0.8603869351747664 0.2784868608546797
  endloop
endfacet
facet normal 6.33577e-18 -0.307947 -0.951404
  outer loop
    vertex 0.8042634784877263 -0.3108412975867367 0.1006119614907239
    vertex 0.6156739944333359 -0.3068870737196972 0.09933207293497223
    vertex 0.7063470216270848 -0.1577120808774535 0.05104766300699343
  endloop
endfacet
facet normal 0.0726773 -0.408612 -0.90981
  outer loop
    vertex 5.077569501495407 -0.1448773205258424 0.06584354147357414
    vertex 5.188565214881663 -0.2787997967638064 0.1348570089270412
    vertex 5.012945881524523 -0.2915758223026653 0.1265661443367563
  endloop
endfacet
facet normal 0.00167146 -0.308622 -0.951183
  outer loop
    vertex 3.484868106469986 -0.4969175768640986 0.1608404433248249
    vertex 3.550313265664269 -0.3503568480864057 0.1134022087198524
    vertex 3.647405194248979 -0.4810684701306429 0.1559836432151223
  endloop
endfacet
facet normal 0.000175927 -0.309997 -0.950737
  outer loop
    vertex 3.420261922087588 -0.6477657575067673 0.2100140062811656
    vertex 3.30728116552244 -0.5107048833468327 0.165303067691893
    vertex 3.484868106469986 -0.4969175768640986 0.1608404433248249
  endloop
endfacet
facet normal 0.340199 -0.619707 -0.707268
  outer loop
    vertex 6.15508508257125 -0.5150948511827758 0.5435183802499809
    vertex 6.224687149987397 -0.3772428074714465 0.4562116470416978
    vertex 6.283136050523474 -0.4623064447158574 0.5588583564167265
  endloop
endfacet
facet normal -1.65379e-16 -0.307947 -0.951404
  outer loop
    vertex 3.121391827379216 -0.5312471581743097 0.1719521152281113
    vertex 3.051004822427873 -0.6888502849917593 0.2229645123879522
    vertex 2.929492288809691 -0.5533036764543683 0.1790912874843122
  endloop
endfacet
facet normal 0.260112 -0.589933 -0.764409
  outer loop
    vertex 5.558691322696706 -0.7152195068018581 0.4739803459853739
    vertex 5.702705808334601 -0.6772847795494181 0.4937092420575372
    vertex 5.622549306816959 -0.8037421093028827 0.5640272180531769
  endloop
endfacet
facet normal 0.439467 -0.641224 -0.629048
  outer loop
    vertex 6.754224657450161 -0.2341245488734852 0.6175544817513522
    vertex 6.828125200789943 -0.1051416888737544 0.5377035498748899
    vertex 6.874862637409297 -0.1865841946875511 0.6533743071840877
  endloop
endfacet
facet normal 0.0963666 -0.43966 -0.892979
  outer loop
    vertex 4.400106191000963 -0.877969382208155 0.3516059203540535
    vertex 4.476957144310711 -0.7534116203279473 0.2985730715441663
    vertex 4.565533602289683 -0.8681596664228435 0.3646283181041957
  endloop
endfacet
facet normal 0.13897 -0.521733 -0.841714
  outer loop
    vertex 5.96111901911592 0 0.08881245406769062
    vertex 5.911589730028408 -0.147178346507314 0.1718630378607243
    vertex 5.764994251609988 0 0.05643163732934355
  endloop
endfacet
facet normal 0 -0.307947 -0.951404
  outer loop
    vertex 1.884608909948328 -0.1604526256105769 0.05193471238972765
    vertex 1.964053053318276 -0.3225367036320417 0.1043974872615404
    vertex 1.777764381991192 -0.3236259507040227 0.104750050724989
  endloop
endfacet
facet normal 0 -0.307947 -0.951404
  outer loop
    vertex 0.5859260520337405 -0.6032145538215649 0.1952462556646113
    vertex 0.6753148250385294 -0.7181419294629298 0.2324455235290508
    vertex 0.4944546394831771 -0.7454571606541266 0.2412868165298692
  endloop
endfacet
facet normal 0.298139 -0.601116 -0.741467
  outer loop
    vertex 6.396924471236165 -0.1370429940976996 0.3272133842753918
    vertex 6.257918275691627 -0.258814858556267 0.3700417644978884
    vertex 6.217309929481686 -0.1372061540157552 0.2551238339116788
  endloop
endfacet
facet normal 0.0188382 -0.328208 -0.944418
  outer loop
    vertex 3.74088621680538 -0.5971343452908263 0.1963287651564245
    vertex 3.80124440564158 -0.4683037487484393 0.1527609927581569
    vertex 3.872346740832159 -0.5898245242168381 0.1964106577221078
  endloop
endfacet
facet normal -5.25283e-17 -0.307947 -0.951404
  outer loop
    vertex 2.507558014169954 -0.2760760120346369 0.08935926244996711
    vertex 2.731509884976698 -0.2969885313268918 0.0961281493451174
    vertex 2.6255648403295 -0.4273919510433741 0.1383366459143752
  endloop
endfacet
facet normal -2.7786e-17 -0.307947 -0.951404
  outer loop
    vertex 0.7063470216270848 -0.1577120808774535 0.05104766300699343
    vertex 0.6156739944333359 -0.3068870737196972 0.09933207293497223
    vertex 0.5151658689190065 -0.1575001965898575 0.05097908108448311
  endloop
endfacet
facet normal -3.35965e-12 -0.307947 -0.951404
  outer loop
    vertex 0.2005715214333684 0 -5.38972526523046e-13
    vertex 0.1389611466116277 -0.1264573762315332 0.04093125580932426
    vertex 0.001764723349188803 -9.284014665968373e-17 1.630951490975289e-13
  endloop
endfacet
facet normal 0 -0.307947 -0.951404
  outer loop
    vertex 3.013785769866425 -0.390546113855008 0.1264105216153511
    vertex 2.903352340280709 -0.2972285076447421 0.0962058239920761
    vertex 3.053683841050377 -0.1970709229032309 0.063787187416912
  endloop
endfacet
facet normal -8.50077e-17 -0.307947 -0.951404
  outer loop
    vertex 2.838799502230415 -0.7245726852207084 0.234527006767221
    vertex 2.660912102287716 -0.7082638971374873 0.2292482385619392
    vertex 2.741958482464212 -0.5724454609316956 0.1852870294840031
  endloop
endfacet
facet normal -5.5377e-17 -0.307947 -0.951404
  outer loop
    vertex 0.8951255022399617 -0.4642889870158747 0.1502793420464785
    vertex 0.8042634784877263 -0.3108412975867367 0.1006119614907239
    vertex 1.002373055565396 -0.3174014298255066 0.1027353208297352
  endloop
endfacet
facet normal 0.00592284 -0.321912 -0.946751
  outer loop
    vertex 3.864886028609603 -0.332110490890315 0.1077484464102568
    vertex 4.025371186002474 -0.3203015466259637 0.1047371852642212
    vertex 3.952840359783207 -0.4589070489258056 0.1514117644650602
  endloop
endfacet
facet normal 0.119708 -0.465948 -0.876677
  outer loop
    vertex 5.452891892532188 -0.1479625758651224 0.0962506116046913
    vertex 5.558777482019773 -0.2372037344189595 0.1581401089352344
    vertex 5.371438206557256 -0.2632689239631526 0.1464128635621282
  endloop
endfacet
facet normal -1.19e-07 -0.307947 -0.951403
  outer loop
    vertex 2.292180179670973 -0.8392760702470303 0.27165377417786
    vertex 2.4774861021557 -0.9121412012400034 0.2952384902705983
    vertex 2.361617475301975 -1.024696250401544 0.3316699425699621
  endloop
endfacet
facet normal 1.06242e-16 -0.307947 -0.951404
  outer loop
    vertex 1.095032178700418 -0.4783938930684128 0.1548447658675918
    vertex 1.002373055565396 -0.3174014298255066 0.1027353208297352
    vertex 1.19983998788995 -0.3251896903759446 0.1052561961981754
  endloop
endfacet
facet normal 0.168424 -0.506695 -0.845514
  outer loop
    vertex 5.475485879550706 -0.3749530578215279 0.2240983752698958
    vertex 5.558777482019773 -0.2372037344189595 0.1581401089352344
    vertex 5.653510831583283 -0.349964891604104 0.2445855697881506
  endloop
endfacet
facet normal 0.0357961 -0.368319 -0.92901
  outer loop
    vertex 3.905320667324787 -0.7923319374029978 0.2755001316223785
    vertex 3.832069720616495 -0.7004907998636493 0.2362659245828888
    vertex 3.956344289652671 -0.6922542586433597 0.2377889084084926
  endloop
endfacet
facet normal 0.135816 -0.477345 -0.868157
  outer loop
    vertex 5.295509517404108 -0.3984165103671809 0.2088435648851277
    vertex 5.371438206557256 -0.2632689239631526 0.1464128635621282
    vertex 5.475485879550706 -0.3749530578215279 0.2240983752698958
  endloop
endfacet
facet normal 6.18621e-17 -0.307947 -0.951404
  outer loop
    vertex 0.1593750401681283 -0.4257754576792109 0.1378134253212048
    vertex 0.3163665713688485 -0.4956906966471393 0.160443331274075
    vertex 0.1454817921599404 -0.5895275090468017 0.1908160836363401
  endloop
endfacet
facet normal 0.0197755 -0.345132 -0.938346
  outer loop
    vertex 3.832069720616495 -0.7004907998636493 0.2362659245828888
    vertex 3.74088621680538 -0.5971343452908263 0.1963287651564245
    vertex 3.872346740832159 -0.5898245242168381 0.1964106577221078
  endloop
endfacet
facet normal 0.131674 -0.474163 -0.870535
  outer loop
    vertex 4.733317247269993 -0.8528617902356116 0.3779598784121234
    vertex 4.806216534015522 -0.7191882346774578 0.3161770121844759
    vertex 4.902616460427343 -0.8326139747742616 0.3925389060128406
  endloop
endfacet
facet normal 0.296844 -0.614896 -0.730607
  outer loop
    vertex 6.139391737349143 -0.279083536764217 0.3389432563461827
    vertex 6.257918275691627 -0.258814858556267 0.3700417644978884
    vertex 6.224687149987397 -0.3772428074714465 0.4562116470416978
  endloop
endfacet
facet normal 0.0575454 -0.397389 -0.915844
  outer loop
    vertex 3.866806792275073 -0.8755827594317277 0.3078903800363694
    vertex 3.953260750684551 -0.8765167369321996 0.3137278186913891
    vertex 3.901183130162876 -0.9562223000917573 0.3450402718282513
  endloop
endfacet
facet normal 0.297402 -0.601413 -0.741521
  outer loop
    vertex 6.217309929481686 -0.1372061540157552 0.2551238339116788
    vertex 6.257918275691627 -0.258814858556267 0.3700417644978884
    vertex 6.139391737349143 -0.279083536764217 0.3389432563461827
  endloop
endfacet
facet normal 0.446009 -0.64084 -0.62482
  outer loop
    vertex 7.036385716796551 0 0.5785265640706418
    vertex 6.828125200789943 -0.1051416888737544 0.5377035498748899
    vertex 6.87460138425924 0 0.4630416876792018
  endloop
endfacet
facet normal 0.0428593 -0.379861 -0.92405
  outer loop
    vertex 3.956344289652671 -0.6922542586433597 0.2377889084084926
    vertex 4.079737971302206 -0.6834570296026883 0.2398957709075976
    vertex 4.020378690223314 -0.7929840063172185 0.282167160070494
  endloop
endfacet
facet normal -4.75861e-10 -0.307947 -0.951404
  outer loop
    vertex -0.02720165598232818 -1.024696237485102 0.3316698881860761
    vertex 0.1168502574932692 -0.8937237780897922 0.289277206866065
    vertex 0.1718666033254634 -1.024696239436587 0.3316698887181582
  endloop
endfacet
facet normal 0.259218 -0.58403 -0.76923
  outer loop
    vertex 5.65782625562998 -0.5917597691282449 0.41365157107629
    vertex 5.702705808334601 -0.6772847795494181 0.4937092420575372
    vertex 5.558691322696706 -0.7152195068018581 0.4739803459853739
  endloop
endfacet
facet normal 0.0128083 -0.349073 -0.937008
  outer loop
    vertex 4.971909410536975 0 0.004804314614633438
    vertex 4.877121715498284 -0.1424956984799317 0.05659404641065448
    vertex 4.773121720647288 0 0.0020870217967416
  endloop
endfacet
facet normal -1.4124e-16 -0.307947 -0.951404
  outer loop
    vertex 0.7015135092051159 -0.4507907507711123 0.1459102828648498
    vertex 0.8042634784877263 -0.3108412975867367 0.1006119614907239
    vertex 0.8951255022399617 -0.4642889870158747 0.1502793420464785
  endloop
endfacet
facet normal 0.0515071 -0.375036 -0.925578
  outer loop
    vertex 3.905320667324787 -0.7923319374029978 0.2755001316223785
    vertex 3.956344289652671 -0.6922542586433597 0.2377889084084926
    vertex 4.020378690223314 -0.7929840063172185 0.282167160070494
  endloop
endfacet
facet normal 0.0684184 -0.416382 -0.906612
  outer loop
    vertex 4.146681596221546 -0.79069333984913 0.2893392179653447
    vertex 4.30964631301103 -0.7751101996941174 0.294480611964578
    vertex 4.23365946674399 -0.8808594857243914 0.3373138952014735
  endloop
endfacet
facet normal 0.0676285 -0.419883 -0.905055
  outer loop
    vertex 4.541399611646262 -0.6242114822757362 0.2434485492788663
    vertex 4.476957144310711 -0.7534116203279473 0.2985730715441663
    vertex 4.375323637718851 -0.6487294003713715 0.2424134432801973
  endloop
endfacet
facet normal 0.0257502 -0.339069 -0.940409
  outer loop
    vertex 3.952840359783207 -0.4589070489258056 0.1514117644650602
    vertex 3.991185406775112 -0.588517324640604 0.1991933671831188
    vertex 3.872346740832159 -0.5898245242168381 0.1964106577221078
  endloop
endfacet
facet normal -1.64944e-06 -0.307949 -0.951403
  outer loop
    vertex 3.679690638571526 -0.1638047279955507 0.05301970849123772
    vertex 3.778626253849805 -0.2426834719106905 0.07855088857200622
    vertex 3.708056943370861 -0.3420969258992926 0.1107290061795152
  endloop
endfacet
facet normal 0.099718 -0.442543 -0.891186
  outer loop
    vertex 4.806216534015522 -0.7191882346774578 0.3161770121844759
    vertex 4.638189044837199 -0.7378627312953601 0.3066491534157658
    vertex 4.708706262833235 -0.6022514126991246 0.2471979804853407
  endloop
endfacet
facet normal 0.00832338 -0.328395 -0.944504
  outer loop
    vertex 4.471083941555183 -0.1521515607624061 0.05172689601526544
    vertex 4.382475241729763 -0.2642426021128003 0.08991899340153468
    vertex 4.280673114390636 -0.1522920664323966 0.05009776441648241
  endloop
endfacet
facet normal -1.2575e-09 -0.307947 -0.951404
  outer loop
    vertex 0.001764723349188803 -9.284014665968373e-17 1.630951490975289e-13
    vertex 0.1389611466116277 -0.1264573762315332 0.04093125580932426
    vertex -0.003063365131662966 -0.1707826970024516 0.05527831194112351
  endloop
endfacet
facet normal 0.0437289 -0.37975 -0.924055
  outer loop
    vertex 3.866806792275073 -0.8755827594317277 0.3078903800363694
    vertex 3.80618939005457 -0.7910521756258967 0.2702830273312827
    vertex 3.905320667324787 -0.7923319374029978 0.2755001316223785
  endloop
endfacet
facet normal 0.317721 -0.615395 -0.721348
  outer loop
    vertex 5.988786724761261 -0.5685337380389403 0.5158611912762758
    vertex 6.101524000183387 -0.4361175351404689 0.4525501601208541
    vertex 6.15508508257125 -0.5150948511827758 0.5435183802499809
  endloop
endfacet
facet normal 0.027415 -0.351813 -0.935669
  outer loop
    vertex 3.697869473740218 -0.7233565532384494 0.2406744773902634
    vertex 3.682549044994715 -0.8264891297084931 0.2790036016749798
    vertex 3.549434120489585 -0.7703650116403449 0.2540005956512857
  endloop
endfacet
facet normal 0.0590208 -0.418396 -0.906345
  outer loop
    vertex 4.841856503065777 -0.3068163902858534 0.1224603809310002
    vertex 5.012945881524523 -0.2915758223026653 0.1265661443367563
    vertex 4.949132058106888 -0.4382210077826788 0.1901064167397252
  endloop
endfacet
facet normal 0.111698 -0.455328 -0.883289
  outer loop
    vertex 4.565533602289683 -0.8681596664228435 0.3646283181041957
    vertex 4.638189044837199 -0.7378627312953601 0.3066491534157658
    vertex 4.733317247269993 -0.8528617902356116 0.3779598784121234
  endloop
endfacet
facet normal -3.34804e-08 -0.307947 -0.951404
  outer loop
    vertex -0.02237571900986609 -0.8539134835017375 0.2763915643728333
    vertex 0.1168502574932692 -0.8937237780897922 0.289277206866065
    vertex -0.02720165598232818 -1.024696237485102 0.3316698881860761
  endloop
endfacet
facet normal 0.186185 -0.541052 -0.820121
  outer loop
    vertex 5.567619253116097 -0.489084299735664 0.3158032425730247
    vertex 5.483927332284691 -0.6149752407053146 0.3798564783902199
    vertex 5.394019500310019 -0.5134378822785893 0.2924590469788531
  endloop
endfacet
facet normal 0.000102124 -0.309676 -0.950842
  outer loop
    vertex 3.550313265664269 -0.3503568480864057 0.1134022087198524
    vertex 3.708056943370861 -0.3420969258992926 0.1107290061795152
    vertex 3.647405194248979 -0.4810684701306429 0.1559836432151223
  endloop
endfacet
facet normal 0 -0.307947 -0.951404
  outer loop
    vertex 0.7015135092051159 -0.4507907507711123 0.1459102828648498
    vertex 0.6156739944333359 -0.3068870737196972 0.09933207293497223
    vertex 0.8042634784877263 -0.3108412975867367 0.1006119614907239
  endloop
endfacet
facet normal 0.00598515 -0.311991 -0.950066
  outer loop
    vertex 3.647405194248979 -0.4810684701306429 0.1559836432151223
    vertex 3.708056943370861 -0.3420969258992926 0.1107290061795152
    vertex 3.80124440564158 -0.4683037487484393 0.1527609927581569
  endloop
endfacet
facet normal 0.206859 -0.552351 -0.807538
  outer loop
    vertex 5.1996787740958 -0.9078384243726346 0.5060753714362172
    vertex 5.179377747511273 -0.8339550248621543 0.4503391973724023
    vertex 5.25233777706915 -0.8215428334618969 0.4605388241087088
  endloop
endfacet
facet normal 0.105396 -0.454068 -0.884711
  outer loop
    vertex 5.567477535927206 0 0.03396104659515108
    vertex 5.619599446149289 -0.1159226485608089 0.09966633558594545
    vertex 5.452891892532188 -0.1479625758651224 0.0962506116046913
  endloop
endfacet
facet normal 0.223476 -0.565584 -0.793835
  outer loop
    vertex 5.25233777706915 -0.8215428334618969 0.4605388241087088
    vertex 5.40167832851867 -0.7555941875897763 0.4555939328504521
    vertex 5.330654672705913 -0.8790573099554018 0.5235635615162562
  endloop
endfacet
facet normal 0.0305442 -0.35911 -0.932795
  outer loop
    vertex 3.832069720616495 -0.7004907998636493 0.2362659245828888
    vertex 3.80618939005457 -0.7910521756258967 0.2702830273312827
    vertex 3.697869473740218 -0.7233565532384494 0.2406744773902634
  endloop
endfacet
facet normal 0.00199623 -0.31465 -0.949206
  outer loop
    vertex 3.80124440564158 -0.4683037487484393 0.1527609927581569
    vertex 3.708056943370861 -0.3420969258992926 0.1107290061795152
    vertex 3.864886028609603 -0.332110490890315 0.1077484464102568
  endloop
endfacet
facet normal 0.0348859 -0.36613 -0.929909
  outer loop
    vertex 4.079737971302206 -0.6834570296026883 0.2398957709075976
    vertex 3.991185406775112 -0.588517324640604 0.1991933671831188
    vertex 4.127992852193604 -0.5454338696125223 0.18736263867507
  endloop
endfacet
facet normal 1.6171e-16 -0.307947 -0.951404
  outer loop
    vertex 1.777764381991192 -0.3236259507040227 0.104750050724989
    vertex 1.868792870461461 -0.4856138361401324 0.1571816903365626
    vertex 1.68179853664436 -0.4892096310970078 0.1583455639483973
  endloop
endfacet
facet normal 1.28585e-16 -0.307947 -0.951404
  outer loop
    vertex 0.5018970658892729 -0.4338904704252864 0.140440062631767
    vertex 0.6156739944333359 -0.3068870737196972 0.09933207293497223
    vertex 0.7015135092051159 -0.4507907507711123 0.1459102828648498
  endloop
endfacet
facet normal 0.0847449 -0.425779 -0.90085
  outer loop
    vertex 4.23365946674399 -0.8808594857243914 0.3373138952014735
    vertex 4.30964631301103 -0.7751101996941174 0.294480611964578
    vertex 4.400106191000963 -0.877969382208155 0.3516059203540535
  endloop
endfacet
facet normal 0.101339 -0.462394 -0.880864
  outer loop
    vertex 4.733317247269993 -0.8528617902356116 0.3779598784121234
    vertex 4.638189044837199 -0.7378627312953601 0.3066491534157658
    vertex 4.806216534015522 -0.7191882346774578 0.3161770121844759
  endloop
endfacet
facet normal 0.00697824 -0.315383 -0.948939
  outer loop
    vertex 4.087484871836386 -0.1588076421740792 0.05152096752157013
    vertex 4.197262494254507 -0.2717808947508076 0.08987524321756649
    vertex 4.025371186002474 -0.3203015466259637 0.1047371852642212
  endloop
endfacet
facet normal 0.0047763 -0.311126 -0.950357
  outer loop
    vertex 2.759754013976402 -1.024695629729498 0.3316667926865002
    vertex 2.859633480245803 -0.8898843603420866 0.2880344783303845
    vertex 2.958818070733024 -1.024862901486608 0.3327220093658067
  endloop
endfacet
facet normal 0.0949008 -0.460916 -0.882355
  outer loop
    vertex 5.295509517404108 -0.3984165103671809 0.2088435648851277
    vertex 5.188565214881663 -0.2787997967638064 0.1348570089270412
    vertex 5.371438206557256 -0.2632689239631526 0.1464128635621282
  endloop
endfacet
facet normal 0.035498 -0.366208 -0.929856
  outer loop
    vertex 3.532002187039494 -1.025903757771965 0.3512661103884489
    vertex 3.490530460926785 -0.8958456585477069 0.2984616296777706
    vertex 3.614225571646635 -0.9188833711234177 0.3122568170716551
  endloop
endfacet
facet normal 0.0346549 -0.349773 -0.936193
  outer loop
    vertex 3.832069720616495 -0.7004907998636493 0.2362659245828888
    vertex 3.872346740832159 -0.5898245242168381 0.1964106577221078
    vertex 3.956344289652671 -0.6922542586433597 0.2377889084084926
  endloop
endfacet
facet normal 0.0351472 -0.352736 -0.935062
  outer loop
    vertex 3.80618939005457 -0.7910521756258967 0.2702830273312827
    vertex 3.682549044994715 -0.8264891297084931 0.2790036016749798
    vertex 3.697869473740218 -0.7233565532384494 0.2406744773902634
  endloop
endfacet
facet normal 0.0500854 -0.392228 -0.918503
  outer loop
    vertex 4.079737971302206 -0.6834570296026883 0.2398957709075976
    vertex 4.211402462555419 -0.6768986762123446 0.2442747334578984
    vertex 4.146681596221546 -0.79069333984913 0.2893392179653447
  endloop
endfacet
facet normal 0.0592691 -0.387222 -0.92008
  outer loop
    vertex 4.079737971302206 -0.6834570296026883 0.2398957709075976
    vertex 4.146681596221546 -0.79069333984913 0.2893392179653447
    vertex 4.020378690223314 -0.7929840063172185 0.282167160070494
  endloop
endfacet
facet normal 0.329618 -0.625112 -0.707522
  outer loop
    vertex 6.427387153009676 -0.2647114762387148 0.4542032102500176
    vertex 6.257918275691627 -0.258814858556267 0.3700417644978884
    vertex 6.396924471236165 -0.1370429940976996 0.3272133842753918
  endloop
endfacet
facet normal -7.17126e-17 -0.307947 -0.951404
  outer loop
    vertex 2.236460641870456 -0.4690256429717599 0.1518124853267576
    vertex 2.314365269633238 -0.3280480653543842 0.1061813844388935
    vertex 2.43072410168237 -0.4498280171937207 0.145598668821393
  endloop
endfacet
facet normal 0.0580264 -0.385182 -0.921015
  outer loop
    vertex 3.866806792275073 -0.8755827594317277 0.3078903800363694
    vertex 3.905320667324787 -0.7923319374029978 0.2755001316223785
    vertex 3.953260750684551 -0.8765167369321996 0.3137278186913891
  endloop
endfacet
facet normal -7.73674e-13 -0.307947 -0.951404
  outer loop
    vertex 0.3150445565990267 -0.1634989238720571 0.05292072694362644
    vertex 0.1389611466116277 -0.1264573762315332 0.04093125580932426
    vertex 0.2005715214333684 0 -5.38972526523046e-13
  endloop
endfacet
facet normal 0 -0.307947 -0.951404
  outer loop
    vertex 2.055342056416056 -0.4799511450735552 0.155348811436791
    vertex 1.964053053318276 -0.3225367036320417 0.1043974872615404
    vertex 2.143774911431643 -0.3242254571676316 0.1049440967597287
  endloop
endfacet
facet normal 6.12973e-17 -0.307947 -0.951404
  outer loop
    vertex 0.1454817921599404 -0.5895275090468017 0.1908160836363401
    vertex 0.3061477343718627 -0.6828529942298528 0.2210233314963841
    vertex 0.13769591018691 -0.7525880126596991 0.2435949043320716
  endloop
endfacet
facet normal 0.0416214 -0.360647 -0.931773
  outer loop
    vertex 3.956344289652671 -0.6922542586433597 0.2377889084084926
    vertex 3.991185406775112 -0.588517324640604 0.1991933671831188
    vertex 4.079737971302206 -0.6834570296026883 0.2398957709075976
  endloop
endfacet
facet normal 0.01167 -0.330418 -0.943762
  outer loop
    vertex 4.025371186002474 -0.3203015466259637 0.1047371852642212
    vertex 4.197262494254507 -0.2717808947508076 0.08987524321756649
    vertex 4.153219567050292 -0.4086139039999245 0.1372368964402133
  endloop
endfacet
facet normal 0.041164 -0.371839 -0.927384
  outer loop
    vertex 3.782099471074453 -0.8743930216844604 0.3026296820828653
    vertex 3.682549044994715 -0.8264891297084931 0.2790036016749798
    vertex 3.80618939005457 -0.7910521756258967 0.2702830273312827
  endloop
endfacet
facet normal 0.0060316 -0.327521 -0.944825
  outer loop
    vertex 3.040013766310151 -0.8613017054702246 0.2788255475822787
    vertex 3.219276760617746 -0.8841777627162403 0.2878998572623297
    vertex 3.157849955416175 -1.025281758895503 0.3364210542163997
  endloop
endfacet
facet normal 0.0821533 -0.445803 -0.891353
  outer loop
    vertex 5.452891892532188 -0.1479625758651224 0.0962506116046913
    vertex 5.371438206557256 -0.2632689239631526 0.1464128635621282
    vertex 5.276431318959799 -0.1474424610560094 0.07972664047968642
  endloop
endfacet
facet normal 0.0517076 -0.387797 -0.920293
  outer loop
    vertex 3.808851514634608 -0.955404298461175 0.3382695999256574
    vertex 3.782099471074453 -0.8743930216844604 0.3026296820828653
    vertex 3.866806792275073 -0.8755827594317277 0.3078903800363694
  endloop
endfacet
facet normal -8.54075e-12 -0.307947 -0.951404
  outer loop
    vertex 0.1718666033254634 -1.024696239436587 0.3316698887181582
    vertex 0.1168502574932692 -0.8937237780897922 0.289277206866065
    vertex 0.2872747298839465 -0.8644711613637074 0.2798088280811434
  endloop
endfacet
facet normal 0.415369 -0.641549 -0.64489
  outer loop
    vertex 6.87460138425924 0 0.4630416876792018
    vertex 6.828125200789943 -0.1051416888737544 0.5377035498748899
    vertex 6.703986757677219 -0.1345546119439936 0.4870073618060254
  endloop
endfacet
facet normal 0.0511049 -0.388648 -0.919968
  outer loop
    vertex 3.905320667324787 -0.7923319374029978 0.2755001316223785
    vertex 4.020378690223314 -0.7929840063172185 0.282167160070494
    vertex 3.953260750684551 -0.8765167369321996 0.3137278186913891
  endloop
endfacet
facet normal 0.0152814 -0.339977 -0.940309
  outer loop
    vertex 4.666403533691974 -0.1628726140082912 0.05877741448343203
    vertex 4.562875123315886 -0.2437066308717209 0.0863212005065041
    vertex 4.471083941555183 -0.1521515607624061 0.05172689601526544
  endloop
endfacet
facet normal 0.213546 -0.533627 -0.818316
  outer loop
    vertex 6.056287688536313 -0.1398209215031969 0.2048252469257442
    vertex 5.911589730028408 -0.147178346507314 0.1718630378607243
    vertex 5.96111901911592 0 0.08881245406769062
  endloop
endfacet
facet normal 0.108947 -0.450634 -0.886036
  outer loop
    vertex 5.120457902706916 -0.4189527989061639 0.197763788354815
    vertex 5.188565214881663 -0.2787997967638064 0.1348570089270412
    vertex 5.295509517404108 -0.3984165103671809 0.2088435648851277
  endloop
endfacet
facet normal 0.0398494 -0.374143 -0.926515
  outer loop
    vertex 3.726929902319672 -0.9452324669545069 0.3288630325210046
    vertex 3.682549044994715 -0.8264891297084931 0.2790036016749798
    vertex 3.782099471074453 -0.8743930216844604 0.3026296820828653
  endloop
endfacet
facet normal 0.0883488 -0.428142 -0.899383
  outer loop
    vertex 4.949132058106888 -0.4382210077826788 0.1901064167397252
    vertex 5.012945881524523 -0.2915758223026653 0.1265661443367563
    vertex 5.120457902706916 -0.4189527989061639 0.197763788354815
  endloop
endfacet
facet normal 2.0343e-09 -0.307947 -0.951404
  outer loop
    vertex 2.58625312414552 0 3.779568796982134e-10
    vertex 2.48684972514878 -0.1246033812470644 0.0403311615701432
    vertex 2.387446326313736 0 -4.713311878631036e-11
  endloop
endfacet
facet normal 0.153175 -0.51696 -0.842193
  outer loop
    vertex 5.653510831583283 -0.349964891604104 0.2445855697881506
    vertex 5.558777482019773 -0.2372037344189595 0.1581401089352344
    vertex 5.738663480199991 -0.2016137946028893 0.1690111210733843
  endloop
endfacet
facet normal 0.0741658 -0.438135 -0.895844
  outer loop
    vertex 5.012945881524523 -0.2915758223026653 0.1265661443367563
    vertex 5.188565214881663 -0.2787997967638064 0.1348570089270412
    vertex 5.120457902706916 -0.4189527989061639 0.197763788354815
  endloop
endfacet
facet normal 0.0757908 -0.413248 -0.907459
  outer loop
    vertex 4.375323637718851 -0.6487294003713715 0.2424134432801973
    vertex 4.476957144310711 -0.7534116203279473 0.2985730715441663
    vertex 4.30964631301103 -0.7751101996941174 0.294480611964578
  endloop
endfacet
facet normal 7.04639e-17 -0.307947 -0.951404
  outer loop
    vertex 0.13769591018691 -0.7525880126596991 0.2435949043320716
    vertex 0.3061477343718627 -0.6828529942298528 0.2210233314963841
    vertex 0.2872747298839465 -0.8644711613637074 0.2798088280811434
  endloop
endfacet
facet normal 3.57646e-17 -0.307947 -0.951404
  outer loop
    vertex 0.1536396116886209 -0.2605818473496267 0.0843441685331616
    vertex 0.1389611466116277 -0.1264573762315332 0.04093125580932426
    vertex 0.3150445565990267 -0.1634989238720571 0.05292072694362644
  endloop
endfacet
facet normal 0.00116632 -0.309355 -0.950946
  outer loop
    vertex 3.864886028609603 -0.332110490890315 0.1077484464102568
    vertex 3.778626253849805 -0.2426834719106905 0.07855088857200622
    vertex 3.879309770272207 -0.1672292405120799 0.05412814203630553
  endloop
endfacet
facet normal 0.100601 -0.455982 -0.884285
  outer loop
    vertex 5.764994251609988 0 0.05643163732934355
    vertex 5.619599446149289 -0.1159226485608089 0.09966633558594545
    vertex 5.567477535927206 0 0.03396104659515108
  endloop
endfacet
facet normal 0.0936916 -0.437929 -0.894114
  outer loop
    vertex 5.371438206557256 -0.2632689239631526 0.1464128635621282
    vertex 5.188565214881663 -0.2787997967638064 0.1348570089270412
    vertex 5.276431318959799 -0.1474424610560094 0.07972664047968642
  endloop
endfacet
facet normal 0.0522366 -0.37442 -0.925787
  outer loop
    vertex 3.782099471074453 -0.8743930216844604 0.3026296820828653
    vertex 3.80618939005457 -0.7910521756258967 0.2702830273312827
    vertex 3.866806792275073 -0.8755827594317277 0.3078903800363694
  endloop
endfacet
facet normal -2.95912e-16 -0.307947 -0.951404
  outer loop
    vertex 2.741958482464212 -0.5724454609316956 0.1852870294840031
    vertex 2.660912102287716 -0.7082638971374873 0.2292482385619392
    vertex 2.557602600270964 -0.5932179383026965 0.1920105881280566
  endloop
endfacet
facet normal 0.17593 -0.517062 -0.837673
  outer loop
    vertex 5.143960545877686 -0.6735290781224157 0.3415178346935136
    vertex 5.206326720804639 -0.7550674585930227 0.4049465477513794
    vertex 5.065368742171055 -0.8083727867089016 0.4082454692145886
  endloop
endfacet
facet normal 0.210924 -0.560572 -0.800793
  outer loop
    vertex 6.056287688536313 -0.1398209215031969 0.2048252469257442
    vertex 5.972746889620969 -0.2579824575540664 0.2655366598241366
    vertex 5.911589730028408 -0.147178346507314 0.1718630378607243
  endloop
endfacet
facet normal 0.480377 -0.642936 -0.596549
  outer loop
    vertex 7.074438691896719 -0.1690188495050833 0.7896382843287598
    vertex 7.005227002758978 -0.151185423129444 0.7146847847865876
    vertex 7.088888257128842 -0.09122109321527068 0.7174268083639556
  endloop
endfacet
facet normal 1.55155e-10 -0.307947 -0.951404
  outer loop
    vertex 0.3709348634927152 -1.024696239475845 0.3316698887427331
    vertex 0.4704689969797913 -0.908579690852388 0.2940857137613329
    vertex 0.5700031303986555 -1.024696239519242 0.3316698887892437
  endloop
endfacet
facet normal 5.24448e-17 -0.307947 -0.951404
  outer loop
    vertex 0.3178519856230282 -0.346011146008088 0.1119956079446389
    vertex 0.3163665713688485 -0.4956906966471393 0.160443331274075
    vertex 0.1593750401681283 -0.4257754576792109 0.1378134253212048
  endloop
endfacet
facet normal 0.251972 -0.581222 -0.773751
  outer loop
    vertex 5.92690222306126 -0.4349852299580309 0.3842934065189909
    vertex 5.839251653757264 -0.5236035124964873 0.4223178096707334
    vertex 5.743882000816806 -0.462512302541629 0.3453705580894972
  endloop
endfacet
facet normal 0.0349648 -0.359592 -0.932454
  outer loop
    vertex 4.489364825460457 -0.3603680749947142 0.1285541025035776
    vertex 4.562875123315886 -0.2437066308717209 0.0863212005065041
    vertex 4.669152161829829 -0.3311627097416887 0.1240329333231641
  endloop
endfacet
facet normal 0.109297 -0.475632 -0.872828
  outer loop
    vertex 5.452891892532188 -0.1479625758651224 0.0962506116046913
    vertex 5.619599446149289 -0.1159226485608089 0.09966633558594545
    vertex 5.558777482019773 -0.2372037344189595 0.1581401089352344
  endloop
endfacet
facet normal 0.0693673 -0.403612 -0.912297
  outer loop
    vertex 4.061966158142157 -0.9319257986651236 0.3465069821754969
    vertex 3.974446710157624 -0.9577940209151907 0.3512967897345558
    vertex 3.953260750684551 -0.8765167369321996 0.3137278186913891
  endloop
endfacet
facet normal 0.358611 -0.631713 -0.687268
  outer loop
    vertex 6.444581737331781 -0.388479254050217 0.5769382088056831
    vertex 6.328210924958899 -0.3566913397112573 0.4869985512537546
    vertex 6.427387153009676 -0.2647114762387148 0.4542032102500176
  endloop
endfacet
facet normal 0.059509 -0.406532 -0.911696
  outer loop
    vertex 4.375323637718851 -0.6487294003713715 0.2424134432801973
    vertex 4.30964631301103 -0.7751101996941174 0.294480611964578
    vertex 4.211402462555419 -0.6768986762123446 0.2442747334578984
  endloop
endfacet
facet normal 0.0778666 -0.430837 -0.899064
  outer loop
    vertex 4.30964631301103 -0.7751101996941174 0.294480611964578
    vertex 4.476957144310711 -0.7534116203279473 0.2985730715441663
    vertex 4.400106191000963 -0.877969382208155 0.3516059203540535
  endloop
endfacet
facet normal 1.24371e-16 -0.307947 -0.951404
  outer loop
    vertex 0.7830783709845345 -0.6154547970233523 0.1992081323110427
    vertex 0.6753148250385294 -0.7181419294629298 0.2324455235290508
    vertex 0.5859260520337405 -0.6032145538215649 0.1952462556646113
  endloop
endfacet
facet normal -1.83847e-17 -0.307947 -0.951404
  outer loop
    vertex 0.6156739944333359 -0.3068870737196972 0.09933207293497223
    vertex 0.4612687404350201 -0.3006861007163036 0.09732496492884135
    vertex 0.5151658689190065 -0.1575001965898575 0.05097908108448311
  endloop
endfacet
facet normal 0.021436 -0.352231 -0.935668
  outer loop
    vertex 4.382475241729763 -0.2642426021128003 0.08991899340153468
    vertex 4.562875123315886 -0.2437066308717209 0.0863212005065041
    vertex 4.489364825460457 -0.3603680749947142 0.1285541025035776
  endloop
endfacet
facet normal -3.92296e-17 -0.307947 -0.951404
  outer loop
    vertex 2.6255648403295 -0.4273919510433741 0.1383366459143752
    vertex 2.731509884976698 -0.2969885313268918 0.0961281493451174
    vertex 2.818385138696891 -0.4134263327314177 0.1338163062339483
  endloop
endfacet
facet normal 0.363219 -0.625094 -0.690891
  outer loop
    vertex 6.283136050523474 -0.4623064447158574 0.5588583564167265
    vertex 6.328210924958899 -0.3566913397112573 0.4869985512537546
    vertex 6.444581737331781 -0.388479254050217 0.5769382088056831
  endloop
endfacet
facet normal -3.07687e-06 -0.307944 -0.951404
  outer loop
    vertex 2.361617475301975 -1.024696250401544 0.3316699425699621
    vertex 2.4774861021557 -0.9121412012400034 0.2952384902705983
    vertex 2.560685737507393 -1.024696114919571 0.3316692549258879
  endloop
endfacet
facet normal 0.264878 -0.582216 -0.768677
  outer loop
    vertex 6.139391737349143 -0.279083536764217 0.3389432563461827
    vertex 5.972746889620969 -0.2579824575540664 0.2655366598241366
    vertex 6.056287688536313 -0.1398209215031969 0.2048252469257442
  endloop
endfacet
facet normal 0.0257898 -0.356181 -0.934061
  outer loop
    vertex 3.872346740832159 -0.5898245242168381 0.1964106577221078
    vertex 3.991185406775112 -0.588517324640604 0.1991933671831188
    vertex 3.956344289652671 -0.6922542586433597 0.2377889084084926
  endloop
endfacet
facet normal 0.027633 -0.346181 -0.937761
  outer loop
    vertex 4.308871282430896 -0.3846079933762157 0.1321838360101444
    vertex 4.382475241729763 -0.2642426021128003 0.08991899340153468
    vertex 4.489364825460457 -0.3603680749947142 0.1285541025035776
  endloop
endfacet
facet normal 1.09307e-16 -0.307947 -0.951404
  outer loop
    vertex 2.818385138696891 -0.4134263327314177 0.1338163062339483
    vertex 2.903352340280709 -0.2972285076447421 0.0962058239920761
    vertex 3.013785769866425 -0.390546113855008 0.1264105216153511
  endloop
endfacet
facet normal -2.20003e-16 -0.307947 -0.951404
  outer loop
    vertex 0.2872747298839465 -0.8644711613637074 0.2798088280811434
    vertex 0.1168502574932692 -0.8937237780897922 0.289277206866065
    vertex 0.13769591018691 -0.7525880126596991 0.2435949043320716
  endloop
endfacet
facet normal 0.0692482 -0.403641 -0.912293
  outer loop
    vertex 3.953260750684551 -0.8765167369321996 0.3137278186913891
    vertex 3.974446710157624 -0.9577940209151907 0.3512967897345558
    vertex 3.901183130162876 -0.9562223000917573 0.3450402718282513
  endloop
endfacet
facet normal 2.98349e-18 -0.307947 -0.951404
  outer loop
    vertex 2.731509884976698 -0.2969885313268918 0.0961281493451174
    vertex 2.903352340280709 -0.2972285076447421 0.0962058239920761
    vertex 2.818385138696891 -0.4134263327314177 0.1338163062339483
  endloop
endfacet
facet normal -1.62733e-09 -0.307947 -0.951404
  outer loop
    vertex -0.003063365131662966 -0.1707826970024516 0.05527831194112351
    vertex 0.1389611466116277 -0.1264573762315332 0.04093125580932426
    vertex 0.1536396116886209 -0.2605818473496267 0.0843441685331616
  endloop
endfacet
facet normal 0.0499729 -0.370729 -0.927396
  outer loop
    vertex 3.614225571646635 -0.9188833711234177 0.3122568170716551
    vertex 3.682549044994715 -0.8264891297084931 0.2790036016749798
    vertex 3.726929902319672 -0.9452324669545069 0.3288630325210046
  endloop
endfacet
facet normal 0.0194968 -0.33623 -0.941578
  outer loop
    vertex 4.471083941555183 -0.1521515607624061 0.05172689601526544
    vertex 4.562875123315886 -0.2437066308717209 0.0863212005065041
    vertex 4.382475241729763 -0.2642426021128003 0.08991899340153468
  endloop
endfacet
facet normal -1.58787e-16 -0.307947 -0.951404
  outer loop
    vertex 1.868792870461461 -0.4856138361401324 0.1571816903365626
    vertex 1.964053053318276 -0.3225367036320417 0.1043974872615404
    vertex 2.055342056416056 -0.4799511450735552 0.155348811436791
  endloop
endfacet
facet normal 0.333614 -0.614588 -0.714831
  outer loop
    vertex 6.427387153009676 -0.2647114762387148 0.4542032102500176
    vertex 6.328210924958899 -0.3566913397112573 0.4869985512537546
    vertex 6.257918275691627 -0.258814858556267 0.3700417644978884
  endloop
endfacet
facet normal 0.316082 -0.616374 -0.721232
  outer loop
    vertex 6.15508508257125 -0.5150948511827758 0.5435183802499809
    vertex 6.101524000183387 -0.4361175351404689 0.4525501601208541
    vertex 6.224687149987397 -0.3772428074714465 0.4562116470416978
  endloop
endfacet
facet normal -4.20427e-08 -0.307947 -0.951404
  outer loop
    vertex 0.13769591018691 -0.7525880126596991 0.2435949043320716
    vertex 0.1168502574932692 -0.8937237780897922 0.289277206866065
    vertex -0.02237571900986609 -0.8539134835017375 0.2763915643728333
  endloop
endfacet
facet normal 0.3345 -0.61403 -0.714896
  outer loop
    vertex 6.257918275691627 -0.258814858556267 0.3700417644978884
    vertex 6.328210924958899 -0.3566913397112573 0.4869985512537546
    vertex 6.224687149987397 -0.3772428074714465 0.4562116470416978
  endloop
endfacet
facet normal 0.216376 -0.550444 -0.806346
  outer loop
    vertex 5.25233777706915 -0.8215428334618969 0.4605388241087088
    vertex 5.294784365427776 -0.730322489281758 0.4096583612883749
    vertex 5.40167832851867 -0.7555941875897763 0.4555939328504521
  endloop
endfacet
facet normal 0.0443179 -0.362365 -0.930982
  outer loop
    vertex 3.905320667324787 -0.7923319374029978 0.2755001316223785
    vertex 3.80618939005457 -0.7910521756258967 0.2702830273312827
    vertex 3.832069720616495 -0.7004907998636493 0.2362659245828888
  endloop
endfacet
facet normal 0.333998 -0.623505 -0.706885
  outer loop
    vertex 6.224687149987397 -0.3772428074714465 0.4562116470416978
    vertex 6.328210924958899 -0.3566913397112573 0.4869985512537546
    vertex 6.283136050523474 -0.4623064447158574 0.5588583564167265
  endloop
endfacet
facet normal 3.62001e-18 -0.307947 -0.951404
  outer loop
    vertex 1.777764381991192 -0.3236259507040227 0.104750050724989
    vertex 1.964053053318276 -0.3225367036320417 0.1043974872615404
    vertex 1.868792870461461 -0.4856138361401324 0.1571816903365626
  endloop
endfacet
facet normal -4.06197e-17 -0.307947 -0.951404
  outer loop
    vertex 0.5018970658892729 -0.4338904704252864 0.140440062631767
    vertex 0.4612687404350201 -0.3006861007163036 0.09732496492884135
    vertex 0.6156739944333359 -0.3068870737196972 0.09933207293497223
  endloop
endfacet
facet normal 0.0337796 -0.360843 -0.932015
  outer loop
    vertex 4.669152161829829 -0.3311627097416887 0.1240329333231641
    vertex 4.562875123315886 -0.2437066308717209 0.0863212005065041
    vertex 4.666403533691974 -0.1628726140082912 0.05877741448343203
  endloop
endfacet
facet normal 0.483037 -0.639427 -0.598171
  outer loop
    vertex 6.984159162463915 -0.2230078070840645 0.7744481127107239
    vertex 7.005227002758978 -0.151185423129444 0.7146847847865876
    vertex 7.074438691896719 -0.1690188495050833 0.7896382843287598
  endloop
endfacet
facet normal 0.057795 -0.385966 -0.920701
  outer loop
    vertex 3.808851514634608 -0.955404298461175 0.3382695999256574
    vertex 3.726929902319672 -0.9452324669545069 0.3288630325210046
    vertex 3.782099471074453 -0.8743930216844604 0.3026296820828653
  endloop
endfacet
facet normal 0.148686 -0.488975 -0.859532
  outer loop
    vertex 5.558777482019773 -0.2372037344189595 0.1581401089352344
    vertex 5.619599446149289 -0.1159226485608089 0.09966633558594545
    vertex 5.738663480199991 -0.2016137946028893 0.1690111210733843
  endloop
endfacet
facet normal 0.00159959 -0.308977 -0.951068
  outer loop
    vertex 3.708056943370861 -0.3420969258992926 0.1107290061795152
    vertex 3.778626253849805 -0.2426834719106905 0.07855088857200622
    vertex 3.864886028609603 -0.332110490890315 0.1077484464102568
  endloop
endfacet
facet normal 0.196043 -0.545668 -0.814747
  outer loop
    vertex 5.206326720804639 -0.7550674585930227 0.4049465477513794
    vertex 5.294784365427776 -0.730322489281758 0.4096583612883749
    vertex 5.25233777706915 -0.8215428334618969 0.4605388241087088
  endloop
endfacet
facet normal 0.205949 -0.539952 -0.816111
  outer loop
    vertex 5.25233777706915 -0.8215428334618969 0.4605388241087088
    vertex 5.179377747511273 -0.8339550248621543 0.4503391973724023
    vertex 5.206326720804639 -0.7550674585930227 0.4049465477513794
  endloop
endfacet
facet normal 0.183663 -0.536638 -0.823582
  outer loop
    vertex 5.206326720804639 -0.7550674585930227 0.4049465477513794
    vertex 5.179377747511273 -0.8339550248621543 0.4503391973724023
    vertex 5.065368742171055 -0.8083727867089016 0.4082454692145886
  endloop
endfacet
facet normal 0.21859 -0.548683 -0.806948
  outer loop
    vertex 5.186341378911794 -0.9105830439205633 0.5043286704580605
    vertex 5.179377747511273 -0.8339550248621543 0.4503391973724023
    vertex 5.1996787740958 -0.9078384243726346 0.5060753714362172
  endloop
endfacet
facet normal 0.202157 -0.531989 -0.822265
  outer loop
    vertex 5.004081617493624 -0.9444810018560812 0.4812371365070017
    vertex 5.065368742171055 -0.8083727867089016 0.4082454692145886
    vertex 5.172996314062238 -0.9132940050279855 0.5025879975213747
  endloop
endfacet
facet normal 0.177345 -0.551191 -0.815314
  outer loop
    vertex 5.065368742171055 -0.8083727867089016 0.4082454692145886
    vertex 5.179377747511273 -0.8339550248621543 0.4503391973724023
    vertex 5.172996314062238 -0.9132940050279855 0.5025879975213747
  endloop
endfacet
facet normal 0.063855 -0.391498 -0.917961
  outer loop
    vertex 3.724996215635451 -1.02548267671575 0.3629541953022509
    vertex 3.726929902319672 -0.9452324669545069 0.3288630325210046
    vertex 3.742913158683432 -1.02538842170686 0.3641603323533071
  endloop
endfacet
facet normal 0.461694 -0.644268 -0.609719
  outer loop
    vertex 7.036385716796551 0 0.5785265640706418
    vertex 7.005227002758978 -0.151185423129444 0.7146847847865876
    vertex 6.874862637409297 -0.1865841946875511 0.6533743071840877
  endloop
endfacet
facet normal 0.478455 -0.640041 -0.601189
  outer loop
    vertex 7.088888257128842 -0.09122109321527068 0.7174268083639556
    vertex 7.005227002758978 -0.151185423129444 0.7146847847865876
    vertex 7.036385716796551 0 0.5785265640706418
  endloop
endfacet
facet normal -0.899926 0.116197 -0.420276
  outer loop
    vertex 0.0004457002320461994 -1.09288168149004e-15 0.0005479500825912702
    vertex -0.0001613599094800725 -6.134182546573524e-12 0.001847831036891352
    vertex -0.003062761485109605 0.1707827161133294 0.05527831790629251
  endloop
endfacet
facet normal -0.898879 0.111739 -0.423712
  outer loop
    vertex -0.02850376480471216 1.024598456945401 0.3321759659557911
    vertex -0.0242898379013673 0.8536614791041344 0.2781578211464739
    vertex -0.02911553350575971 1.024393774930016 0.33341981915604
  endloop
endfacet
facet normal -0.368644 0.27681 -0.887399
  outer loop
    vertex 0.001764723349188803 -9.284014665968373e-17 1.630951490975289e-13
    vertex 0.0004457002320461994 -1.09288168149004e-15 0.0005479500825912702
    vertex -0.003062761485109605 0.1707827161133294 0.05527831790629251
  endloop
endfacet
facet normal -0.366474 0.272135 -0.889741
  outer loop
    vertex -0.02720247665068934 1.024696238066145 0.3316698884474836
    vertex -0.0242898379013673 0.8536614791041344 0.2781578211464739
    vertex -0.02850376480471216 1.024598456945401 0.3321759659557911
  endloop
endfacet
facet normal -0.677038 0.209241 -0.705576
  outer loop
    vertex -0.003062761485109605 0.1707827161133294 0.05527831790629251
    vertex -0.00498705550810832 0.1707322958149819 0.05710982906168163
    vertex -0.007890246309371598 0.3415654322040438 0.1105566358824591
  endloop
endfacet
facet normal -0.677038 0.209242 -0.705576
  outer loop
    vertex -0.003062761485109605 0.1707827161133294 0.05527831790629251
    vertex -0.0001613599094800725 -6.134182546573524e-12 0.001847831036891352
    vertex -0.00498705550810832 0.1707322958149819 0.05710982906168163
  endloop
endfacet
facet normal -0.677108 0.209219 -0.705516
  outer loop
    vertex -0.007890246309371598 0.3415654322040438 0.1105566358824591
    vertex -0.009812751106423056 0.3414645916372698 0.1123718270828796
    vertex -0.01271773113360737 0.5123481482734737 0.165834953924388
  endloop
endfacet
facet normal -0.677108 0.20922 -0.705515
  outer loop
    vertex -0.007890246309371598 0.3415654322040438 0.1105566358824591
    vertex -0.00498705550810832 0.1707322958149819 0.05710982906168163
    vertex -0.009812751106423056 0.3414645916372698 0.1123718270828796
  endloop
endfacet
facet normal -0.677178 0.209197 -0.705455
  outer loop
    vertex -0.01271773113360737 0.5123481482734737 0.165834953924388
    vertex -0.0146384467047378 0.5121968874595576 0.1676338251040776
    vertex -0.01754521595780378 0.683130864321619 0.2211132720320788
  endloop
endfacet
facet normal -0.677178 0.209199 -0.705455
  outer loop
    vertex -0.01271773113360737 0.5123481482734737 0.165834953924388
    vertex -0.009812751106423056 0.3414645916372698 0.1123718270828796
    vertex -0.0146384467047378 0.5121968874595576 0.1676338251040776
  endloop
endfacet
facet normal -0.677248 0.209176 -0.705394
  outer loop
    vertex -0.02237270078194773 0.8539135803484807 0.2763915902055319
    vertex -0.01754521595780378 0.683130864321619 0.2211132720320788
    vertex -0.01946414230305255 0.6829291832818458 0.2228958231252757
  endloop
endfacet
facet normal -0.677247 0.209177 -0.705394
  outer loop
    vertex -0.01754521595780378 0.683130864321619 0.2211132720320788
    vertex -0.0146384467047378 0.5121968874595576 0.1676338251040776
    vertex -0.01946414230305255 0.6829291832818458 0.2228958231252757
  endloop
endfacet
facet normal -0.677318 0.209146 -0.705336
  outer loop
    vertex -0.02720247665068934 1.024696238066145 0.3316698884474836
    vertex -0.02237270078194773 0.8539135803484807 0.2763915902055319
    vertex -0.0242898379013673 0.8536614791041344 0.2781578211464739
  endloop
endfacet
facet normal -0.677317 0.209156 -0.705333
  outer loop
    vertex -0.02237270078194773 0.8539135803484807 0.2763915902055319
    vertex -0.01946414230305255 0.6829291832818458 0.2228958231252757
    vertex -0.0242898379013673 0.8536614791041344 0.2781578211464739
  endloop
endfacet
facet normal -0.996209 -2.84037e-17 -0.0869929
  outer loop
    vertex -0.07709492454599673 0.6531886151230402 0.8828612327207176
    vertex -0.0860426912389682 0.5198692273707374 0.9853275932443482
    vertex -0.0968418759298495 0.6558535511239222 1.108995676003627
  endloop
endfacet
facet normal -0.996209 -4.16737e-17 -0.0869929
  outer loop
    vertex -0.0968418759298495 0.6558535511239222 1.108995676003627
    vertex -0.08575131834280759 0.7918919299610532 0.9819909036267859
    vertex -0.07709492454599673 0.6531886151230402 0.8828612327207176
  endloop
endfacet
facet normal -0.996209 -1.41918e-15 -0.0869929
  outer loop
    vertex -0.04616068185172567 -1.082057977895583 0.5286142599060948
    vertex -0.03872267289520295 -1.010863275219692 0.4434370605591632
    vertex -0.02911553373938041 -1.069016274721555 0.3334198218313747
  endloop
endfacet
facet normal -0.996209 -1.25727e-15 -0.0869929
  outer loop
    vertex -0.02911553373938041 -1.069016274721555 0.3334198218313747
    vertex -0.03872267289520295 -1.010863275219692 0.4434370605591632
    vertex -0.02911553362681875 -1.046705020979388 0.3334198205423618
  endloop
endfacet
facet normal -0.996209 9.64195e-18 -0.0869929
  outer loop
    vertex -0.08340605574618935 -0.1794556897062483 0.9551338642119747
    vertex -0.08632475593145476 -0.3759932701695776 0.9885576889166032
    vertex -0.09982262936996823 -0.2794530207634756 1.143130110562272
  endloop
endfacet
facet normal -0.996209 -1.50679e-17 -0.0869929
  outer loop
    vertex -0.09754008500453065 -0.6561322945025361 1.116991296052968
    vertex -0.08199028168157109 -0.8028667558659808 0.9389209676643776
    vertex -0.1001882524652346 -0.8525432153275547 1.147317084718042
  endloop
endfacet
facet normal -0.996209 -1.57416e-11 -0.0869929
  outer loop
    vertex -0.0242898379013673 0.8536614791041344 0.2781578211464739
    vertex -0.03819766901752995 0.8808551170436644 0.4374249193789287
    vertex -0.02911553350575971 1.024393774930016 0.33341981915604
  endloop
endfacet
facet normal -0.996209 -5.27652e-16 -0.0869929
  outer loop
    vertex -0.02911553374746371 1.069016274724052 0.3334198219239403
    vertex -0.03755074119562227 1.00625694345879 0.4300165523855839
    vertex -0.04616068186418799 1.082057977905117 0.5286142600488071
  endloop
endfacet
facet normal -0.996209 1.35377e-17 -0.0869929
  outer loop
    vertex -0.08392231213343762 0.3403632096055846 0.9610458325179835
    vertex -0.1001265270568401 0.2840479549785817 1.146610229234764
    vertex -0.0995903071748204 0.4578924639267296 1.140469646714421
  endloop
endfacet
facet normal -0.996209 -4.37578e-17 -0.0869929
  outer loop
    vertex -0.0828738346142185 -0.6351206263881273 0.9490390738292909
    vertex -0.08199028168157109 -0.8028667558659808 0.9389209676643776
    vertex -0.09754008500453065 -0.6561322945025361 1.116991296052968
  endloop
endfacet
facet normal -0.996209 2.21857e-15 -0.0869929
  outer loop
    vertex -0.02911553350575971 1.024393774930016 0.33341981915604
    vertex -0.03755074119562227 1.00625694345879 0.4300165523855839
    vertex -0.02911553362778944 1.046705020975927 0.3334198205534777
  endloop
endfacet
facet normal -0.996209 9.44113e-17 -0.0869929
  outer loop
    vertex -0.09982262936996823 -0.2794530207634756 1.143130110562272
    vertex -0.0999582152048783 -0.09030109116630114 1.144682787058934
    vertex -0.08340605574618935 -0.1794556897062483 0.9551338642119747
  endloop
endfacet
facet normal -0.996209 -2.94365e-17 -0.0869929
  outer loop
    vertex -0.0995903071748204 0.4578924639267296 1.140469646714421
    vertex -0.0860426912389682 0.5198692273707374 0.9853275932443482
    vertex -0.08392231213343762 0.3403632096055846 0.9610458325179835
  endloop
endfacet
facet normal -0.996209 2.4638e-17 -0.0869929
  outer loop
    vertex -0.06686103275188736 0.7803468909891951 0.7656666653926779
    vertex -0.08575131834280759 0.7918919299610532 0.9819909036267859
    vertex -0.07327186956129386 0.9463865313788667 0.8390810869250145
  endloop
endfacet
facet normal -0.996209 -5.23945e-17 -0.0869929
  outer loop
    vertex -0.07709492454599673 0.6531886151230402 0.8828612327207176
    vertex -0.08575131834280759 0.7918919299610532 0.9819909036267859
    vertex -0.06686103275188736 0.7803468909891951 0.7656666653926779
  endloop
endfacet
facet normal -0.996209 5.97344e-17 -0.0869929
  outer loop
    vertex -0.03819766901752995 0.8808551170436644 0.4374249193789287
    vertex -0.03755074119562227 1.00625694345879 0.4300165523855839
    vertex -0.02911553350575971 1.024393774930016 0.33341981915604
  endloop
endfacet
facet normal -0.996209 -4.40262e-15 -0.0869929
  outer loop
    vertex -0.02911553362681875 -1.046705020979388 0.3334198205423618
    vertex -0.03872267289520295 -1.010863275219692 0.4434370605591632
    vertex -0.02911553350440722 -1.024393774930016 0.3334198191405512
  endloop
endfacet
facet normal -0.996209 1.49291e-17 -0.0869929
  outer loop
    vertex -0.08340605574618935 -0.1794556897062483 0.9551338642119747
    vertex -0.07414218900089138 -0.3132494773047447 0.8490476482501521
    vertex -0.08632475593145476 -0.3759932701695776 0.9885576889166032
  endloop
endfacet
facet normal -0.996209 1.3713e-11 -0.0869929
  outer loop
    vertex -0.02911553350440722 -1.024393774930016 0.3334198191405512
    vertex -0.03471417137690484 -0.8935038301667642 0.3975332528463302
    vertex -0.0242898379006846 -0.8536614791045198 0.2781578211386567
  endloop
endfacet
facet normal -0.996209 -0 -0.0869929
  outer loop
    vertex -0.114343211074127 1.804112415015879e-15 1.309414191379879
    vertex -0.0999582152048783 -0.09030109116630114 1.144682787058934
    vertex -0.114343211074127 -0.1890352601636451 1.309414191379879
  endloop
endfacet
facet normal -0.996209 1.68805e-17 -0.0869929
  outer loop
    vertex -0.04645470426554119 -0.854307530515821 0.5319812907742218
    vertex -0.03872267289520295 -1.010863275219692 0.4434370605591632
    vertex -0.05494974633485541 -0.9713548100461309 0.6292632241555994
  endloop
endfacet
facet normal -0.996209 -4.71747e-17 -0.0869929
  outer loop
    vertex -0.02050698607985681 0.2045048927212334 0.2348380663684736
    vertex -0.03108023094626589 0.06617031272014406 0.3559187737182886
    vertex -0.03567526873658507 0.232963371185859 0.4085393677724894
  endloop
endfacet
facet normal -0.996209 9.65829e-17 -0.0869929
  outer loop
    vertex -0.114343211074127 -0.1890352601636451 1.309414191379879
    vertex -0.0999582152048783 -0.09030109116630114 1.144682787058934
    vertex -0.09982262936996823 -0.2794530207634756 1.143130110562272
  endloop
endfacet
facet normal -0.996209 1.60883e-17 -0.0869929
  outer loop
    vertex -0.1009799549320921 0.09950709138562441 1.156383354903673
    vertex -0.0999582152048783 -0.09030109116630114 1.144682787058934
    vertex -0.114343211074127 1.804112415015879e-15 1.309414191379879
  endloop
endfacet
facet normal -0.996209 -2.46276e-17 -0.0869929
  outer loop
    vertex -0.01629254632486844 0.04231667948563778 0.1865759336869217
    vertex -0.03108023094626589 0.06617031272014406 0.3559187737182886
    vertex -0.02050698607985681 0.2045048927212334 0.2348380663684736
  endloop
endfacet
facet normal -0.996209 1.31437e-17 -0.0869929
  outer loop
    vertex -0.0968418759298495 0.6558535511239222 1.108995676003627
    vertex -0.0860426912389682 0.5198692273707374 0.9853275932443482
    vertex -0.0995903071748204 0.4578924639267296 1.140469646714421
  endloop
endfacet
facet normal -0.996209 -3.78726e-18 -0.0869929
  outer loop
    vertex -0.03567526873658507 0.232963371185859 0.4085393677724894
    vertex -0.04056031446131089 0.4051239344756281 0.4644810204306175
    vertex -0.02519406404509687 0.3733821114497302 0.2885126688774893
  endloop
endfacet
facet normal -0.996209 -1.88181e-12 -0.0869929
  outer loop
    vertex -0.01946414230244372 -0.6829291832848431 0.2228958231183038
    vertex -0.03492010201963176 -0.7297351505306531 0.3998914908519203
    vertex -0.02841396680149939 -0.5512708906935662 0.3253857488324836
  endloop
endfacet
facet normal -0.996209 -1.60109e-15 -0.0869929
  outer loop
    vertex -0.05494974633485541 -0.9713548100461309 0.6292632241555994
    vertex -0.03872267289520295 -1.010863275219692 0.4434370605591632
    vertex -0.04616068185172567 -1.082057977895583 0.5286142599060948
  endloop
endfacet
facet normal -0.996209 -7.53975e-18 -0.0869929
  outer loop
    vertex -0.02998615958954017 0.5445888545829811 0.3433898920516604
    vertex -0.04056031446131089 0.4051239344756281 0.4644810204306175
    vertex -0.04537777965723689 0.5781889415817004 0.5196487670330791
  endloop
endfacet
facet normal -0.996209 7.61028e-18 -0.0869929
  outer loop
    vertex -0.02519406404509687 0.3733821114497302 0.2885126688774893
    vertex -0.04056031446131089 0.4051239344756281 0.4644810204306175
    vertex -0.02998615958954017 0.5445888545829811 0.3433898920516604
  endloop
endfacet
facet normal -0.996209 -1.85847e-16 -0.0869929
  outer loop
    vertex -0.06320627817370145 1.095098004893647 0.7238138307040003
    vertex -0.05359949541239611 0.9345134874753378 0.6138006732682638
    vertex -0.07327186956129386 0.9463865313788667 0.8390810869250145
  endloop
endfacet
facet normal -0.996209 1.94214e-17 -0.0869929
  outer loop
    vertex -0.02519406404509687 0.3733821114497302 0.2885126688774893
    vertex -0.02050698607985681 0.2045048927212334 0.2348380663684736
    vertex -0.03567526873658507 0.232963371185859 0.4085393677724894
  endloop
endfacet
facet normal -0.996209 -5.41023e-16 -0.0869929
  outer loop
    vertex -0.07229364917700681 -0.9610278721886036 0.8278788857493116
    vertex -0.05494974633485541 -0.9713548100461309 0.6292632241555994
    vertex -0.06320627816435304 -1.095098004886495 0.723813830596947
  endloop
endfacet
facet normal -0.996209 -1.52745e-17 -0.0869929
  outer loop
    vertex -0.04613725524189716 0.09189629368090357 0.5283459874386829
    vertex -0.04123152983382805 -0.0815298000331397 0.4721675190519294
    vertex -0.05638921154931356 -0.0491618341633413 0.6457474225804147
  endloop
endfacet
facet normal -0.996209 -4.88539e-17 -0.0869929
  outer loop
    vertex -0.06891352657788889 -0.6634743163416594 0.7891710301759931
    vertex -0.08199028168157109 -0.8028667558659808 0.9389209676643776
    vertex -0.0828738346142185 -0.6351206263881273 0.9490390738292909
  endloop
endfacet
facet normal -0.996209 -8.90326e-17 -0.0869929
  outer loop
    vertex -0.114343211074127 0.1890352601636489 1.309414191379879
    vertex -0.1001265270568401 0.2840479549785817 1.146610229234764
    vertex -0.1009799549320921 0.09950709138562441 1.156383354903673
  endloop
endfacet
facet normal -0.996209 2.63401e-17 -0.0869929
  outer loop
    vertex -0.05105283927807147 0.2652013616097977 0.5846373530182623
    vertex -0.03567526873658507 0.232963371185859 0.4085393677724894
    vertex -0.04613725524189716 0.09189629368090357 0.5283459874386829
  endloop
endfacet
facet normal -0.996209 -9.51844e-16 -0.0869929
  outer loop
    vertex -0.06320627816435304 -1.095098004886495 0.723813830596947
    vertex -0.05494974633485541 -0.9713548100461309 0.6292632241555994
    vertex -0.04616068185172567 -1.082057977895583 0.5286142599060948
  endloop
endfacet
facet normal -0.996209 -8.68962e-17 -0.0869929
  outer loop
    vertex -0.114343211074127 -0.3780705203272922 1.309414191379879
    vertex -0.09982262936996823 -0.2794530207634756 1.143130110562272
    vertex -0.1005603271890333 -0.4638622930477898 1.151577940426365
  endloop
endfacet
facet normal -0.996209 -7.20881e-18 -0.0869929
  outer loop
    vertex -0.05111890124779447 -0.2232692994459802 0.5853938691232089
    vertex -0.0350289540130615 -0.2627210255735453 0.4011380217445116
    vertex -0.04707478028207777 -0.3958171984063064 0.5390821612866821
  endloop
endfacet
facet normal -0.996209 -7.13734e-17 -0.0869929
  outer loop
    vertex -0.09982262936996823 -0.2794530207634756 1.143130110562272
    vertex -0.08632475593145476 -0.3759932701695776 0.9885576889166032
    vertex -0.1005603271890333 -0.4638622930477898 1.151577940426365
  endloop
endfacet
facet normal -0.996209 3.13894e-17 -0.0869929
  outer loop
    vertex -0.08025204037705691 -1.108136832288825 0.9190153011112556
    vertex -0.07229364917700681 -0.9610278721886036 0.8278788857493116
    vertex -0.06320627816435304 -1.095098004886495 0.723813830596947
  endloop
endfacet
facet normal -0.996209 -2.26407e-16 -0.0869929
  outer loop
    vertex -0.06320627817370145 1.095098004893647 0.7238138307040003
    vertex -0.07327186956129386 0.9463865313788667 0.8390810869250145
    vertex -0.08025204038328526 1.108136832293589 0.9190153011825805
  endloop
endfacet
facet normal -0.996209 3.78339e-18 -0.0869929
  outer loop
    vertex -0.05105283927807147 0.2652013616097977 0.5846373530182623
    vertex -0.04613725524189716 0.09189629368090357 0.5283459874386829
    vertex -0.06146318170493145 0.1250799829057754 0.703852564689236
  endloop
endfacet
facet normal -0.996209 -2.96661e-17 -0.0869929
  outer loop
    vertex -0.05606220897606241 0.4398285957262527 0.6420027156929153
    vertex -0.05105283927807147 0.2652013616097977 0.5846373530182623
    vertex -0.06664559657353353 0.3010283681420923 0.7631995736726427
  endloop
endfacet
facet normal -0.996209 -3.05672e-17 -0.0869929
  outer loop
    vertex -0.05638921154931356 -0.0491618341633413 0.6457474225804147
    vertex -0.04123152983382805 -0.0815298000331397 0.4721675190519294
    vertex -0.05111890124779447 -0.2232692994459802 0.5853938691232089
  endloop
endfacet
facet normal -0.996209 -7.01239e-18 -0.0869929
  outer loop
    vertex -0.0995903071748204 0.4578924639267296 1.140469646714421
    vertex -0.1001265270568401 0.2840479549785817 1.146610229234764
    vertex -0.114343211074127 0.3780705203272957 1.309414191379879
  endloop
endfacet
facet normal -0.996209 -0 -0.0869929
  outer loop
    vertex -0.114343211074127 -0.3780705203272922 1.309414191379879
    vertex -0.1005603271890333 -0.4638622930477898 1.151577940426365
    vertex -0.114343211074127 -0.5671057804909382 1.309414191379879
  endloop
endfacet
facet normal -0.996209 -1.48563e-17 -0.0869929
  outer loop
    vertex -0.04537777965723689 0.5781889415817004 0.5196487670330791
    vertex -0.05606220897606241 0.4398285957262527 0.6420027156929153
    vertex -0.060970983948662 0.6139411708656719 0.6982161065121979
  endloop
endfacet
facet normal -0.996209 -0 -0.0869929
  outer loop
    vertex -0.114343211074127 -0.1890352601636451 1.309414191379879
    vertex -0.09982262936996823 -0.2794530207634756 1.143130110562272
    vertex -0.114343211074127 -0.3780705203272922 1.309414191379879
  endloop
endfacet
facet normal -0.996209 -0 -0.0869929
  outer loop
    vertex -0.114343211074127 0.567105780490942 1.309414191379879
    vertex -0.0995903071748204 0.4578924639267296 1.140469646714421
    vertex -0.114343211074127 0.3780705203272957 1.309414191379879
  endloop
endfacet
facet normal -0.996209 -0 -0.0869929
  outer loop
    vertex -0.114343211074127 0.1890352601636489 1.309414191379879
    vertex -0.1009799549320921 0.09950709138562441 1.156383354903673
    vertex -0.114343211074127 1.804112415015879e-15 1.309414191379879
  endloop
endfacet
facet normal -0.996209 -3.0746e-17 -0.0869929
  outer loop
    vertex -0.05638921154931356 -0.0491618341633413 0.6457474225804147
    vertex -0.05111890124779447 -0.2232692994459802 0.5853938691232089
    vertex -0.06635503835696771 -0.1855857352721342 0.7598722134504408
  endloop
endfacet
facet normal -0.996209 1.47496e-17 -0.0869929
  outer loop
    vertex -0.05105283927807147 0.2652013616097977 0.5846373530182623
    vertex -0.06146318170493145 0.1250799829057754 0.703852564689236
    vertex -0.06664559657353353 0.3010283681420923 0.7631995736726427
  endloop
endfacet
facet normal -0.996209 0 -0.0869929
  outer loop
    vertex -0.05105283927807147 0.2652013616097977 0.5846373530182623
    vertex -0.04056031446131089 0.4051239344756281 0.4644810204306175
    vertex -0.03567526873658507 0.232963371185859 0.4085393677724894
  endloop
endfacet
facet normal -0.996209 -7.06328e-18 -0.0869929
  outer loop
    vertex -0.05111890124779447 -0.2232692994459802 0.5853938691232089
    vertex -0.04123152983382805 -0.0815298000331397 0.4721675190519294
    vertex -0.0350289540130615 -0.2627210255735453 0.4011380217445116
  endloop
endfacet
facet normal -0.996209 -0 -0.0869929
  outer loop
    vertex -0.114343211074127 0.3780705203272957 1.309414191379879
    vertex -0.1001265270568401 0.2840479549785817 1.146610229234764
    vertex -0.114343211074127 0.1890352601636489 1.309414191379879
  endloop
endfacet
facet normal -0.996209 1.50785e-17 -0.0869929
  outer loop
    vertex -0.04613725524189716 0.09189629368090357 0.5283459874386829
    vertex -0.05638921154931356 -0.0491618341633413 0.6457474225804147
    vertex -0.06146318170493145 0.1250799829057754 0.703852564689236
  endloop
endfacet
facet normal -0.996209 1.24349e-17 -0.0869929
  outer loop
    vertex -0.05111890124779447 -0.2232692994459802 0.5853938691232089
    vertex -0.04707478028207777 -0.3958171984063064 0.5390821612866821
    vertex -0.06111078054119162 -0.3596162769729325 0.6998170029751518
  endloop
endfacet
facet normal -0.996209 -1.47876e-17 -0.0869929
  outer loop
    vertex -0.05606220897606241 0.4398285957262527 0.6420027156929153
    vertex -0.06664559657353353 0.3010283681420923 0.7631995736726427
    vertex -0.07157695646530371 0.477418412839464 0.819671598243736
  endloop
endfacet
facet normal -0.996209 1.00309e-16 -0.0869929
  outer loop
    vertex -0.1005603271890333 -0.4638622930477898 1.151577940426365
    vertex -0.09754008500453065 -0.6561322945025361 1.116991296052968
    vertex -0.114343211074127 -0.5671057804909382 1.309414191379879
  endloop
endfacet
facet normal -0.996209 -4.68563e-17 -0.0869929
  outer loop
    vertex -0.114343211074127 0.567105780490942 1.309414191379879
    vertex -0.0968418759298495 0.6558535511239222 1.108995676003627
    vertex -0.0995903071748204 0.4578924639267296 1.140469646714421
  endloop
endfacet
facet normal -0.996209 -4.87181e-17 -0.0869929
  outer loop
    vertex -0.05606220897606241 0.4398285957262527 0.6420027156929153
    vertex -0.07157695646530371 0.477418412839464 0.819671598243736
    vertex -0.060970983948662 0.6139411708656719 0.6982161065121979
  endloop
endfacet
facet normal -0.996209 -3.74925e-18 -0.0869929
  outer loop
    vertex -0.04537777965723689 0.5781889415817004 0.5196487670330791
    vertex -0.04056031446131089 0.4051239344756281 0.4644810204306175
    vertex -0.05606220897606241 0.4398285957262527 0.6420027156929153
  endloop
endfacet
facet normal -0.996209 -0 -0.0869929
  outer loop
    vertex -0.114343211074127 -0.5671057804909382 1.309414191379879
    vertex -0.09754008500453065 -0.6561322945025361 1.116991296052968
    vertex -0.114343211074127 -0.7561410406545841 1.309414191379879
  endloop
endfacet
facet normal -0.996209 -0 -0.0869929
  outer loop
    vertex -0.114343211074127 0.7561410406545872 1.309414191379879
    vertex -0.0968418759298495 0.6558535511239222 1.108995676003627
    vertex -0.114343211074127 0.567105780490942 1.309414191379879
  endloop
endfacet
facet normal -0.996209 -2.65663e-17 -0.0869929
  outer loop
    vertex -0.05739973728034217 -0.5341269197488678 0.6573195720817331
    vertex -0.05256104139093188 -0.6956139168662163 0.6019086997958049
    vertex -0.06891352657788889 -0.6634743163416594 0.7891710301759931
  endloop
endfacet
facet normal -0.996209 0 -0.0869929
  outer loop
    vertex -0.05638921154931356 -0.0491618341633413 0.6457474225804147
    vertex -0.06635503835696771 -0.1855857352721342 0.7598722134504408
    vertex -0.07192999792851924 -0.01716849630450801 0.8237144924195585
  endloop
endfacet
facet normal -0.996209 -2.6093e-12 -0.0869929
  outer loop
    vertex -0.0001613599094800725 -6.134182546573524e-12 0.001847831036891352
    vertex -0.01629254632486844 0.04231667948563778 0.1865759336869217
    vertex -0.00498705550810832 0.1707322958149819 0.05710982906168163
  endloop
endfacet
facet normal -0.996209 -1.18233e-17 -0.0869929
  outer loop
    vertex -0.03567526873658507 0.232963371185859 0.4085393677724894
    vertex -0.03108023094626589 0.06617031272014406 0.3559187737182886
    vertex -0.04613725524189716 0.09189629368090357 0.5283459874386829
  endloop
endfacet
facet normal -0.996209 -1.32215e-17 -0.0869929
  outer loop
    vertex -0.06664559657353353 0.3010283681420923 0.7631995736726427
    vertex -0.08392231213343762 0.3403632096055846 0.9610458325179835
    vertex -0.07157695646530371 0.477418412839464 0.819671598243736
  endloop
endfacet
facet normal -0.996209 5.6032e-17 -0.0869929
  outer loop
    vertex -0.04537777965723689 0.5781889415817004 0.5196487670330791
    vertex -0.060970983948662 0.6139411708656719 0.6982161065121979
    vertex -0.04994819522107814 0.7505929463011672 0.5719873968808191
  endloop
endfacet
facet normal -0.996209 -1.04212e-12 -0.0869929
  outer loop
    vertex -0.009812751105961921 -0.3414645916454884 0.1123718270775978
    vertex -0.0190901336172585 -0.2250152739615334 0.2186128204246526
    vertex -0.004987055507721029 -0.1707322958258113 0.05710982905724485
  endloop
endfacet
facet normal -0.996209 8.75249e-12 -0.0869929
  outer loop
    vertex -0.009812751106423056 0.3414645916372698 0.1123718270828796
    vertex -0.02519406404509687 0.3733821114497302 0.2885126688774893
    vertex -0.0146384467047378 0.5121968874595576 0.1676338251040776
  endloop
endfacet
facet normal -0.996209 -7.45724e-17 -0.0869929
  outer loop
    vertex -0.114343211074127 -0.7561410406545841 1.309414191379879
    vertex -0.09754008500453065 -0.6561322945025361 1.116991296052968
    vertex -0.1001882524652346 -0.8525432153275547 1.147317084718042
  endloop
endfacet
facet normal -0.996209 -1.47323e-11 -0.0869929
  outer loop
    vertex -0.01946414230244372 -0.6829291832848431 0.2228958231183038
    vertex -0.02841396680149939 -0.5512708906935662 0.3253857488324836
    vertex -0.01463844670420283 -0.5121968874651659 0.1676338250979509
  endloop
endfacet
facet normal -0.996209 7.4105e-18 -0.0869929
  outer loop
    vertex -0.05638921154931356 -0.0491618341633413 0.6457474225804147
    vertex -0.07192999792851924 -0.01716849630450801 0.8237144924195585
    vertex -0.06146318170493145 0.1250799829057754 0.703852564689236
  endloop
endfacet
facet normal -0.996209 5.89731e-17 -0.0869929
  outer loop
    vertex -0.1006245799068066 0.8511585824342682 1.152313737678337
    vertex -0.0968418759298495 0.6558535511239222 1.108995676003627
    vertex -0.114343211074127 0.7561410406545872 1.309414191379879
  endloop
endfacet
facet normal -0.996209 3.84354e-17 -0.0869929
  outer loop
    vertex -0.05111890124779447 -0.2232692994459802 0.5853938691232089
    vertex -0.06111078054119162 -0.3596162769729325 0.6998170029751518
    vertex -0.06635503835696771 -0.1855857352721342 0.7598722134504408
  endloop
endfacet
facet normal -0.996209 -0 -0.0869929
  outer loop
    vertex -0.114343211074127 -0.7561410406545841 1.309414191379879
    vertex -0.1001882524652346 -0.8525432153275547 1.147317084718042
    vertex -0.114343211074127 -0.9451763008182305 1.309414191379879
  endloop
endfacet
facet normal -0.996209 -0 -0.0869929
  outer loop
    vertex -0.114343211074127 0.9451763008182318 1.309414191379879
    vertex -0.1006245799068066 0.8511585824342682 1.152313737678337
    vertex -0.114343211074127 0.7561410406545872 1.309414191379879
  endloop
endfacet
facet normal -0.996209 3.05175e-17 -0.0869929
  outer loop
    vertex -0.0346822103675583 0.7157120692494237 0.397167247739271
    vertex -0.04537777965723689 0.5781889415817004 0.5196487670330791
    vertex -0.04994819522107814 0.7505929463011672 0.5719873968808191
  endloop
endfacet
facet normal -0.996209 0 -0.0869929
  outer loop
    vertex -0.06635503835696771 -0.1855857352721342 0.7598722134504408
    vertex -0.08340605574618935 -0.1794556897062483 0.9551338642119747
    vertex -0.07192999792851924 -0.01716849630450801 0.8237144924195585
  endloop
endfacet
facet normal -0.996209 1.62962e-17 -0.0869929
  outer loop
    vertex -0.04707478028207777 -0.3958171984063064 0.5390821612866821
    vertex -0.05739973728034217 -0.5341269197488678 0.6573195720817331
    vertex -0.06111078054119162 -0.3596162769729325 0.6998170029751518
  endloop
endfacet
facet normal -0.996209 6.67162e-17 -0.0869929
  outer loop
    vertex -0.06664559657353353 0.3010283681420923 0.7631995736726427
    vertex -0.07684494225383372 0.1605939147811267 0.8799985322780004
    vertex -0.08392231213343762 0.3403632096055846 0.9610458325179835
  endloop
endfacet
facet normal -0.996209 1.59697e-17 -0.0869929
  outer loop
    vertex -0.06891352657788889 -0.6634743163416594 0.7891710301759931
    vertex -0.06286049157572031 -0.8247742002654683 0.7198540164365135
    vertex -0.08199028168157109 -0.8028667558659808 0.9389209676643776
  endloop
endfacet
facet normal -0.996209 3.36536e-17 -0.0869929
  outer loop
    vertex -0.06146318170493145 0.1250799829057754 0.703852564689236
    vertex -0.07684494225383372 0.1605939147811267 0.8799985322780004
    vertex -0.06664559657353353 0.3010283681420923 0.7631995736726427
  endloop
endfacet
facet normal -0.996209 -2.57926e-17 -0.0869929
  outer loop
    vertex -0.07192999792851924 -0.01716849630450801 0.8237144924195585
    vertex -0.07684494225383372 0.1605939147811267 0.8799985322780004
    vertex -0.06146318170493145 0.1250799829057754 0.703852564689236
  endloop
endfacet
facet normal -0.996209 1.21928e-17 -0.0869929
  outer loop
    vertex -0.06891352657788889 -0.6634743163416594 0.7891710301759931
    vertex -0.0828738346142185 -0.6351206263881273 0.9490390738292909
    vertex -0.07415904529647964 -0.4865880145102017 0.849240680022225
  endloop
endfacet
facet normal -0.996209 -1.37277e-17 -0.0869929
  outer loop
    vertex -0.05739973728034217 -0.5341269197488678 0.6573195720817331
    vertex -0.07415904529647964 -0.4865880145102017 0.849240680022225
    vertex -0.06111078054119162 -0.3596162769729325 0.6998170029751518
  endloop
endfacet
facet normal -0.996209 -2.52231e-17 -0.0869929
  outer loop
    vertex -0.07157695646530371 0.477418412839464 0.819671598243736
    vertex -0.07709492454599673 0.6531886151230402 0.8828612327207176
    vertex -0.060970983948662 0.6139411708656719 0.6982161065121979
  endloop
endfacet
facet normal -0.996209 1.49623e-11 -0.0869929
  outer loop
    vertex -0.0146384467047378 0.5121968874595576 0.1676338251040776
    vertex -0.02998615958954017 0.5445888545829811 0.3433898920516604
    vertex -0.01946414230305255 0.6829291832818458 0.2228958231252757
  endloop
endfacet
facet normal -0.996209 -2.77904e-17 -0.0869929
  outer loop
    vertex -0.05739973728034217 -0.5341269197488678 0.6573195720817331
    vertex -0.06891352657788889 -0.6634743163416594 0.7891710301759931
    vertex -0.07415904529647964 -0.4865880145102017 0.849240680022225
  endloop
endfacet
facet normal -0.996209 -2.17785e-11 -0.0869929
  outer loop
    vertex -0.0242898379006846 -0.8536614791045198 0.2781578211386567
    vertex -0.03492010201963176 -0.7297351505306531 0.3998914908519203
    vertex -0.01946414230244372 -0.6829291832848431 0.2228958231183038
  endloop
endfacet
facet normal -0.996209 -4.78479e-12 -0.0869929
  outer loop
    vertex -0.02519406404509687 0.3733821114497302 0.2885126688774893
    vertex -0.02998615958954017 0.5445888545829811 0.3433898920516604
    vertex -0.0146384467047378 0.5121968874595576 0.1676338251040776
  endloop
endfacet
facet normal -0.996209 -2.64623e-17 -0.0869929
  outer loop
    vertex -0.07327186956129386 0.9463865313788667 0.8390810869250145
    vertex -0.08575131834280759 0.7918919299610532 0.9819909036267859
    vertex -0.0899564820245146 0.9683192472816164 1.03014681030785
  endloop
endfacet
facet normal -0.996209 -1.56618e-11 -0.0869929
  outer loop
    vertex -0.01629254632486844 0.04231667948563778 0.1865759336869217
    vertex -0.02050698607985681 0.2045048927212334 0.2348380663684736
    vertex -0.00498705550810832 0.1707322958149819 0.05710982906168163
  endloop
endfacet
facet normal -0.996209 -3.16664e-17 -0.0869929
  outer loop
    vertex -0.1006245799068066 0.8511585824342682 1.152313737678337
    vertex -0.08575131834280759 0.7918919299610532 0.9819909036267859
    vertex -0.0968418759298495 0.6558535511239222 1.108995676003627
  endloop
endfacet
facet normal -0.996209 -3.72326e-18 -0.0869929
  outer loop
    vertex -0.05606220897606241 0.4398285957262527 0.6420027156929153
    vertex -0.04056031446131089 0.4051239344756281 0.4644810204306175
    vertex -0.05105283927807147 0.2652013616097977 0.5846373530182623
  endloop
endfacet
facet normal -0.996209 -1.08123e-11 -0.0869929
  outer loop
    vertex -0.009812751106423056 0.3414645916372698 0.1123718270828796
    vertex -0.02050698607985681 0.2045048927212334 0.2348380663684736
    vertex -0.02519406404509687 0.3733821114497302 0.2885126688774893
  endloop
endfacet
facet normal -0.996209 2.12267e-11 -0.0869929
  outer loop
    vertex -0.01946414230305255 0.6829291832818458 0.2228958231252757
    vertex -0.0346822103675583 0.7157120692494237 0.397167247739271
    vertex -0.0242898379013673 0.8536614791041344 0.2781578211464739
  endloop
endfacet
facet normal -0.996209 -5.45956e-17 -0.0869929
  outer loop
    vertex -0.0190901336172585 -0.2250152739615334 0.2186128204246526
    vertex -0.0236708011743932 -0.3875944541842198 0.2710688521310841
    vertex -0.0350289540130615 -0.2627210255735453 0.4011380217445116
  endloop
endfacet
facet normal -0.996209 1.26694e-11 -0.0869929
  outer loop
    vertex -0.009812751105961921 -0.3414645916454884 0.1123718270775978
    vertex -0.0236708011743932 -0.3875944541842198 0.2710688521310841
    vertex -0.0190901336172585 -0.2250152739615334 0.2186128204246526
  endloop
endfacet
facet normal -0.996209 5.5868e-17 -0.0869929
  outer loop
    vertex -0.1001882524652346 -0.8525432153275547 1.147317084718042
    vertex -0.08199028168157109 -0.8028667558659808 0.9389209676643776
    vertex -0.08910248532197904 -0.970713635253138 1.02036717064908
  endloop
endfacet
facet normal -0.996209 5.65838e-12 -0.0869929
  outer loop
    vertex -0.02841396680149939 -0.5512708906935662 0.3253857488324836
    vertex -0.0236708011743932 -0.3875944541842198 0.2710688521310841
    vertex -0.01463844670420283 -0.5121968874651659 0.1676338250979509
  endloop
endfacet
facet normal -0.996209 2.71014e-12 -0.0869929
  outer loop
    vertex -0.00498705550810832 0.1707322958149819 0.05710982906168163
    vertex -0.02050698607985681 0.2045048927212334 0.2348380663684736
    vertex -0.009812751106423056 0.3414645916372698 0.1123718270828796
  endloop
endfacet
facet normal -0.996209 -1.14275e-17 -0.0869929
  outer loop
    vertex -0.0346822103675583 0.7157120692494237 0.397167247739271
    vertex -0.02998615958954017 0.5445888545829811 0.3433898920516604
    vertex -0.04537777965723689 0.5781889415817004 0.5196487670330791
  endloop
endfacet
facet normal -0.996209 -2.33542e-17 -0.0869929
  outer loop
    vertex -0.05256104139093188 -0.6956139168662163 0.6019086997958049
    vertex -0.04645470426554119 -0.854307530515821 0.5319812907742218
    vertex -0.06286049157572031 -0.8247742002654683 0.7198540164365135
  endloop
endfacet
facet normal -0.996209 3.79537e-18 -0.0869929
  outer loop
    vertex -0.04613725524189716 0.09189629368090357 0.5283459874386829
    vertex -0.03108023094626589 0.06617031272014406 0.3559187737182886
    vertex -0.04123152983382805 -0.0815298000331397 0.4721675190519294
  endloop
endfacet
facet normal -0.996209 -1.18257e-17 -0.0869929
  outer loop
    vertex -0.05359949541239611 0.9345134874753378 0.6138006732682638
    vertex -0.06686103275188736 0.7803468909891951 0.7656666653926779
    vertex -0.07327186956129386 0.9463865313788667 0.8390810869250145
  endloop
endfacet
facet normal -0.996209 1.36024e-12 -0.0869929
  outer loop
    vertex -0.01946414230305255 0.6829291832818458 0.2228958231252757
    vertex -0.02998615958954017 0.5445888545829811 0.3433898920516604
    vertex -0.0346822103675583 0.7157120692494237 0.397167247739271
  endloop
endfacet
facet normal -0.996209 -7.83589e-12 -0.0869929
  outer loop
    vertex -0.01463844670420283 -0.5121968874651659 0.1676338250979509
    vertex -0.0236708011743932 -0.3875944541842198 0.2710688521310841
    vertex -0.009812751105961921 -0.3414645916454884 0.1123718270775978
  endloop
endfacet
facet normal -0.996209 -1.57298e-17 -0.0869929
  outer loop
    vertex -0.0346822103675583 0.7157120692494237 0.397167247739271
    vertex -0.04994819522107814 0.7505929463011672 0.5719873968808191
    vertex -0.03819766901752995 0.8808551170436644 0.4374249193789287
  endloop
endfacet
facet normal -0.996209 3.07228e-17 -0.0869929
  outer loop
    vertex -0.03471417137690484 -0.8935038301667642 0.3975332528463302
    vertex -0.03872267289520295 -1.010863275219692 0.4434370605591632
    vertex -0.04645470426554119 -0.854307530515821 0.5319812907742218
  endloop
endfacet
facet normal -0.996209 8.82e-17 -0.0869929
  outer loop
    vertex -0.08392231213343762 0.3403632096055846 0.9610458325179835
    vertex -0.08996359222994064 0.1873817509666523 1.030228233628057
    vertex -0.1001265270568401 0.2840479549785817 1.146610229234764
  endloop
endfacet
facet normal -0.996209 6.20959e-12 -0.0869929
  outer loop
    vertex -0.0346822103675583 0.7157120692494237 0.397167247739271
    vertex -0.03819766901752995 0.8808551170436644 0.4374249193789287
    vertex -0.0242898379013673 0.8536614791041344 0.2781578211464739
  endloop
endfacet
facet normal -0.996209 5.83297e-16 -0.0869929
  outer loop
    vertex -0.09729733206123864 -1.121174340104101 1.114211383315069
    vertex -0.08910248532197904 -0.970713635253138 1.02036717064908
    vertex -0.08025204037705691 -1.108136832288825 0.9190153011112556
  endloop
endfacet
facet normal -0.996209 1.65354e-16 -0.0869929
  outer loop
    vertex -0.08025204038328526 1.108136832293589 0.9190153011825805
    vertex -0.0899564820245146 0.9683192472816164 1.03014681030785
    vertex -0.09729733206435472 1.121174340106484 1.114211383350755
  endloop
endfacet
facet normal -0.996209 1.91885e-17 -0.0869929
  outer loop
    vertex -0.05359949541239611 0.9345134874753378 0.6138006732682638
    vertex -0.03755074119562227 1.00625694345879 0.4300165523855839
    vertex -0.03819766901752995 0.8808551170436644 0.4374249193789287
  endloop
endfacet
facet normal -0.996209 2.6812e-17 -0.0869929
  outer loop
    vertex -0.08632475593145476 -0.3759932701695776 0.9885576889166032
    vertex -0.07414218900089138 -0.3132494773047447 0.8490476482501521
    vertex -0.07415904529647964 -0.4865880145102017 0.849240680022225
  endloop
endfacet
facet normal -0.996209 -1.44439e-17 -0.0869929
  outer loop
    vertex -0.04616068186418799 1.082057977905117 0.5286142600488071
    vertex -0.05359949541239611 0.9345134874753378 0.6138006732682638
    vertex -0.06320627817370145 1.095098004893647 0.7238138307040003
  endloop
endfacet
facet normal -0.996209 -3.78019e-18 -0.0869929
  outer loop
    vertex -0.07192999792851924 -0.01716849630450801 0.8237144924195585
    vertex -0.0871804597159089 0.02675957999272427 0.9983568774166997
    vertex -0.07684494225383372 0.1605939147811267 0.8799985322780004
  endloop
endfacet
facet normal -0.996209 -3.577e-17 -0.0869929
  outer loop
    vertex -0.04994819522107814 0.7505929463011672 0.5719873968808191
    vertex -0.05359949541239611 0.9345134874753378 0.6138006732682638
    vertex -0.03819766901752995 0.8808551170436644 0.4374249193789287
  endloop
endfacet
facet normal -0.996209 6.95066e-17 -0.0869929
  outer loop
    vertex -0.06286049157572031 -0.8247742002654683 0.7198540164365135
    vertex -0.04645470426554119 -0.854307530515821 0.5319812907742218
    vertex -0.05494974633485541 -0.9713548100461309 0.6292632241555994
  endloop
endfacet
facet normal -0.996209 0 -0.0869929
  outer loop
    vertex -0.01629254632486844 0.04231667948563778 0.1865759336869217
    vertex -0.02663779946055986 -0.09312956071962919 0.3050457679912344
    vertex -0.03108023094626589 0.06617031272014406 0.3559187737182886
  endloop
endfacet
facet normal -0.996209 -4.70334e-17 -0.0869929
  outer loop
    vertex -0.08392231213343762 0.3403632096055846 0.9610458325179835
    vertex -0.0860426912389682 0.5198692273707374 0.9853275932443482
    vertex -0.07157695646530371 0.477418412839464 0.819671598243736
  endloop
endfacet
facet normal -0.996209 6.92398e-17 -0.0869929
  outer loop
    vertex -0.07709492454599673 0.6531886151230402 0.8828612327207176
    vertex -0.06686103275188736 0.7803468909891951 0.7656666653926779
    vertex -0.060970983948662 0.6139411708656719 0.6982161065121979
  endloop
endfacet
facet normal -0.996209 2.4426e-17 -0.0869929
  outer loop
    vertex -0.04707478028207777 -0.3958171984063064 0.5390821612866821
    vertex -0.04274975379761677 -0.5622716129304917 0.4895536321868851
    vertex -0.05739973728034217 -0.5341269197488678 0.6573195720817331
  endloop
endfacet
facet normal -0.996209 -3.01762e-17 -0.0869929
  outer loop
    vertex -0.09754008500453065 -0.6561322945025361 1.116991296052968
    vertex -0.08848147693340343 -0.5152863497427769 1.013255622972947
    vertex -0.0828738346142185 -0.6351206263881273 0.9490390738292909
  endloop
endfacet
facet normal -0.996209 3.95182e-17 -0.0869929
  outer loop
    vertex -0.0350289540130615 -0.2627210255735453 0.4011380217445116
    vertex -0.02663779946055986 -0.09312956071962919 0.3050457679912344
    vertex -0.0190901336172585 -0.2250152739615334 0.2186128204246526
  endloop
endfacet
facet normal -0.996209 3.41339e-17 -0.0869929
  outer loop
    vertex -0.03492010201963176 -0.7297351505306531 0.3998914908519203
    vertex -0.04274975379761677 -0.5622716129304917 0.4895536321868851
    vertex -0.02841396680149939 -0.5512708906935662 0.3253857488324836
  endloop
endfacet
facet normal -0.996209 2.2e-17 -0.0869929
  outer loop
    vertex -0.04123152983382805 -0.0815298000331397 0.4721675190519294
    vertex -0.02663779946055986 -0.09312956071962919 0.3050457679912344
    vertex -0.0350289540130615 -0.2627210255735453 0.4011380217445116
  endloop
endfacet
facet normal -0.996209 1.18269e-16 -0.0869929
  outer loop
    vertex -0.04616068186418799 1.082057977905117 0.5286142600488071
    vertex -0.03755074119562227 1.00625694345879 0.4300165523855839
    vertex -0.05359949541239611 0.9345134874753378 0.6138006732682638
  endloop
endfacet
facet normal -0.996209 -3.77023e-17 -0.0869929
  outer loop
    vertex -0.04994819522107814 0.7505929463011672 0.5719873968808191
    vertex -0.06686103275188736 0.7803468909891951 0.7656666653926779
    vertex -0.05359949541239611 0.9345134874753378 0.6138006732682638
  endloop
endfacet
facet normal -0.996209 -8.58326e-17 -0.0869929
  outer loop
    vertex -0.0999582152048783 -0.09030109116630114 1.144682787058934
    vertex -0.0871804597159089 0.02675957999272427 0.9983568774166997
    vertex -0.08340605574618935 -0.1794556897062483 0.9551338642119747
  endloop
endfacet
facet normal -0.996209 6.52843e-18 -0.0869929
  outer loop
    vertex -0.1005603271890333 -0.4638622930477898 1.151577940426365
    vertex -0.08848147693340343 -0.5152863497427769 1.013255622972947
    vertex -0.09754008500453065 -0.6561322945025361 1.116991296052968
  endloop
endfacet
facet normal -0.996209 -2.40897e-17 -0.0869929
  outer loop
    vertex -0.1009799549320921 0.09950709138562441 1.156383354903673
    vertex -0.0871804597159089 0.02675957999272427 0.9983568774166997
    vertex -0.0999582152048783 -0.09030109116630114 1.144682787058934
  endloop
endfacet
facet normal -0.996209 -5.08788e-17 -0.0869929
  outer loop
    vertex -0.06635503835696771 -0.1855857352721342 0.7598722134504408
    vertex -0.07414218900089138 -0.3132494773047447 0.8490476482501521
    vertex -0.08340605574618935 -0.1794556897062483 0.9551338642119747
  endloop
endfacet
facet normal -0.996209 3.90324e-17 -0.0869929
  outer loop
    vertex -0.07415904529647964 -0.4865880145102017 0.849240680022225
    vertex -0.08848147693340343 -0.5152863497427769 1.013255622972947
    vertex -0.08632475593145476 -0.3759932701695776 0.9885576889166032
  endloop
endfacet
facet normal -0.996209 6.45327e-12 -0.0869929
  outer loop
    vertex -0.004987055507721029 -0.1707322958258113 0.05710982905724485
    vertex -0.01438184658257463 -0.09437784587542053 0.1646953398623114
    vertex -0.0001613599094800725 -6.134182546573524e-12 0.001847831036891352
  endloop
endfacet
facet normal -0.996209 -1.07975e-11 -0.0869929
  outer loop
    vertex -0.0001613599094800725 -6.134182546573524e-12 0.001847831036891352
    vertex -0.01438184658257463 -0.09437784587542053 0.1646953398623114
    vertex -0.01629254632486844 0.04231667948563778 0.1865759336869217
  endloop
endfacet
facet normal -0.996209 2.89411e-17 -0.0869929
  outer loop
    vertex -0.07415904529647964 -0.4865880145102017 0.849240680022225
    vertex -0.07414218900089138 -0.3132494773047447 0.8490476482501521
    vertex -0.06111078054119162 -0.3596162769729325 0.6998170029751518
  endloop
endfacet
facet normal -0.996209 -6.6064e-17 -0.0869929
  outer loop
    vertex -0.114343211073916 -1.134211561018287 1.309414191377467
    vertex -0.1025385258070039 -0.9911753523482743 1.174231505246684
    vertex -0.09729733206123864 -1.121174340104101 1.114211383315069
  endloop
endfacet
facet normal -0.996209 9.00123e-16 -0.0869929
  outer loop
    vertex -0.09729733206435472 1.121174340106484 1.114211383350755
    vertex -0.1025385258073249 0.991175352341883 1.17423150525036
    vertex -0.114343211073916 1.134211561018287 1.309414191377467
  endloop
endfacet
facet normal -0.996209 2.80807e-17 -0.0869929
  outer loop
    vertex -0.05256104139093188 -0.6956139168662163 0.6019086997958049
    vertex -0.04274975379761677 -0.5622716129304917 0.4895536321868851
    vertex -0.03492010201963176 -0.7297351505306531 0.3998914908519203
  endloop
endfacet
facet normal -0.996209 -6.96523e-17 -0.0869929
  outer loop
    vertex -0.08340605574618935 -0.1794556897062483 0.9551338642119747
    vertex -0.0871804597159089 0.02675957999272427 0.9983568774166997
    vertex -0.07192999792851924 -0.01716849630450801 0.8237144924195585
  endloop
endfacet
facet normal -0.996209 -2.09106e-15 -0.0869929
  outer loop
    vertex -0.114343211074127 -0.9451763008182305 1.309414191379879
    vertex -0.1025385258070039 -0.9911753523482743 1.174231505246684
    vertex -0.114343211073916 -1.134211561018287 1.309414191377467
  endloop
endfacet
facet normal -0.996209 2.09106e-15 -0.0869929
  outer loop
    vertex -0.114343211073916 1.134211561018287 1.309414191377467
    vertex -0.1025385258073249 0.991175352341883 1.17423150525036
    vertex -0.114343211074127 0.9451763008182318 1.309414191379879
  endloop
endfacet
facet normal -0.996209 3.50398e-16 -0.0869929
  outer loop
    vertex -0.08025204037705691 -1.108136832288825 0.9190153011112556
    vertex -0.08910248532197904 -0.970713635253138 1.02036717064908
    vertex -0.07229364917700681 -0.9610278721886036 0.8278788857493116
  endloop
endfacet
facet normal -0.996209 -1.92663e-16 -0.0869929
  outer loop
    vertex -0.07327186956129386 0.9463865313788667 0.8390810869250145
    vertex -0.0899564820245146 0.9683192472816164 1.03014681030785
    vertex -0.08025204038328526 1.108136832293589 0.9190153011825805
  endloop
endfacet
facet normal -0.996209 9.64929e-17 -0.0869929
  outer loop
    vertex -0.060970983948662 0.6139411708656719 0.6982161065121979
    vertex -0.06686103275188736 0.7803468909891951 0.7656666653926779
    vertex -0.04994819522107814 0.7505929463011672 0.5719873968808191
  endloop
endfacet
facet normal -0.996209 -2.81893e-18 -0.0869929
  outer loop
    vertex -0.01629254632486844 0.04231667948563778 0.1865759336869217
    vertex -0.01438184658257463 -0.09437784587542053 0.1646953398623114
    vertex -0.02663779946055986 -0.09312956071962919 0.3050457679912344
  endloop
endfacet
facet normal -0.996209 1.22576e-17 -0.0869929
  outer loop
    vertex -0.07157695646530371 0.477418412839464 0.819671598243736
    vertex -0.0860426912389682 0.5198692273707374 0.9853275932443482
    vertex -0.07709492454599673 0.6531886151230402 0.8828612327207176
  endloop
endfacet
facet normal -0.996209 -1.54423e-17 -0.0869929
  outer loop
    vertex -0.05256104139093188 -0.6956139168662163 0.6019086997958049
    vertex -0.06286049157572031 -0.8247742002654683 0.7198540164365135
    vertex -0.06891352657788889 -0.6634743163416594 0.7891710301759931
  endloop
endfacet
facet normal -0.996209 2.08812e-17 -0.0869929
  outer loop
    vertex -0.0871804597159089 0.02675957999272427 0.9983568774166997
    vertex -0.08996359222994064 0.1873817509666523 1.030228233628057
    vertex -0.07684494225383372 0.1605939147811267 0.8799985322780004
  endloop
endfacet
facet normal -0.996209 5.11825e-18 -0.0869929
  outer loop
    vertex -0.04707478028207777 -0.3958171984063064 0.5390821612866821
    vertex -0.0350405548124601 -0.4328980557660205 0.4012708696086019
    vertex -0.04274975379761677 -0.5622716129304917 0.4895536321868851
  endloop
endfacet
facet normal -0.996209 5.02426e-18 -0.0869929
  outer loop
    vertex -0.0828738346142185 -0.6351206263881273 0.9490390738292909
    vertex -0.08848147693340343 -0.5152863497427769 1.013255622972947
    vertex -0.07415904529647964 -0.4865880145102017 0.849240680022225
  endloop
endfacet
facet normal -0.996209 8.46053e-18 -0.0869929
  outer loop
    vertex -0.05739973728034217 -0.5341269197488678 0.6573195720817331
    vertex -0.04274975379761677 -0.5622716129304917 0.4895536321868851
    vertex -0.05256104139093188 -0.6956139168662163 0.6019086997958049
  endloop
endfacet
facet normal -0.996209 1.04375e-16 -0.0869929
  outer loop
    vertex -0.07684494225383372 0.1605939147811267 0.8799985322780004
    vertex -0.08996359222994064 0.1873817509666523 1.030228233628057
    vertex -0.08392231213343762 0.3403632096055846 0.9610458325179835
  endloop
endfacet
facet normal -0.996209 6.03443e-18 -0.0869929
  outer loop
    vertex -0.0350289540130615 -0.2627210255735453 0.4011380217445116
    vertex -0.0350405548124601 -0.4328980557660205 0.4012708696086019
    vertex -0.04707478028207777 -0.3958171984063064 0.5390821612866821
  endloop
endfacet
facet normal -0.996209 4.66739e-13 -0.0869929
  outer loop
    vertex -0.03471417137690484 -0.8935038301667642 0.3975332528463302
    vertex -0.03492010201963176 -0.7297351505306531 0.3998914908519203
    vertex -0.0242898379006846 -0.8536614791045198 0.2781578211386567
  endloop
endfacet
facet normal -0.996209 0 -0.0869929
  outer loop
    vertex -0.03492010201963176 -0.7297351505306531 0.3998914908519203
    vertex -0.04645470426554119 -0.854307530515821 0.5319812907742218
    vertex -0.05256104139093188 -0.6956139168662163 0.6019086997958049
  endloop
endfacet
facet normal -0.996209 9.00487e-16 -0.0869929
  outer loop
    vertex -0.09729733206123864 -1.121174340104101 1.114211383315069
    vertex -0.1025385258070039 -0.9911753523482743 1.174231505246684
    vertex -0.08910248532197904 -0.970713635253138 1.02036717064908
  endloop
endfacet
facet normal -0.996209 3.43864e-16 -0.0869929
  outer loop
    vertex -0.0899564820245146 0.9683192472816164 1.03014681030785
    vertex -0.1025385258073249 0.991175352341883 1.17423150525036
    vertex -0.09729733206435472 1.121174340106484 1.114211383350755
  endloop
endfacet
facet normal -0.996209 -5.36438e-17 -0.0869929
  outer loop
    vertex -0.08199028168157109 -0.8028667558659808 0.9389209676643776
    vertex -0.06286049157572031 -0.8247742002654683 0.7198540164365135
    vertex -0.07229364917700681 -0.9610278721886036 0.8278788857493116
  endloop
endfacet
facet normal -0.996209 0 -0.0869929
  outer loop
    vertex -0.1009799549320921 0.09950709138562441 1.156383354903673
    vertex -0.08996359222994064 0.1873817509666523 1.030228233628057
    vertex -0.0871804597159089 0.02675957999272427 0.9983568774166997
  endloop
endfacet
facet normal -0.996209 -3.57442e-17 -0.0869929
  outer loop
    vertex -0.0899564820245146 0.9683192472816164 1.03014681030785
    vertex -0.08575131834280759 0.7918919299610532 0.9819909036267859
    vertex -0.1006245799068066 0.8511585824342682 1.152313737678337
  endloop
endfacet
facet normal -0.996209 9.75192e-18 -0.0869929
  outer loop
    vertex -0.0236708011743932 -0.3875944541842198 0.2710688521310841
    vertex -0.0350405548124601 -0.4328980557660205 0.4012708696086019
    vertex -0.0350289540130615 -0.2627210255735453 0.4011380217445116
  endloop
endfacet
facet normal -0.996209 -6.38268e-17 -0.0869929
  outer loop
    vertex -0.1001265270568401 0.2840479549785817 1.146610229234764
    vertex -0.08996359222994064 0.1873817509666523 1.030228233628057
    vertex -0.1009799549320921 0.09950709138562441 1.156383354903673
  endloop
endfacet
facet normal -0.996209 4.65836e-18 -0.0869929
  outer loop
    vertex -0.06111078054119162 -0.3596162769729325 0.6998170029751518
    vertex -0.07414218900089138 -0.3132494773047447 0.8490476482501521
    vertex -0.06635503835696771 -0.1855857352721342 0.7598722134504408
  endloop
endfacet
facet normal -0.996209 3.06652e-17 -0.0869929
  outer loop
    vertex -0.07229364917700681 -0.9610278721886036 0.8278788857493116
    vertex -0.06286049157572031 -0.8247742002654683 0.7198540164365135
    vertex -0.05494974633485541 -0.9713548100461309 0.6292632241555994
  endloop
endfacet
facet normal -0.996209 -3.26354e-17 -0.0869929
  outer loop
    vertex -0.03471417137690484 -0.8935038301667642 0.3975332528463302
    vertex -0.04645470426554119 -0.854307530515821 0.5319812907742218
    vertex -0.03492010201963176 -0.7297351505306531 0.3998914908519203
  endloop
endfacet
facet normal -0.996209 3.59162e-16 -0.0869929
  outer loop
    vertex -0.02911553350440722 -1.024393774930016 0.3334198191405512
    vertex -0.03872267289520295 -1.010863275219692 0.4434370605591632
    vertex -0.03471417137690484 -0.8935038301667642 0.3975332528463302
  endloop
endfacet
facet normal -0.996209 -4.26328e-17 -0.0869929
  outer loop
    vertex -0.04274975379761677 -0.5622716129304917 0.4895536321868851
    vertex -0.0350405548124601 -0.4328980557660205 0.4012708696086019
    vertex -0.02841396680149939 -0.5512708906935662 0.3253857488324836
  endloop
endfacet
facet normal -0.996209 1.37069e-17 -0.0869929
  outer loop
    vertex -0.08910248532197904 -0.970713635253138 1.02036717064908
    vertex -0.08199028168157109 -0.8028667558659808 0.9389209676643776
    vertex -0.07229364917700681 -0.9610278721886036 0.8278788857493116
  endloop
endfacet
facet normal -0.996209 2.90433e-17 -0.0869929
  outer loop
    vertex -0.03108023094626589 0.06617031272014406 0.3559187737182886
    vertex -0.02663779946055986 -0.09312956071962919 0.3050457679912344
    vertex -0.04123152983382805 -0.0815298000331397 0.4721675190519294
  endloop
endfacet
facet normal -0.996209 6.31097e-17 -0.0869929
  outer loop
    vertex -0.08632475593145476 -0.3759932701695776 0.9885576889166032
    vertex -0.08848147693340343 -0.5152863497427769 1.013255622972947
    vertex -0.1005603271890333 -0.4638622930477898 1.151577940426365
  endloop
endfacet
facet normal -0.996209 2.61866e-11 -0.0869929
  outer loop
    vertex -0.0190901336172585 -0.2250152739615334 0.2186128204246526
    vertex -0.01438184658257463 -0.09437784587542053 0.1646953398623114
    vertex -0.004987055507721029 -0.1707322958258113 0.05710982905724485
  endloop
endfacet
facet normal -0.996209 -7.83901e-17 -0.0869929
  outer loop
    vertex -0.1001882524652346 -0.8525432153275547 1.147317084718042
    vertex -0.1025385258070039 -0.9911753523482743 1.174231505246684
    vertex -0.114343211074127 -0.9451763008182305 1.309414191379879
  endloop
endfacet
facet normal -0.996209 2.05876e-16 -0.0869929
  outer loop
    vertex -0.114343211074127 0.9451763008182318 1.309414191379879
    vertex -0.1025385258073249 0.991175352341883 1.17423150525036
    vertex -0.1006245799068066 0.8511585824342682 1.152313737678337
  endloop
endfacet
facet normal -0.996209 4.15823e-17 -0.0869929
  outer loop
    vertex -0.08910248532197904 -0.970713635253138 1.02036717064908
    vertex -0.1025385258070039 -0.9911753523482743 1.174231505246684
    vertex -0.1001882524652346 -0.8525432153275547 1.147317084718042
  endloop
endfacet
facet normal -0.996209 1.04313e-16 -0.0869929
  outer loop
    vertex -0.1006245799068066 0.8511585824342682 1.152313737678337
    vertex -0.1025385258073249 0.991175352341883 1.17423150525036
    vertex -0.0899564820245146 0.9683192472816164 1.03014681030785
  endloop
endfacet
facet normal -0.996209 -2.86493e-18 -0.0869929
  outer loop
    vertex -0.02841396680149939 -0.5512708906935662 0.3253857488324836
    vertex -0.0350405548124601 -0.4328980557660205 0.4012708696086019
    vertex -0.0236708011743932 -0.3875944541842198 0.2710688521310841
  endloop
endfacet
facet normal -0.996209 2.34773e-17 -0.0869929
  outer loop
    vertex -0.02663779946055986 -0.09312956071962919 0.3050457679912344
    vertex -0.01438184658257463 -0.09437784587542053 0.1646953398623114
    vertex -0.0190901336172585 -0.2250152739615334 0.2186128204246526
  endloop
endfacet
facet normal -0.996209 -3.59872e-15 -0.0869929
  outer loop
    vertex -0.02911553362778944 1.046705020975927 0.3334198205534777
    vertex -0.03755074119562227 1.00625694345879 0.4300165523855839
    vertex -0.02911553374746371 1.069016274724052 0.3334198219239403
  endloop
endfacet
facet normal -0.911365 -2.08604e-08 -0.411599
  outer loop
    vertex -0.02859386967011886 -1.070135364523917 0.3322647507527761
    vertex -0.02911553362681875 -1.046705020979388 0.3334198205423618
    vertex -0.02911553350440722 -1.024393774930016 0.3334198191405512
  endloop
endfacet
facet normal -0.361736 7.92491e-05 -0.93228
  outer loop
    vertex -0.02720497122618847 -1.047749620288069 0.3316698905436286
    vertex -0.02720599676300636 -1.070803000633848 0.331668328798248
    vertex -0.02850346485917586 -1.024598504505777 0.3321756900591769
  endloop
endfacet
facet normal -0.395235 -0.00101189 -0.918579
  outer loop
    vertex -0.02720599676300636 -1.070803000633848 0.331668328798248
    vertex -0.02859386967011886 -1.070135364523917 0.3322647507527761
    vertex -0.02850346485917586 -1.024598504505777 0.3321756900591769
  endloop
endfacet
facet normal -0.897232 0.000917688 -0.441558
  outer loop
    vertex -0.02850346485917586 -1.024598504505777 0.3321756900591769
    vertex -0.02859386967011886 -1.070135364523917 0.3322647507527761
    vertex -0.02911553350440722 -1.024393774930016 0.3334198191405512
  endloop
endfacet
facet normal -0.911365 -1.91819e-08 -0.411599
  outer loop
    vertex -0.02859386967011886 -1.070135364523917 0.3322647507527761
    vertex -0.02911553373938041 -1.069016274721555 0.3334198218313747
    vertex -0.02911553362681875 -1.046705020979388 0.3334198205423618
  endloop
endfacet
facet normal -0.362159 5.19857e-05 -0.932117
  outer loop
    vertex -0.02720165598232818 -1.024696237485102 0.3316698881860761
    vertex -0.02720497122618847 -1.047749620288069 0.3316698905436286
    vertex -0.02850346485917586 -1.024598504505777 0.3321756900591769
  endloop
endfacet
facet normal -1.49969e-10 -7.78895e-08 -1
  outer loop
    vertex 0.1718666033254634 -1.024696239436587 0.3316698887181582
    vertex 0.1688135762963095 -1.070809147271277 0.3316698923103263
    vertex -0.02720497122618847 -1.047749620288069 0.3316698905436286
  endloop
endfacet
facet normal 0.174397 -0.014609 -0.984567
  outer loop
    vertex 7.074438691896719 -0.1690188495050833 0.7896382843287598
    vertex 7.039760915689057 -0.2350851838155032 0.7844760824148943
    vertex 6.984159162463915 -0.2230078070840645 0.7744481127107239
  endloop
endfacet
facet normal 0.0661274 -0.000140106 -0.997811
  outer loop
    vertex 3.693714966020766 -1.072790391235723 0.3608877532412661
    vertex 3.707077969782677 -1.025565423973908 0.3617667210766831
    vertex 3.724996215635451 -1.02548267671575 0.3629541953022509
  endloop
endfacet
facet normal 0.0201144 6.68362e-05 -0.999798
  outer loop
    vertex -0.02720497122618847 -1.047749620288069 0.3316698905436286
    vertex -0.02704988940399665 -1.070809253055108 0.331671469029183
    vertex -0.02720599676300636 -1.070803000633848 0.331668328798248
  endloop
endfacet
facet normal 0.0208448 0.0183945 -0.999613
  outer loop
    vertex -0.02704988940399665 -1.070809253055108 0.331671469029183
    vertex -0.02712795569277343 -1.07080650040906 0.3316698917765715
    vertex -0.02720599676300636 -1.070803000633848 0.331668328798248
  endloop
endfacet
facet normal 0.032933 0.00630816 -0.999438
  outer loop
    vertex 3.302513914775203 -1.072005930509045 0.3408930480495057
    vertex 3.157849955416175 -1.025281758895503 0.3364210542163997
    vertex 3.356808045388944 -1.025708494039449 0.342974340447815
  endloop
endfacet
facet normal 0.0437865 -0.00643875 -0.99902
  outer loop
    vertex 3.302513914775203 -1.072005930509045 0.3408930480495057
    vertex 3.356808045388944 -1.025708494039449 0.342974340447815
    vertex 3.498186358997348 -1.072614437961156 0.3494731871113335
  endloop
endfacet
facet normal 0.192595 -0.0340588 -0.980687
  outer loop
    vertex 7.339748114653773 0 0.8353207332230479
    vertex 7.203366317772862 -0.1312879071150196 0.8130966199106275
    vertex 7.207950583841903 -0.08583891695332949 0.8124184916083558
  endloop
endfacet
facet normal 0.184683 -0.0201623 -0.982591
  outer loop
    vertex 7.074438691896719 -0.1690188495050833 0.7896382843287598
    vertex 7.203366317772862 -0.1312879071150196 0.8130966199106275
    vertex 7.039760915689057 -0.2350851838155032 0.7844760824148943
  endloop
endfacet
facet normal 0.173862 -0.0171171 -0.984621
  outer loop
    vertex 6.984159162463915 -0.2230078070840645 0.7744481127107239
    vertex 7.039760915689057 -0.2350851838155032 0.7844760824148943
    vertex 6.893045927478183 -0.2755818308096477 0.7592735485024147
  endloop
endfacet
facet normal 0.158986 0.00616849 -0.987262
  outer loop
    vertex 6.893045927478183 -0.2755818308096477 0.7592735485024147
    vertex 6.872995779607398 -0.3336677026532431 0.7556818054183697
    vertex 6.734336315964588 -0.3624179049191434 0.7331728509229327
  endloop
endfacet
facet normal 0.168556 0.00276756 -0.985688
  outer loop
    vertex 7.039760915689057 -0.2350851838155032 0.7844760824148943
    vertex 6.872995779607398 -0.3336677026532431 0.7556818054183697
    vertex 6.893045927478183 -0.2755818308096477 0.7592735485024147
  endloop
endfacet
facet normal 0.158185 -0.000691614 -0.987409
  outer loop
    vertex 6.573014413315905 -0.4442705742921514 0.7069924620288339
    vertex 6.528665815296131 -0.5117481980098331 0.6999349697944705
    vertex 6.409089204602198 -0.5207659796764731 0.6807848154512468
  endloop
endfacet
facet normal 0.154307 0.000357707 -0.988023
  outer loop
    vertex 6.409089204602198 -0.5207659796764731 0.6807848154512468
    vertex 6.352187001568654 -0.5919145440860671 0.6718722119823735
    vertex 6.255355579927061 -0.5865621737472743 0.6567512590018112
  endloop
endfacet
facet normal 0.158351 -0.00295761 -0.987378
  outer loop
    vertex 6.528665815296131 -0.5117481980098331 0.6999349697944705
    vertex 6.352187001568654 -0.5919145440860671 0.6718722119823735
    vertex 6.409089204602198 -0.5207659796764731 0.6807848154512468
  endloop
endfacet
facet normal 0.138307 -0.000907019 -0.990389
  outer loop
    vertex 5.433614512451141 -0.9003636151879236 0.5376753701783172
    vertex 5.460885057409449 -0.8472819490611975 0.5414350607284973
    vertex 5.621195522505005 -0.8504730543600352 0.5638251765639775
  endloop
endfacet
facet normal 0.128889 -0.00427475 -0.99165
  outer loop
    vertex 5.172996314062238 -0.9132940050279855 0.5025879975213747
    vertex 5.244508618038401 -0.9444050423796255 0.5120168635012787
    vertex 5.053873381163217 -0.9819608573324139 0.4874010958370131
  endloop
endfacet
facet normal 0.0812551 0.00208579 -0.996691
  outer loop
    vertex 4.146833858942022 -1.01892907089113 0.3952856290654959
    vertex 4.084314169803507 -1.068425413506254 0.3900851358064725
    vertex 3.97435308501647 -1.022869146324364 0.3812159052862664
  endloop
endfacet
facet normal 0.0788813 -0.00368019 -0.996877
  outer loop
    vertex 3.97435308501647 -1.022869146324364 0.3812159052862664
    vertex 4.084314169803507 -1.068425413506254 0.3900851358064725
    vertex 3.88908963648147 -1.071710232358344 0.3746494488503067
  endloop
endfacet
facet normal 0.0707748 -0.00252949 -0.997489
  outer loop
    vertex 3.742913158683432 -1.02538842170686 0.3641603323533071
    vertex 3.858057254132849 -1.024468165551584 0.3723278109159395
    vertex 3.88908963648147 -1.071710232358344 0.3746494488503067
  endloop
endfacet
facet normal 0.0702852 -0.00408102 -0.997519
  outer loop
    vertex 3.742913158683432 -1.02538842170686 0.3641603323533071
    vertex 3.88908963648147 -1.071710232358344 0.3746494488503067
    vertex 3.693714966020766 -1.072790391235723 0.3608877532412661
  endloop
endfacet
facet normal 0.0185936 0.00567643 -0.999811
  outer loop
    vertex 3.106735889718224 -1.071374324979662 0.3352087882728159
    vertex 2.958818070733024 -1.024862901486608 0.3327220093658067
    vertex 3.157849955416175 -1.025281758895503 0.3364210542163997
  endloop
endfacet
facet normal 0.0290025 -0.00587303 -0.999562
  outer loop
    vertex 3.302513914775203 -1.072005930509045 0.3408930480495057
    vertex 3.106735889718224 -1.071374324979662 0.3352087882728159
    vertex 3.157849955416175 -1.025281758895503 0.3364210542163997
  endloop
endfacet
facet normal 0.00530506 0.00513619 -0.999973
  outer loop
    vertex 2.910897291404156 -1.07091635532519 0.3322312339361436
    vertex 2.759754013976402 -1.024695629729498 0.3316667926865002
    vertex 2.958818070733024 -1.024862901486608 0.3327220093658067
  endloop
endfacet
facet normal 0.0151901 -0.00515076 -0.999871
  outer loop
    vertex 3.106735889718224 -1.071374324979662 0.3352087882728159
    vertex 2.910897291404156 -1.07091635532519 0.3322312339361436
    vertex 2.958818070733024 -1.024862901486608 0.3327220093658067
  endloop
endfacet
facet normal -1.23687e-05 -3.68609e-05 -1
  outer loop
    vertex 2.715035689220752 -1.070809051308874 0.3316690455794653
    vertex 2.560685737507393 -1.024696114919571 0.3316692549258879
    vertex 2.759754013976402 -1.024695629729498 0.3316667926865002
  endloop
endfacet
facet normal 0.00286876 -0.00283083 -0.999992
  outer loop
    vertex 2.910897291404156 -1.07091635532519 0.3322312339361436
    vertex 2.715035689220752 -1.070809051308874 0.3316690455794653
    vertex 2.759754013976402 -1.024695629729498 0.3316667926865002
  endloop
endfacet
facet normal -3.45432e-06 1.25856e-05 -1
  outer loop
    vertex 2.519172219123868 -1.070809007261717 0.3316688179696368
    vertex 2.361617475301975 -1.024696250401544 0.3316699425699621
    vertex 2.560685737507393 -1.024696114919571 0.3316692549258879
  endloop
endfacet
facet normal 0.157712 0.00500847 -0.987472
  outer loop
    vertex 6.734336315964588 -0.3624179049191434 0.7331728509229327
    vertex 6.702455224877047 -0.4258300061447134 0.727759394131485
    vertex 6.573014413315905 -0.4442705742921514 0.7069924620288339
  endloop
endfacet
facet normal 0.159398 0.00413841 -0.987206
  outer loop
    vertex 6.872995779607398 -0.3336677026532431 0.7556818054183697
    vertex 6.702455224877047 -0.4258300061447134 0.727759394131485
    vertex 6.734336315964588 -0.3624179049191434 0.7331728509229327
  endloop
endfacet
facet normal 0.158539 -0.000930013 -0.987352
  outer loop
    vertex 6.702455224877047 -0.4258300061447134 0.727759394131485
    vertex 6.528665815296131 -0.5117481980098331 0.6999349697944705
    vertex 6.573014413315905 -0.4442705742921514 0.7069924620288339
  endloop
endfacet
facet normal 0.149382 0.00235822 -0.988777
  outer loop
    vertex 6.255355579927061 -0.5865621737472743 0.6567512590018112
    vertex 6.172989461783682 -0.6659170886548613 0.6441183483636915
    vertex 6.099629479583786 -0.6476345843177975 0.6330789242608053
  endloop
endfacet
facet normal 0.154141 -0.00269864 -0.988045
  outer loop
    vertex 6.352187001568654 -0.5919145440860671 0.6718722119823735
    vertex 6.172989461783682 -0.6659170886548613 0.6441183483636915
    vertex 6.255355579927061 -0.5865621737472743 0.6567512590018112
  endloop
endfacet
facet normal 0.148471 -0.00138005 -0.988916
  outer loop
    vertex 6.099629479583786 -0.6476345843177975 0.6330789242608053
    vertex 6.172989461783682 -0.6659170886548613 0.6441183483636915
    vertex 5.991203376025029 -0.7335379638012942 0.6169202367009767
  endloop
endfacet
facet normal 0.143627 -0.000120266 -0.989632
  outer loop
    vertex 5.991203376025029 -0.7335379638012942 0.6169202367009767
    vertex 5.80715022469429 -0.7949406069465532 0.5902157845835529
    vertex 5.9421058034915 -0.7040703730785205 0.6097910501425281
  endloop
endfacet
facet normal 0.140446 0.0002821 -0.990088
  outer loop
    vertex 5.783009320156316 -0.7560421580914154 0.5868024256222152
    vertex 5.80715022469429 -0.7949406069465532 0.5902157845835529
    vertex 5.622549306816959 -0.8037421093028827 0.5640272180531769
  endloop
endfacet
facet normal 0.135161 -0.0031043 -0.990819
  outer loop
    vertex 5.330654672705913 -0.8790573099554018 0.5235635615162562
    vertex 5.433614512451141 -0.9003636151879236 0.5376753701783172
    vertex 5.244508618038401 -0.9444050423796255 0.5120168635012787
  endloop
endfacet
facet normal 0.119554 -0.00445226 -0.992818
  outer loop
    vertex 5.004081617493624 -0.9444810018560812 0.4812371365070017
    vertex 5.053873381163217 -0.9819608573324139 0.4874010958370131
    vertex 4.8617661928777 -1.01234518671803 0.46440396734594
  endloop
endfacet
facet normal 0.084849 -0.00248519 -0.996391
  outer loop
    vertex 4.146833858942022 -1.01892907089113 0.3952856290654959
    vertex 4.279363948262178 -1.061988782983433 0.4066788027809049
    vertex 4.084314169803507 -1.068425413506254 0.3900851358064725
  endloop
endfacet
facet normal 2.67286e-09 -1.02265e-07 -1
  outer loop
    vertex 0.1718666033254634 -1.024696239436587 0.3316698887181582
    vertex -0.02720497122618847 -1.047749620288069 0.3316698905436286
    vertex -0.02720165598232818 -1.024696237485102 0.3316698881860761
  endloop
endfacet
facet normal 0.0598667 0.00163878 -0.998205
  outer loop
    vertex 3.693714966020766 -1.072790391235723 0.3608877532412661
    vertex 3.532002187039494 -1.025903757771965 0.3512661103884489
    vertex 3.707077969782677 -1.025565423973908 0.3617667210766831
  endloop
endfacet
facet normal 0.0472803 0.00411214 -0.998873
  outer loop
    vertex 3.498186358997348 -1.072614437961156 0.3494731871113335
    vertex 3.356808045388944 -1.025708494039449 0.342974340447815
    vertex 3.532002187039494 -1.025903757771965 0.3512661103884489
  endloop
endfacet
facet normal 0.188433 -0.0336513 -0.981509
  outer loop
    vertex 7.207950583841903 -0.08583891695332949 0.8124184916083558
    vertex 7.203366317772862 -0.1312879071150196 0.8130966199106275
    vertex 7.074438691896719 -0.1690188495050833 0.7896382843287598
  endloop
endfacet
facet normal 0.13833 0.000274555 -0.990386
  outer loop
    vertex 5.621195522505005 -0.8504730543600352 0.5638251765639775
    vertex 5.460885057409449 -0.8472819490611975 0.5414350607284973
    vertex 5.622549306816959 -0.8037421093028827 0.5640272180531769
  endloop
endfacet
facet normal 0.135867 0.000370385 -0.990727
  outer loop
    vertex 5.460885057409449 -0.8472819490611975 0.5414350607284973
    vertex 5.433614512451141 -0.9003636151879236 0.5376753701783172
    vertex 5.330654672705913 -0.8790573099554018 0.5235635615162562
  endloop
endfacet
facet normal 0.132143 0.000945737 -0.99123
  outer loop
    vertex 5.330654672705913 -0.8790573099554018 0.5235635615162562
    vertex 5.244508618038401 -0.9444050423796255 0.5120168635012787
    vertex 5.1996787740958 -0.9078384243726346 0.5060753714362172
  endloop
endfacet
facet normal 0.130162 -0.00152552 -0.991492
  outer loop
    vertex 5.1996787740958 -0.9078384243726346 0.5060753714362172
    vertex 5.244508618038401 -0.9444050423796255 0.5120168635012787
    vertex 5.186341378911794 -0.9105830439205633 0.5043286704580605
  endloop
endfacet
facet normal 0.129779 -0.00219668 -0.991541
  outer loop
    vertex 5.186341378911794 -0.9105830439205633 0.5043286704580605
    vertex 5.244508618038401 -0.9444050423796255 0.5120168635012787
    vertex 5.172996314062238 -0.9132940050279855 0.5025879975213747
  endloop
endfacet
facet normal 0.124901 0.00275783 -0.992165
  outer loop
    vertex 5.172996314062238 -0.9132940050279855 0.5025879975213747
    vertex 5.053873381163217 -0.9819608573324139 0.4874010958370131
    vertex 5.004081617493624 -0.9444810018560812 0.4812371365070017
  endloop
endfacet
facet normal 0.0786235 -0.00322719 -0.996899
  outer loop
    vertex 3.97435308501647 -1.022869146324364 0.3812159052862664
    vertex 3.88908963648147 -1.071710232358344 0.3746494488503067
    vertex 3.973750618699206 -1.022879440171891 0.3811684232348613
  endloop
endfacet
facet normal 0.0786012 -0.00318823 -0.996901
  outer loop
    vertex 3.973750618699206 -1.022879440171891 0.3811684232348613
    vertex 3.88908963648147 -1.071710232358344 0.3746494488503067
    vertex 3.973148150990945 -1.022889711965184 0.3811209541862631
  endloop
endfacet
facet normal 0.0761656 0.00103102 -0.997095
  outer loop
    vertex 3.88908963648147 -1.071710232358344 0.3746494488503067
    vertex 3.858057254132849 -1.024468165551584 0.3723278109159395
    vertex 3.973148150990945 -1.022889711965184 0.3811209541862631
  endloop
endfacet
facet normal 0.0671706 -0.000832945 -0.997741
  outer loop
    vertex 3.693714966020766 -1.072790391235723 0.3608877532412661
    vertex 3.724996215635451 -1.02548267671575 0.3629541953022509
    vertex 3.742913158683432 -1.02538842170686 0.3641603323533071
  endloop
endfacet
facet normal -8.05005e-06 -6.85065e-05 -1
  outer loop
    vertex 0.1688135762963095 -1.070809147271277 0.3316698923103263
    vertex -0.02704988940399665 -1.070809253055108 0.331671469029183
    vertex -0.02720497122618847 -1.047749620288069 0.3316698905436286
  endloop
endfacet
facet normal 0.0582749 -0.00386956 -0.998293
  outer loop
    vertex 3.693714966020766 -1.072790391235723 0.3608877532412661
    vertex 3.498186358997348 -1.072614437961156 0.3494731871113335
    vertex 3.532002187039494 -1.025903757771965 0.3512661103884489
  endloop
endfacet
facet normal 1.16209e-06 8.42962e-06 -1
  outer loop
    vertex 2.715035689220752 -1.070809051308874 0.3316690455794653
    vertex 2.519172219123868 -1.070809007261717 0.3316688179696368
    vertex 2.560685737507393 -1.024696114919571 0.3316692549258879
  endloop
endfacet
facet normal 5.24938e-07 4.12359e-06 -1
  outer loop
    vertex 2.323309205753023 -1.070809163728377 0.3316697323097885
    vertex 2.162549216267549 -1.024696229780466 0.3316698380716033
    vertex 2.361617475301975 -1.024696250401544 0.3316699425699621
  endloop
endfacet
facet normal -4.66827e-06 8.43784e-06 -1
  outer loop
    vertex 2.519172219123868 -1.070809007261717 0.3316688179696368
    vertex 2.323309205753023 -1.070809163728377 0.3316697323097885
    vertex 2.361617475301975 -1.024696250401544 0.3316699425699621
  endloop
endfacet
facet normal -3.60722e-07 -3.91523e-07 -1
  outer loop
    vertex 2.127445960038701 -1.070809183642387 0.3316698687883969
    vertex 1.963480957347381 -1.024696243901853 0.3316699098799876
    vertex 2.162549216267549 -1.024696229780466 0.3316698380716033
  endloop
endfacet
facet normal -6.96806e-07 -1.35681e-07 -1
  outer loop
    vertex 2.127445960038701 -1.070809183642387 0.3316698687883969
    vertex 2.162549216267549 -1.024696229780466 0.3316698380716033
    vertex 2.323309205753023 -1.070809163728377 0.3316697323097885
  endloop
endfacet
facet normal 1.40653e-07 -5.20059e-07 -1
  outer loop
    vertex 1.93158272318361 -1.07080919023236 0.3316699293748501
    vertex 1.764412664379085 -1.024696238353909 0.3316698818804797
    vertex 1.963480957347381 -1.024696243901853 0.3316699098799876
  endloop
endfacet
facet normal -3.0933e-07 -2.08787e-07 -1
  outer loop
    vertex 2.127445960038701 -1.070809183642387 0.3316698687883969
    vertex 1.93158272318361 -1.07080919023236 0.3316699293748501
    vertex 1.963480957347381 -1.024696243901853 0.3316699098799876
  endloop
endfacet
facet normal -4.50507e-08 8.75541e-07 -1
  outer loop
    vertex 1.735719492650095 -1.070809170987241 0.3316698427993574
    vertex 1.565344437873404 -1.024696240090098 0.3316698908486421
    vertex 1.764412664379085 -1.024696238353909 0.3316698818804797
  endloop
endfacet
facet normal 4.4202e-07 5.72468e-07 -1
  outer loop
    vertex 1.93158272318361 -1.07080919023236 0.3316699293748501
    vertex 1.735719492650095 -1.070809170987241 0.3316698427993574
    vertex 1.764412664379085 -1.024696238353909 0.3316698818804797
  endloop
endfacet
facet normal 1.31444e-08 6.1943e-07 -1
  outer loop
    vertex 1.565344437873404 -1.024696240090098 0.3316698908486421
    vertex 1.539856245740948 -1.070809170300826 0.3316698619498774
    vertex 1.366276174216912 -1.024696239542594 0.3316698882320019
  endloop
endfacet
facet normal -9.7775e-08 6.80739e-07 -1
  outer loop
    vertex 1.565344437873404 -1.024696240090098 0.3316698908486421
    vertex 1.735719492650095 -1.070809170987241 0.3316698427993574
    vertex 1.539856245740948 -1.070809170300826 0.3316698619498774
  endloop
endfacet
facet normal -3.59578e-09 -2.42209e-07 -1
  outer loop
    vertex 1.366276174216912 -1.024696239542594 0.3316698882320019
    vertex 1.343993006925668 -1.07080917284005 0.3316698994810738
    vertex 1.16720791319476 -1.024696239651125 0.3316698889478078
  endloop
endfacet
facet normal -1.91619e-07 -1.5135e-07 -1
  outer loop
    vertex 1.366276174216912 -1.024696239542594 0.3316698882320019
    vertex 1.539856245740948 -1.070809170300826 0.3316698619498774
    vertex 1.343993006925668 -1.07080917284005 0.3316698994810738
  endloop
endfacet
facet normal 1.62408e-09 -3.26869e-07 -1
  outer loop
    vertex 1.16720791319476 -1.024696239651125 0.3316698889478078
    vertex 1.14812977387416 -1.07080916958137 0.3316699039897163
    vertex 0.9681396457159221 -1.024696239554313 0.3316698886245041
  endloop
endfacet
facet normal -2.30193e-08 -3.16673e-07 -1
  outer loop
    vertex 1.16720791319476 -1.024696239651125 0.3316698889478078
    vertex 1.343993006925668 -1.07080917284005 0.3316698994810738
    vertex 1.14812977387416 -1.07080916958137 0.3316699039897163
  endloop
endfacet
facet normal -5.00381e-10 -9.74965e-08 -1
  outer loop
    vertex 0.9681396457159221 -1.024696239554313 0.3316698886245041
    vertex 0.9522665304921444 -1.070809163623751 0.3316698931282963
    vertex 0.7690713811401352 -1.024696239540362 0.3316698887241141
  endloop
endfacet
facet normal 5.54541e-08 -1.16757e-07 -1
  outer loop
    vertex 0.9681396457159221 -1.024696239554313 0.3316698886245041
    vertex 1.14812977387416 -1.07080916958137 0.3316699039897163
    vertex 0.9522665304921444 -1.070809163623751 0.3316698931282963
  endloop
endfacet
facet normal -3.27173e-10 1.18725e-08 -1
  outer loop
    vertex 0.7690713811401352 -1.024696239540362 0.3316698887241141
    vertex 0.7564032915670102 -1.070809158703655 0.3316698881807832
    vertex 0.5700031303986555 -1.024696239519242 0.3316698887892437
  endloop
endfacet
facet normal 2.526e-08 4.84321e-09 -1
  outer loop
    vertex 0.9522665304921444 -1.070809163623751 0.3316698931282963
    vertex 0.7564032915670102 -1.070809158703655 0.3316698881807832
    vertex 0.7690713811401352 -1.024696239540362 0.3316698887241141
  endloop
endfacet
facet normal 2.33642e-10 -2.92905e-08 -1
  outer loop
    vertex 0.5700031303986555 -1.024696239519242 0.3316698887892437
    vertex 0.5605400559134065 -1.070809154995095 0.331669890137703
    vertex 0.3709348634927152 -1.024696239475845 0.3316698887427331
  endloop
endfacet
facet normal -9.99126e-09 -2.71922e-08 -1
  outer loop
    vertex 0.5700031303986555 -1.024696239519242 0.3316698887892437
    vertex 0.7564032915670102 -1.070809158703655 0.3316698881807832
    vertex 0.5605400559134065 -1.070809154995095 0.331669890137703
  endloop
endfacet
facet normal 1.23449e-10 -7.97182e-08 -1
  outer loop
    vertex 0.3709348634927152 -1.024696239475845 0.3316698887427331
    vertex 0.3646768148578919 -1.070809151342916 0.3316698924179987
    vertex 0.1718666033254634 -1.024696239436587 0.3316698887181582
  endloop
endfacet
facet normal -1.16423e-08 -7.81215e-08 -1
  outer loop
    vertex 0.3709348634927152 -1.024696239475845 0.3316698887427331
    vertex 0.5605400559134065 -1.070809154995095 0.331669890137703
    vertex 0.3646768148578919 -1.070809151342916 0.3316698924179987
  endloop
endfacet
facet normal 5.49731e-10 -7.79358e-08 -1
  outer loop
    vertex 0.3646768148578919 -1.070809151342916 0.3316698924179987
    vertex 0.1688135762963095 -1.070809147271277 0.3316698923103263
    vertex 0.1718666033254634 -1.024696239436587 0.3316698887181582
  endloop
endfacet
facet normal 0.145294 0.0027178 -0.989385
  outer loop
    vertex 6.099629479583786 -0.6476345843177975 0.6330789242608053
    vertex 5.991203376025029 -0.7335379638012942 0.6169202367009767
    vertex 5.9421058034915 -0.7040703730785205 0.6097910501425281
  endloop
endfacet
facet normal 0.142503 0.00158415 -0.989793
  outer loop
    vertex 5.9421058034915 -0.7040703730785205 0.6097910501425281
    vertex 5.80715022469429 -0.7949406069465532 0.5902157845835529
    vertex 5.783009320156316 -0.7560421580914154 0.5868024256222152
  endloop
endfacet
facet normal 0.14045 0.00021186 -0.990088
  outer loop
    vertex 5.80715022469429 -0.7949406069465532 0.5902157845835529
    vertex 5.621195522505005 -0.8504730543600352 0.5638251765639775
    vertex 5.622549306816959 -0.8037421093028827 0.5640272180531769
  endloop
endfacet
facet normal 0.116274 0.00252412 -0.993214
  outer loop
    vertex 5.004081617493624 -0.9444810018560812 0.4812371365070017
    vertex 4.8617661928777 -1.01234518671803 0.46440396734594
    vertex 4.834014545578528 -0.969745826792678 0.4612633745379198
  endloop
endfacet
facet normal 0.106692 0.000644536 -0.994292
  outer loop
    vertex 4.834014545578528 -0.969745826792678 0.4612633745379198
    vertex 4.66838248498067 -1.035173234685239 0.4434479123077804
    vertex 4.66297423045482 -0.9889405449498712 0.4428975524493289
  endloop
endfacet
facet normal 0.108071 -0.00288827 -0.994139
  outer loop
    vertex 4.834014545578528 -0.969745826792678 0.4612633745379198
    vertex 4.8617661928777 -1.01234518671803 0.46440396734594
    vertex 4.66838248498067 -1.035173234685239 0.4434479123077804
  endloop
endfacet
facet normal 0.0981689 -0.000362926 -0.99517
  outer loop
    vertex 4.66297423045482 -0.9889405449498712 0.4428975524493289
    vertex 4.66838248498067 -1.035173234685239 0.4434479123077804
    vertex 4.491275118392055 -1.002876979602501 0.4259653084621318
  endloop
endfacet
facet normal 0.0911868 0.00125177 -0.995833
  outer loop
    vertex 4.491275118392055 -1.002876979602501 0.4259653084621318
    vertex 4.474132124468719 -1.05131434003501 0.4243346670493071
    vertex 4.319169968734232 -1.012537481260828 0.4101937825934759
  endloop
endfacet
facet normal 0.0980198 -0.00118843 -0.995184
  outer loop
    vertex 4.66838248498067 -1.035173234685239 0.4434479123077804
    vertex 4.474132124468719 -1.05131434003501 0.4243346670493071
    vertex 4.491275118392055 -1.002876979602501 0.4259653084621318
  endloop
endfacet
facet normal 0.0861296 0.00148502 -0.996283
  outer loop
    vertex 4.319169968734232 -1.012537481260828 0.4101937825934759
    vertex 4.279363948262178 -1.061988782983433 0.4066788027809049
    vertex 4.146833858942022 -1.01892907089113 0.3952856290654959
  endloop
endfacet
facet normal 0.0903873 -0.00196912 -0.995905
  outer loop
    vertex 4.319169968734232 -1.012537481260828 0.4101937825934759
    vertex 4.474132124468719 -1.05131434003501 0.4243346670493071
    vertex 4.279363948262178 -1.061988782983433 0.4066788027809049
  endloop
endfacet
facet normal -2.75632e-17 0.307947 -0.951404
  outer loop
    vertex 2.342240461048393 0.6552187351017933 0.2120787767129542
    vertex 2.128711912755409 0.6471444890501306 0.2094653346152553
    vertex 2.267497663804733 0.8364183802548369 0.2707288076509565
  endloop
endfacet
facet normal 0.0749499 0.41582 -0.906353
  outer loop
    vertex 3.973148448065617 1.022889706906936 0.38112097758979
    vertex 3.958065971503097 0.9591939250904984 0.350651187344211
    vertex 3.858058298282923 1.02446815444659 0.3723278880181865
  endloop
endfacet
facet normal 3.53352e-16 0.307947 -0.951404
  outer loop
    vertex 2.128711912755409 0.6471444890501306 0.2094653346152553
    vertex 2.068159415267401 0.833799833369972 0.2698812460805117
    vertex 2.267497663804733 0.8364183802548369 0.2707288076509565
  endloop
endfacet
facet normal 0.440747 0.63804 -0.631385
  outer loop
    vertex 6.805381693200262 0.3243015272032648 0.7448070304876739
    vertex 6.714605650387563 0.3018475260298363 0.658748856699384
    vertex 6.675023654163589 0.3932753293304353 0.7235095647780787
  endloop
endfacet
facet normal 0.0729964 0.416347 -0.906271
  outer loop
    vertex 3.974353240300263 1.022869143669206 0.3812159175266962
    vertex 4.048983527205042 0.9453674235129765 0.3516222278368569
    vertex 3.958065971503097 0.9591939250904984 0.350651187344211
  endloop
endfacet
facet normal 0.389266 0.627462 -0.674362
  outer loop
    vertex 6.568182273478021 0.236729856676656 0.504412517738442
    vertex 6.733967614822916 0.1227730396604956 0.4940782663480903
    vertex 6.562554150165391 0.1254823619764481 0.3976532375030543
  endloop
endfacet
facet normal 0.0679822 0.402012 -0.913107
  outer loop
    vertex 3.858058298282923 1.02446815444659 0.3723278880181865
    vertex 3.821500255312885 0.9450909074894358 0.3346588668083513
    vertex 3.742914950602199 1.025388411684104 0.3641604539044849
  endloop
endfacet
facet normal 0.327217 0.614228 -0.71809
  outer loop
    vertex 6.026878171216344 0.6743406661551424 0.6222495939294053
    vertex 6.183761276086817 0.5372993568126102 0.5765172901268012
    vertex 6.071606783287344 0.4948951111508695 0.4891400643048814
  endloop
endfacet
facet normal 0.0733637 0.408115 -0.909978
  outer loop
    vertex 4.059595765079679 0.8201341533047263 0.2963120894572355
    vertex 4.048983527205042 0.9453674235129765 0.3516222278368569
    vertex 4.236551689083583 0.8910432801305985 0.3423804719064384
  endloop
endfacet
facet normal 0.399017 0.633372 -0.663043
  outer loop
    vertex 6.542919422442994 0.4588215381851033 0.7021508887124734
    vertex 6.458117391248583 0.4266212462412392 0.6203580679575319
    vertex 6.409089676494193 0.5207657690095572 0.6807848901618242
  endloop
endfacet
facet normal -2.9886e-16 0.307947 -0.951404
  outer loop
    vertex 1.863947560817345 0.8606760845016046 0.2785804516393108
    vertex 2.068159415267401 0.833799833369972 0.2698812460805117
    vertex 1.915624571393084 0.6442960619247216 0.2085433662588119
  endloop
endfacet
facet normal 0.00050419 0.313798 -0.94949
  outer loop
    vertex 4.176707511741668 0 -6.056049504713478e-07
    vertex 4.293642709369128 0.1845748112817353 0.06106184233655684
    vertex 4.375514275463184 0 0.0001049630456568421
  endloop
endfacet
facet normal 0.302808 0.615335 -0.727784
  outer loop
    vertex 6.026878171216344 0.6743406661551424 0.6222495939294053
    vertex 6.071606783287344 0.4948951111508695 0.4891400643048814
    vertex 5.889176824167844 0.5850274802135589 0.4894429402943032
  endloop
endfacet
facet normal 1.35223e-16 0.307947 -0.951404
  outer loop
    vertex 2.735220484643085 0.6672340306693899 0.2159678431411671
    vertex 2.541065889511383 0.6616478826075162 0.2141597393980475
    vertex 2.653256175800777 0.8436432975411542 0.27306734215531
  endloop
endfacet
facet normal 0.00408683 0.32268 -0.946499
  outer loop
    vertex 4.05205950620226 0.1743394725240372 0.05652929977035566
    vertex 4.192623273106007 0.346922046021316 0.1159729916498999
    vertex 4.293642709369128 0.1845748112817353 0.06106184233655684
  endloop
endfacet
facet normal 0.163587 0.504371 -0.84785
  outer loop
    vertex 5.108875802844638 0.5990072735739559 0.292589585949074
    vertex 5.012730563415946 0.7183009626526758 0.3450047052007942
    vertex 5.190514452765539 0.750601219695507 0.3985218365084369
  endloop
endfacet
facet normal 0.100758 0.448146 -0.888264
  outer loop
    vertex 5.276910171801072 0.1725909568999106 0.09160339568789094
    vertex 5.131278219793698 0.3270411979893972 0.1530069648661999
    vertex 5.315861240382578 0.354494371482839 0.1877953452287696
  endloop
endfacet
facet normal 0.00463372 0.311435 -0.950256
  outer loop
    vertex 4.05205950620226 0.1743394725240372 0.05652929977035566
    vertex 4.293642709369128 0.1845748112817353 0.06106184233655684
    vertex 4.176707511741668 0 -6.056049504713478e-07
  endloop
endfacet
facet normal 0.0129429 0.316193 -0.948607
  outer loop
    vertex 4.025853206501049 0.3381305240642105 0.1107671438421746
    vertex 4.192623273106007 0.346922046021316 0.1159729916498999
    vertex 4.05205950620226 0.1743394725240372 0.05652929977035566
  endloop
endfacet
facet normal 4.75363e-17 0.307947 -0.951404
  outer loop
    vertex 2.541065889511383 0.6616478826075162 0.2141597393980475
    vertex 2.45909412641787 0.8381400477586134 0.2712860706206282
    vertex 2.653256175800777 0.8436432975411542 0.27306734215531
  endloop
endfacet
facet normal -3.35985e-16 0.307947 -0.951404
  outer loop
    vertex 2.267497663804733 0.8364183802548369 0.2707288076509565
    vertex 2.45909412641787 0.8381400477586134 0.2712860706206282
    vertex 2.342240461048393 0.6552187351017933 0.2120787767129542
  endloop
endfacet
facet normal 0 0.307947 -0.951404
  outer loop
    vertex 0.3362491906233175 0.5619428543440744 0.1818875846298293
    vertex 0.3000907007856681 0.3515696284343842 0.113794756977162
    vertex 0.1434108493794973 0.4356442574288134 0.1410077219223171
  endloop
endfacet
facet normal 0.0612349 0.418069 -0.906349
  outer loop
    vertex 5.066220004755048 0.1647897244341153 0.07377027459499358
    vertex 5.131278219793698 0.3270411979893972 0.1530069648661999
    vertex 5.276910171801072 0.1725909568999106 0.09160339568789094
  endloop
endfacet
facet normal -2.34775e-08 0.307952 -0.951402
  outer loop
    vertex 3.106411608599271 0.6713829395091049 0.2173107466087909
    vertex 2.92436748785738 0.6706652393906534 0.2170784440890159
    vertex 3.021255199845799 0.8496651865412599 0.275017602925417
  endloop
endfacet
facet normal 0.0638288 0.392623 -0.917482
  outer loop
    vertex 3.742914950602199 1.025388411684104 0.3641604539044849
    vertex 3.735845691575127 0.9473800519517847 0.3302861543235115
    vertex 3.724996494306251 1.025482675341042 0.3629542139174945
  endloop
endfacet
facet normal -1.92463e-17 0.307947 -0.951404
  outer loop
    vertex 2.653256175800777 0.8436432975411542 0.27306734215531
    vertex 2.841475350821247 0.8472238608518022 0.2742262856442314
    vertex 2.735220484643085 0.6672340306693899 0.2159678431411671
  endloop
endfacet
facet normal 5.87909e-06 0.307949 -0.951403
  outer loop
    vertex 2.92436748785738 0.6706652393906534 0.2170784440890159
    vertex 2.841475350821247 0.8472238608518022 0.2742262856442314
    vertex 3.021255199845799 0.8496651865412599 0.275017602925417
  endloop
endfacet
facet normal 0.113108 0.452282 -0.884674
  outer loop
    vertex 4.590817797008745 0.868061410308159 0.3675822673694345
    vertex 4.750614082222449 0.8485334863061409 0.3780292104325237
    vertex 4.647208973045657 0.6977772739859875 0.2877356635000384
  endloop
endfacet
facet normal 0.202787 0.538357 -0.817954
  outer loop
    vertex 5.172994757997834 0.9132943190699869 0.5025877949714337
    vertex 5.079434523392493 0.8363358530629377 0.4287401635687514
    vertex 5.004080295948237 0.9444812220516308 0.481236975147956
  endloop
endfacet
facet normal 0.144959 0.513107 -0.845995
  outer loop
    vertex 5.108875802844638 0.5990072735739559 0.292589585949074
    vertex 5.190514452765539 0.750601219695507 0.3985218365084369
    vertex 5.2598166905348 0.6117203281013652 0.3261634800179132
  endloop
endfacet
facet normal 0.296019 0.606444 -0.73797
  outer loop
    vertex 6.398799901179046 0.1295681338671492 0.321646161108046
    vertex 6.220673542048084 0.1335130926595092 0.2534369323633527
    vertex 6.29525911505648 0.261316963332644 0.3883809128635546
  endloop
endfacet
facet normal 1.40767e-16 0.307947 -0.951404
  outer loop
    vertex 0.1434108493794973 0.4356442574288134 0.1410077219223171
    vertex 0.1634083565780465 0.6007402170880888 0.1944453715025764
    vertex 0.3362491906233175 0.5619428543440744 0.1818875846298293
  endloop
endfacet
facet normal 0.0560948 0.38069 -0.923
  outer loop
    vertex 3.707076734985269 1.025565429292959 0.3617666399020735
    vertex 3.621932785788952 0.9203936226441343 0.3132140422166727
    vertex 3.532001648271708 1.02590375760732 0.3512660811295671
  endloop
endfacet
facet normal 1.01364e-16 0.307947 -0.951404
  outer loop
    vertex 2.878801088174941 0.3466608915999196 0.1122059151945818
    vertex 3.053866899796183 0.3764749173054321 0.121856008761475
    vertex 3.064269911571532 0.1806094796695977 0.05845900835717208
  endloop
endfacet
facet normal 0 0.307947 -0.951404
  outer loop
    vertex 3.064269911571532 0.1806094796695977 0.05845900835717208
    vertex 2.854375984478613 0.1699569671852354 0.05501104251679964
    vertex 2.878801088174941 0.3466608915999196 0.1122059151945818
  endloop
endfacet
facet normal 0.435929 0.644634 -0.628023
  outer loop
    vertex 6.805381693200262 0.3243015272032648 0.7448070304876739
    vertex 6.796051622283085 0.2694963892182509 0.6820761055004583
    vertex 6.714605650387563 0.3018475260298363 0.658748856699384
  endloop
endfacet
facet normal 0.0708151 0.413133 -0.907913
  outer loop
    vertex 4.236551689083583 0.8910432801305985 0.3423804719064384
    vertex 4.185303304129994 0.7449971875489564 0.2719269324541354
    vertex 4.059595765079679 0.8201341533047263 0.2963120894572355
  endloop
endfacet
facet normal 0.398236 0.639034 -0.658061
  outer loop
    vertex 6.568182273478021 0.236729856676656 0.504412517738442
    vertex 6.689381787118321 0.2409533407932448 0.5818597486578503
    vertex 6.733967614822916 0.1227730396604956 0.4940782663480903
  endloop
endfacet
facet normal -1.50838e-16 0.307947 -0.951404
  outer loop
    vertex 2.735220484643085 0.6672340306693899 0.2159678431411671
    vertex 2.841475350821247 0.8472238608518022 0.2742262856442314
    vertex 2.92436748785738 0.6706652393906534 0.2170784440890159
  endloop
endfacet
facet normal 2.00124e-17 0.307947 -0.951404
  outer loop
    vertex 1.915624571393084 0.6442960619247216 0.2085433662588119
    vertex 2.068159415267401 0.833799833369972 0.2698812460805117
    vertex 2.128711912755409 0.6471444890501306 0.2094653346152553
  endloop
endfacet
facet normal 0.00920347 0.312978 -0.949716
  outer loop
    vertex 3.786257386610766 0.3153087564209257 0.1020805548020003
    vertex 3.787672705200481 0.4504650550789939 0.1466349856591604
    vertex 3.912964540294126 0.445992359952849 0.1463751841619287
  endloop
endfacet
facet normal 0.383751 0.64158 -0.664161
  outer loop
    vertex 6.562554150165391 0.1254823619764481 0.3976532375030543
    vertex 6.733967614822916 0.1227730396604956 0.4940782663480903
    vertex 6.705297883227836 0 0.3589141127307176
  endloop
endfacet
facet normal -3.21357e-07 0.307947 -0.951404
  outer loop
    vertex 2.162549838256559 1.024696229778427 0.3316698380696257
    vertex 2.068159415267401 0.833799833369972 0.2698812460805117
    vertex 1.963481656609681 1.02469624389984 0.3316699098798856
  endloop
endfacet
facet normal 0.00439791 0.315352 -0.948965
  outer loop
    vertex 4.293642709369128 0.1845748112817353 0.06106184233655684
    vertex 4.475417171728947 0.0970038648240038 0.03280344258164952
    vertex 4.375514275463184 0 0.0001049630456568421
  endloop
endfacet
facet normal 0.021273 0.350089 -0.936475
  outer loop
    vertex 3.62252599049925 0.6792744137392089 0.2231004788311173
    vertex 3.710309674739381 0.8273776543961587 0.2804610865207433
    vertex 3.772024857445867 0.6808784664166061 0.2270961620332362
  endloop
endfacet
facet normal 0.0832434 0.42444 -0.901622
  outer loop
    vertex 4.14683376422633 1.018929073629666 0.3952856211865191
    vertex 4.048983527205042 0.9453674235129765 0.3516222278368569
    vertex 3.974353240300263 1.022869143669206 0.3812159175266962
  endloop
endfacet
facet normal 0.366713 0.63126 -0.683398
  outer loop
    vertex 6.393550942672007 0.4697677133726512 0.6241908929949159
    vertex 6.386805924429178 0.3959954486798741 0.552427505744619
    vertex 6.290544491061345 0.4870618587683204 0.5848921335338353
  endloop
endfacet
facet normal -1.21633e-16 0.307947 -0.951404
  outer loop
    vertex 2.342240461048393 0.6552187351017933 0.2120787767129542
    vertex 2.45909412641787 0.8381400477586134 0.2712860706206282
    vertex 2.541065889511383 0.6616478826075162 0.2141597393980475
  endloop
endfacet
facet normal -4.37489e-17 0.307947 -0.951404
  outer loop
    vertex 3.567213138261031 0.2891044755327628 0.09357626732651822
    vertex 3.383024903744126 0.3035072311342645 0.09823809798798058
    vertex 3.4681480427573 0.4248616832760724 0.1375176582021844
  endloop
endfacet
facet normal 0.498062 0.638915 -0.586277
  outer loop
    vertex 7.207625621827484 0.08604593679145511 0.8123624021776124
    vertex 7.102776730816107 0.0749588256276008 0.7112071881172537
    vertex 7.074449614578872 0.1690122055741394 0.7896401320778281
  endloop
endfacet
facet normal 0.0969947 0.461596 -0.881771
  outer loop
    vertex 4.647208973045657 0.6977772739859875 0.2877356635000384
    vertex 4.750614082222449 0.8485334863061409 0.3780292104325237
    vertex 4.826252478530335 0.7017545244644511 0.3095124654848255
  endloop
endfacet
facet normal 0.382202 0.631846 -0.674309
  outer loop
    vertex 6.458117391248583 0.4266212462412392 0.6203580679575319
    vertex 6.393550942672007 0.4697677133726512 0.6241908929949159
    vertex 6.409089676494193 0.5207657690095572 0.6807848901618242
  endloop
endfacet
facet normal 0.0995785 0.448401 -0.888269
  outer loop
    vertex 5.315861240382578 0.354494371482839 0.1877953452287696
    vertex 5.444295099428188 0.2718968587460833 0.1604978364316075
    vertex 5.276910171801072 0.1725909568999106 0.09160339568789094
  endloop
endfacet
facet normal 0.00393251 0.317583 -0.948222
  outer loop
    vertex 3.912964540294126 0.445992359952849 0.1463751841619287
    vertex 3.911113048645486 0.280946923182213 0.09108974124310457
    vertex 3.786257386610766 0.3153087564209257 0.1020805548020003
  endloop
endfacet
facet normal 0.319697 0.61958 -0.716878
  outer loop
    vertex 6.1479302688358 0.3759323554964246 0.4217377056018907
    vertex 6.272969888372954 0.3868543212753144 0.4869396116761703
    vertex 6.29525911505648 0.261316963332644 0.3883809128635546
  endloop
endfacet
facet normal -3.22446e-17 0.307947 -0.951404
  outer loop
    vertex 3.477546591883766 0.1571701487154564 0.0508722524092487
    vertex 3.383024903744126 0.3035072311342645 0.09823809798798058
    vertex 3.567213138261031 0.2891044755327628 0.09357626732651822
  endloop
endfacet
facet normal 0.0713936 0.405453 -0.911324
  outer loop
    vertex 3.958065971503097 0.9591939250904984 0.350651187344211
    vertex 4.048983527205042 0.9453674235129765 0.3516222278368569
    vertex 3.967164790633849 0.8850024196330646 0.3183557481516025
  endloop
endfacet
facet normal 0.339413 0.617407 -0.709653
  outer loop
    vertex 6.272969888372954 0.3868543212753144 0.4869396116761703
    vertex 6.375505846055404 0.3235782578569023 0.480929540611123
    vertex 6.29525911505648 0.261316963332644 0.3883809128635546
  endloop
endfacet
facet normal -5.55971e-17 0.307947 -0.951404
  outer loop
    vertex 1.272049023789249 0.1496007970459042 0.04842223265769291
    vertex 1.150904550485134 0.2999603189360067 0.09709004656665196
    vertex 1.347670850753591 0.3007835179131033 0.09735649656678338
  endloop
endfacet
facet normal -2.05721e-17 0.307947 -0.951404
  outer loop
    vertex 1.075228532180876 0.1494276967456457 0.04836620419275326
    vertex 1.150904550485134 0.2999603189360067 0.09709004656665196
    vertex 1.272049023789249 0.1496007970459042 0.04842223265769291
  endloop
endfacet
facet normal 0.0529029 0.387238 -0.920461
  outer loop
    vertex 4.185303304129994 0.7449971875489564 0.2719269324541354
    vertex 4.026285520620284 0.7093825493197378 0.2478044165798949
    vertex 4.059595765079679 0.8201341533047263 0.2963120894572355
  endloop
endfacet
facet normal 0.447398 0.637965 -0.626766
  outer loop
    vertex 6.87460138425924 0 0.4630416876792018
    vertex 6.849869986634708 0.1303958041303213 0.5781137297854058
    vertex 7.036385716796551 0 0.5785265640706418
  endloop
endfacet
facet normal -1.40781e-16 0.307947 -0.951404
  outer loop
    vertex 1.669461204745086 0.1518276784135404 0.04914302138217862
    vertex 1.748258611554357 0.3066074650773043 0.0992415702437941
    vertex 1.86955934548367 0.1543330818239397 0.0499539610912933
  endloop
endfacet
facet normal -1.05165e-16 0.307947 -0.951404
  outer loop
    vertex 1.86955934548367 0.1543330818239397 0.0499539610912933
    vertex 1.748258611554357 0.3066074650773043 0.0992415702437941
    vertex 1.949319680983752 0.3129618143063984 0.1012983224993654
  endloop
endfacet
facet normal 1.11098e-16 0.307947 -0.951404
  outer loop
    vertex 2.854375984478613 0.1699569671852354 0.05501104251679964
    vertex 2.709389675295637 0.3374677750147185 0.109230321220966
    vertex 2.878801088174941 0.3466608915999196 0.1122059151945818
  endloop
endfacet
facet normal 1.01763e-16 0.307947 -0.951404
  outer loop
    vertex 1.915624571393084 0.6442960619247216 0.2085433662588119
    vertex 1.739346390139035 0.7547199126559707 0.2442849498375826
    vertex 1.863947560817345 0.8606760845016046 0.2785804516393108
  endloop
endfacet
facet normal -1.60624e-16 0.307947 -0.951404
  outer loop
    vertex 0.4798510800256106 0.8842081369284821 0.2861972193305795
    vertex 0.6218560118625492 0.7109376382168543 0.2301136651851129
    vertex 0.4435611022306116 0.7114166064965137 0.2302686958663079
  endloop
endfacet
facet normal 0.229558 0.561679 -0.794871
  outer loop
    vertex 5.330655488434607 0.8790571205967728 0.5235636721250788
    vertex 5.264695630206247 0.8184826267992819 0.4617108403284536
    vertex 5.199680274942027 0.9078381135502953 0.5060755683788059
  endloop
endfacet
facet normal 0.0326657 0.344072 -0.938375
  outer loop
    vertex 3.62252599049925 0.6792744137392089 0.2231004788311173
    vertex 3.53978964971735 0.7986253546832019 0.2639825593189783
    vertex 3.710309674739381 0.8273776543961587 0.2804610865207433
  endloop
endfacet
facet normal 0.298119 0.605309 -0.738056
  outer loop
    vertex 6.220673542048084 0.1335130926595092 0.2534369323633527
    vertex 6.116220334560777 0.2640770437680344 0.3183264176586885
    vertex 6.29525911505648 0.261316963332644 0.3883809128635546
  endloop
endfacet
facet normal 0.053953 0.383552 -0.921942
  outer loop
    vertex 4.13726073741641 0.6113568381454479 0.2135175293882898
    vertex 4.026285520620284 0.7093825493197378 0.2478044165798949
    vertex 4.185303304129994 0.7449971875489564 0.2719269324541354
  endloop
endfacet
facet normal 0.343238 0.619243 -0.706205
  outer loop
    vertex 6.398799901179046 0.1295681338671492 0.321646161108046
    vertex 6.44051929354512 0.2466462697963937 0.44458432366725
    vertex 6.562554150165391 0.1254823619764481 0.3976532375030543
  endloop
endfacet
facet normal 0.0573559 0.393274 -0.917631
  outer loop
    vertex 3.821500255312885 0.9450909074894358 0.3346588668083513
    vertex 3.735845691575127 0.9473800519517847 0.3302861543235115
    vertex 3.742914950602199 1.025388411684104 0.3641604539044849
  endloop
endfacet
facet normal 0.453255 0.636789 -0.623747
  outer loop
    vertex 6.849308472578899 0.3001204566953845 0.7520403843187664
    vertex 6.796051622283085 0.2694963892182509 0.6820761055004583
    vertex 6.805381693200262 0.3243015272032648 0.7448070304876739
  endloop
endfacet
facet normal -5.63904e-07 0.308072 -0.951363
  outer loop
    vertex 3.680796784726144 0.1590483316099889 0.05148017570169508
    vertex 3.786257386610766 0.3153087564209257 0.1020805548020003
    vertex 3.876159277732823 0.1598473767081864 0.05173880766364269
  endloop
endfacet
facet normal 0.0134212 0.327066 -0.944906
  outer loop
    vertex 3.157850190962638 1.025281759446218 0.3364210602551483
    vertex 3.30597097594373 0.9186270559586796 0.3016078402621333
    vertex 3.211572899327299 0.8108833930034659 0.2629730164451366
  endloop
endfacet
facet normal 8.13649e-05 0.308073 -0.951363
  outer loop
    vertex 3.786257386610766 0.3153087564209257 0.1020805548020003
    vertex 3.567213138261031 0.2891044755327628 0.09357626732651822
    vertex 3.638562802851162 0.4220311867145224 0.1366271210075013
  endloop
endfacet
facet normal 0.395405 0.636724 -0.661995
  outer loop
    vertex 6.568182273478021 0.236729856676656 0.504412517738442
    vertex 6.502838691963233 0.3258646623267158 0.551115437276389
    vertex 6.614553752521142 0.3387375687212897 0.6302236758079462
  endloop
endfacet
facet normal 3.13208e-09 0.307947 -0.951404
  outer loop
    vertex 2.267497663804733 0.8364183802548369 0.2707288076509565
    vertex 2.068159415267401 0.833799833369972 0.2698812460805117
    vertex 2.162549838256559 1.024696229778427 0.3316698380696257
  endloop
endfacet
facet normal 5.98684e-17 0.307947 -0.951404
  outer loop
    vertex 2.662007389219046 0.1664214399908168 0.05386667615140381
    vertex 2.709389675295637 0.3374677750147185 0.109230321220966
    vertex 2.854375984478613 0.1699569671852354 0.05501104251679964
  endloop
endfacet
facet normal 0.336329 0.622339 -0.706808
  outer loop
    vertex 6.398799901179046 0.1295681338671492 0.321646161108046
    vertex 6.29525911505648 0.261316963332644 0.3883809128635546
    vertex 6.44051929354512 0.2466462697963937 0.44458432366725
  endloop
endfacet
facet normal 0.469672 0.637764 -0.610464
  outer loop
    vertex 6.984161223060511 0.2230065961082336 0.7744484576082166
    vertex 6.901629146916545 0.1947276843187094 0.6814073403809652
    vertex 6.893038961801312 0.2755857752548658 0.7592723939890059
  endloop
endfacet
facet normal 0.484477 0.635333 -0.60136
  outer loop
    vertex 7.036385716796551 0 0.5785265640706418
    vertex 7.102776730816107 0.0749588256276008 0.7112071881172537
    vertex 7.191182859599861 0 0.7032367615275728
  endloop
endfacet
facet normal -1.37804e-16 0.307947 -0.951404
  outer loop
    vertex 0.6908266690612355 0.8745272980388756 0.2830637612054177
    vertex 0.6218560118625492 0.7109376382168543 0.2301136651851129
    vertex 0.4798510800256106 0.8842081369284821 0.2861972193305795
  endloop
endfacet
facet normal 0.162243 0.508304 -0.845757
  outer loop
    vertex 5.190514452765539 0.750601219695507 0.3985218365084369
    vertex 5.012730563415946 0.7183009626526758 0.3450047052007942
    vertex 5.079434523392493 0.8363358530629377 0.4287401635687514
  endloop
endfacet
facet normal 4.94989e-17 0.307947 -0.951404
  outer loop
    vertex 2.267102154715543 0.1608632773074956 0.05206763061210432
    vertex 2.341098284870371 0.3337058260737717 0.1080126675021226
    vertex 2.464191187930598 0.1635898738241796 0.05295016528773186
  endloop
endfacet
facet normal -3.07695e-06 0.307946 -0.951404
  outer loop
    vertex 2.560686204948825 1.024696114915165 0.3316692549077318
    vertex 2.45909412641787 0.8381400477586134 0.2712860706206282
    vertex 2.361618020017939 1.024696250400351 0.3316699425709324
  endloop
endfacet
facet normal 0.478816 0.639867 -0.601088
  outer loop
    vertex 7.009762351188996 0.1429022788331777 0.7094404126087613
    vertex 7.102776730816107 0.0749588256276008 0.7112071881172537
    vertex 7.036385716796551 0 0.5785265640706418
  endloop
endfacet
facet normal 0.367982 0.63406 -0.680115
  outer loop
    vertex 6.44051929354512 0.2466462697963937 0.44458432366725
    vertex 6.568182273478021 0.236729856676656 0.504412517738442
    vertex 6.562554150165391 0.1254823619764481 0.3976532375030543
  endloop
endfacet
facet normal 8.42239e-17 0.307947 -0.951404
  outer loop
    vertex 0.4724192151179945 0.4058009374500582 0.1313481464934119
    vertex 0.3000907007856681 0.3515696284343842 0.113794756977162
    vertex 0.3362491906233175 0.5619428543440744 0.1818875846298293
  endloop
endfacet
facet normal 5.15058e-17 0.307947 -0.951404
  outer loop
    vertex 2.464191187930598 0.1635898738241796 0.05295016528773186
    vertex 2.341098284870371 0.3337058260737717 0.1080126675021226
    vertex 2.529332861888578 0.3338821054892678 0.1080697249713238
  endloop
endfacet
facet normal 0.301663 0.604319 -0.737427
  outer loop
    vertex 6.344377521874826 0 0.1932027173200431
    vertex 6.398799901179046 0.1295681338671492 0.321646161108046
    vertex 6.528329297654023 0 0.2684527483096305
  endloop
endfacet
facet normal 0.387053 0.629614 -0.673629
  outer loop
    vertex 6.409089676494193 0.5207657690095572 0.6807848901618242
    vertex 6.393550942672007 0.4697677133726512 0.6241908929949159
    vertex 6.401048391935185 0.5243478098403318 0.6795125227963477
  endloop
endfacet
facet normal 0.295895 0.606931 -0.737618
  outer loop
    vertex 6.344377521874826 0 0.1932027173200431
    vertex 6.220673542048084 0.1335130926595092 0.2534369323633527
    vertex 6.398799901179046 0.1295681338671492 0.321646161108046
  endloop
endfacet
facet normal 0.299359 0.600577 -0.741412
  outer loop
    vertex 6.116220334560777 0.2640770437680344 0.3183264176586885
    vertex 6.1479302688358 0.3759323554964246 0.4217377056018907
    vertex 6.29525911505648 0.261316963332644 0.3883809128635546
  endloop
endfacet
facet normal 0.0129332 0.331287 -0.943442
  outer loop
    vertex 4.491127186393408 0.2345772661381665 0.08132727495524436
    vertex 4.475417171728947 0.0970038648240038 0.03280344258164952
    vertex 4.293642709369128 0.1845748112817353 0.06106184233655684
  endloop
endfacet
facet normal 8.8806e-05 0.308017 -0.951381
  outer loop
    vertex 3.680796784726144 0.1590483316099889 0.05148017570169508
    vertex 3.567213138261031 0.2891044755327628 0.09357626732651822
    vertex 3.786257386610766 0.3153087564209257 0.1020805548020003
  endloop
endfacet
facet normal 0.340541 0.627793 -0.699934
  outer loop
    vertex 6.398799901179046 0.1295681338671492 0.321646161108046
    vertex 6.562554150165391 0.1254823619764481 0.3976532375030543
    vertex 6.528329297654023 0 0.2684527483096305
  endloop
endfacet
facet normal 1.39337e-08 0.307947 -0.951404
  outer loop
    vertex 1.963481656609681 1.02469624389984 0.3316699098798856
    vertex 2.068159415267401 0.833799833369972 0.2698812460805117
    vertex 1.863947560817345 0.8606760845016046 0.2785804516393108
  endloop
endfacet
facet normal 0.0056808 0.315168 -0.949019
  outer loop
    vertex 4.05205950620226 0.1743394725240372 0.05652929977035566
    vertex 3.911113048645486 0.280946923182213 0.09108974124310457
    vertex 4.025853206501049 0.3381305240642105 0.1107671438421746
  endloop
endfacet
facet normal -1.48819e-09 0.307947 -0.951403
  outer loop
    vertex 3.680796784726144 0.1590483316099889 0.05148017570169508
    vertex 3.876159277732823 0.1598473767081864 0.05173880766364269
    vertex 3.779094084645183 0 -6.09803182962107e-08
  endloop
endfacet
facet normal 0.447223 0.642899 -0.62183
  outer loop
    vertex 6.850261875101108 0.2551969489895556 0.7062804007559613
    vertex 6.796051622283085 0.2694963892182509 0.6820761055004583
    vertex 6.849308472578899 0.3001204566953845 0.7520403843187664
  endloop
endfacet
facet normal 0.266296 0.585519 -0.765672
  outer loop
    vertex 5.65135421538363 0.7955124401452689 0.5680902935817044
    vertex 5.543959661202635 0.7117754084311309 0.4667042843701193
    vertex 5.460885195766798 0.8472819136956038 0.5414350799108923
  endloop
endfacet
facet normal 0.41948 0.639603 -0.644162
  outer loop
    vertex 6.714605650387563 0.3018475260298363 0.658748856699384
    vertex 6.689381787118321 0.2409533407932448 0.5818597486578503
    vertex 6.614553752521142 0.3387375687212897 0.6302236758079462
  endloop
endfacet
facet normal 0.420981 0.643765 -0.639016
  outer loop
    vertex 6.87460138425924 0 0.4630416876792018
    vertex 6.733967614822916 0.1227730396604956 0.4940782663480903
    vertex 6.849869986634708 0.1303958041303213 0.5781137297854058
  endloop
endfacet
facet normal -7.99867e-17 0.307947 -0.951404
  outer loop
    vertex 2.529332861888578 0.3338821054892678 0.1080697249713238
    vertex 2.709389675295637 0.3374677750147185 0.109230321220966
    vertex 2.662007389219046 0.1664214399908168 0.05386667615140381
  endloop
endfacet
facet normal 0.00649804 0.325538 -0.945507
  outer loop
    vertex 3.157850190962638 1.025281759446218 0.3364210602551483
    vertex 3.211572899327299 0.8108833930034659 0.2629730164451366
    vertex 3.021255199845799 0.8496651865412599 0.275017602925417
  endloop
endfacet
facet normal -1.67217e-16 0.307947 -0.951404
  outer loop
    vertex 3.064269911571532 0.1806094796695977 0.05845900835717208
    vertex 3.053866899796183 0.3764749173054321 0.121856008761475
    vertex 3.207783827723478 0.3248403375179846 0.1051431189572662
  endloop
endfacet
facet normal 0.0142759 0.331144 -0.943472
  outer loop
    vertex 4.673313480284655 0.1623390105388569 0.0587294857739086
    vertex 4.475417171728947 0.0970038648240038 0.03280344258164952
    vertex 4.491127186393408 0.2345772661381665 0.08132727495524436
  endloop
endfacet
facet normal 0.0936632 0.447939 -0.889144
  outer loop
    vertex 4.647208973045657 0.6977772739859875 0.2877356635000384
    vertex 4.481559620770953 0.7836710469012678 0.3135581774950624
    vertex 4.590817797008745 0.868061410308159 0.3675822673694345
  endloop
endfacet
facet normal 0.124133 0.472566 -0.872509
  outer loop
    vertex 4.938552278321727 0.5851246339333616 0.2623206471201138
    vertex 4.826252478530335 0.7017545244644511 0.3095124654848255
    vertex 5.012730563415946 0.7183009626526758 0.3450047052007942
  endloop
endfacet
facet normal 0.0740421 0.413492 -0.907492
  outer loop
    vertex 4.954148256251323 0.3119897713128081 0.1316969002096898
    vertex 5.131278219793698 0.3270411979893972 0.1530069648661999
    vertex 5.066220004755048 0.1647897244341153 0.07377027459499358
  endloop
endfacet
facet normal 8.71358e-08 0.307944 -0.951404
  outer loop
    vertex 2.653256175800777 0.8436432975411542 0.27306734215531
    vertex 2.45909412641787 0.8381400477586134 0.2712860706206282
    vertex 2.560686204948825 1.024696114915165 0.3316692549077318
  endloop
endfacet
facet normal 0.0364438 0.355558 -0.933943
  outer loop
    vertex 3.772024857445867 0.6808784664166061 0.2270961620332362
    vertex 3.710309674739381 0.8273776543961587 0.2804610865207433
    vertex 3.835850821545252 0.7864131802257273 0.2697644534205843
  endloop
endfacet
facet normal 0.369382 0.629135 -0.68392
  outer loop
    vertex 6.44051929354512 0.2466462697963937 0.44458432366725
    vertex 6.502838691963233 0.3258646623267158 0.551115437276389
    vertex 6.568182273478021 0.236729856676656 0.504412517738442
  endloop
endfacet
facet normal 0.368893 0.623241 -0.689557
  outer loop
    vertex 6.502838691963233 0.3258646623267158 0.551115437276389
    vertex 6.375505846055404 0.3235782578569023 0.480929540611123
    vertex 6.386805924429178 0.3959954486798741 0.552427505744619
  endloop
endfacet
facet normal -7.77435e-17 0.307947 -0.951404
  outer loop
    vertex 2.662007389219046 0.1664214399908168 0.05386667615140381
    vertex 2.464191187930598 0.1635898738241796 0.05295016528773186
    vertex 2.529332861888578 0.3338821054892678 0.1080697249713238
  endloop
endfacet
facet normal 0.420681 0.637542 -0.645421
  outer loop
    vertex 6.675023654163589 0.3932753293304353 0.7235095647780787
    vertex 6.614553752521142 0.3387375687212897 0.6302236758079462
    vertex 6.542919422442994 0.4588215381851033 0.7021508887124734
  endloop
endfacet
facet normal 0.0248348 0.354981 -0.934544
  outer loop
    vertex 4.491127186393408 0.2345772661381665 0.08132727495524436
    vertex 4.630461825160213 0.29334087886955 0.1073509913003106
    vertex 4.673313480284655 0.1623390105388569 0.0587294857739086
  endloop
endfacet
facet normal 0.2141 0.543274 -0.811797
  outer loop
    vertex 5.846880856139185 0.1408236680137661 0.1532734060211824
    vertex 5.764504931021177 0.2723669503757206 0.2195797228734711
    vertex 5.937438069432242 0.269022464579619 0.2629502364506105
  endloop
endfacet
facet normal 0.118315 0.463321 -0.878257
  outer loop
    vertex 4.938552278321727 0.5851246339333616 0.2623206471201138
    vertex 5.108875802844638 0.5990072735739559 0.292589585949074
    vertex 5.034093139858599 0.4593723739694393 0.2088513065206405
  endloop
endfacet
facet normal -2.29415e-09 0.307947 -0.951404
  outer loop
    vertex 2.361618020017939 1.024696250400351 0.3316699425709324
    vertex 2.45909412641787 0.8381400477586134 0.2712860706206282
    vertex 2.267497663804733 0.8364183802548369 0.2707288076509565
  endloop
endfacet
facet normal 0.400676 0.633837 -0.661596
  outer loop
    vertex 6.614553752521142 0.3387375687212897 0.6302236758079462
    vertex 6.689381787118321 0.2409533407932448 0.5818597486578503
    vertex 6.568182273478021 0.236729856676656 0.504412517738442
  endloop
endfacet
facet normal 0.000512516 0.308243 -0.951308
  outer loop
    vertex 3.977900887012005 0 -9.547188492624951e-08
    vertex 3.876159277732823 0.1598473767081864 0.05173880766364269
    vertex 4.05205950620226 0.1743394725240372 0.05652929977035566
  endloop
endfacet
facet normal 0.0461377 0.387664 -0.920645
  outer loop
    vertex 3.707076734985269 1.025565429292959 0.3617666399020735
    vertex 3.735845691575127 0.9473800519517847 0.3302861543235115
    vertex 3.621932785788952 0.9203936226441343 0.3132140422166727
  endloop
endfacet
facet normal -2.44087e-06 0.308441 -0.951244
  outer loop
    vertex 3.977900887012005 0 -9.547188492624951e-08
    vertex 4.05205950620226 0.1743394725240372 0.05652929977035566
    vertex 4.176707511741668 0 -6.056049504713478e-07
  endloop
endfacet
facet normal 0.0626245 0.39251 -0.917613
  outer loop
    vertex 3.724996494306251 1.025482675341042 0.3629542139174945
    vertex 3.735845691575127 0.9473800519517847 0.3302861543235115
    vertex 3.707076734985269 1.025565429292959 0.3617666399020735
  endloop
endfacet
facet normal 0.247253 0.582598 -0.774239
  outer loop
    vertex 6.220673542048084 0.1335130926595092 0.2534369323633527
    vertex 6.033900038438378 0.1375793358215237 0.1968505739874576
    vertex 6.116220334560777 0.2640770437680344 0.3183264176586885
  endloop
endfacet
facet normal 2.68329e-09 0.307947 -0.951404
  outer loop
    vertex 3.580287134216675 0 4.825937131094405e-08
    vertex 3.477546591883766 0.1571701487154564 0.0508722524092487
    vertex 3.680796784726144 0.1590483316099889 0.05148017570169508
  endloop
endfacet
facet normal 0.00477942 0.309921 -0.95075
  outer loop
    vertex 2.958818383606941 1.024862902008749 0.3327220130400815
    vertex 2.841475350821247 0.8472238608518022 0.2742262856442314
    vertex 2.759754404145216 1.024695629711978 0.3316667925956307
  endloop
endfacet
facet normal 0.198219 0.552571 -0.809552
  outer loop
    vertex 5.846880856139185 0.1408236680137661 0.1532734060211824
    vertex 5.937438069432242 0.269022464579619 0.2629502364506105
    vertex 6.033900038438378 0.1375793358215237 0.1968505739874576
  endloop
endfacet
facet normal 0.0930828 0.436508 -0.894872
  outer loop
    vertex 4.761231348658237 0.5668556133892985 0.2349646743592724
    vertex 4.938552278321727 0.5851246339333616 0.2623206471201138
    vertex 4.859362007735613 0.4409143612315572 0.1837393639723026
  endloop
endfacet
facet normal 0.000450456 0.308923 -0.951087
  outer loop
    vertex 3.876159277732823 0.1598473767081864 0.05173880766364269
    vertex 3.911113048645486 0.280946923182213 0.09108974124310457
    vertex 4.05205950620226 0.1743394725240372 0.05652929977035566
  endloop
endfacet
facet normal 0.116046 0.47645 -0.871509
  outer loop
    vertex 4.938552278321727 0.5851246339333616 0.2623206471201138
    vertex 5.012730563415946 0.7183009626526758 0.3450047052007942
    vertex 5.108875802844638 0.5990072735739559 0.292589585949074
  endloop
endfacet
facet normal 0.402874 0.635087 -0.659058
  outer loop
    vertex 6.614553752521142 0.3387375687212897 0.6302236758079462
    vertex 6.529624388313909 0.3750764950989037 0.6133246371110137
    vertex 6.542919422442994 0.4588215381851033 0.7021508887124734
  endloop
endfacet
facet normal -7.74514e-17 0.307947 -0.951404
  outer loop
    vertex 2.143098666169268 0.3211748715834684 0.1039566945010815
    vertex 2.341098284870371 0.3337058260737717 0.1080126675021226
    vertex 2.267102154715543 0.1608632773074956 0.05206763061210432
  endloop
endfacet
facet normal 0.0674946 0.435075 -0.897861
  outer loop
    vertex 5.369239086126815 0 0.01905892702208688
    vertex 5.473790800457186 0.1502061887057396 0.09970356276158099
    vertex 5.567477535927206 0 0.03396104659515108
  endloop
endfacet
facet normal 0.0627662 0.396692 -0.915803
  outer loop
    vertex 4.294081963236106 0.6354125118893296 0.2315017248114082
    vertex 4.455037271983736 0.6606351542548466 0.2534586060605057
    vertex 4.409430737002019 0.5144984891486364 0.1870318564083948
  endloop
endfacet
facet normal 0.122687 0.480263 -0.868502
  outer loop
    vertex 5.012730563415946 0.7183009626526758 0.3450047052007942
    vertex 4.826252478530335 0.7017545244644511 0.3095124654848255
    vertex 4.909456990829778 0.8300920271739195 0.392234015139686
  endloop
endfacet
facet normal 0.0629397 0.395142 -0.916461
  outer loop
    vertex 5.066220004755048 0.1647897244341153 0.07377027459499358
    vertex 5.276910171801072 0.1725909568999106 0.09160339568789094
    vertex 5.170648917866393 0 0.00989130336918081
  endloop
endfacet
facet normal 0.189076 0.550445 -0.813179
  outer loop
    vertex 5.172994757997834 0.9132943190699869 0.5025877949714337
    vertex 5.186938834901237 0.8490443371276518 0.4623388885613893
    vertex 5.079434523392493 0.8363358530629377 0.4287401635687514
  endloop
endfacet
facet normal 0.0817046 0.441915 -0.893328
  outer loop
    vertex 4.938552278321727 0.5851246339333616 0.2623206471201138
    vertex 5.034093139858599 0.4593723739694393 0.2088513065206405
    vertex 4.859362007735613 0.4409143612315572 0.1837393639723026
  endloop
endfacet
facet normal 0.0853533 0.424534 -0.90138
  outer loop
    vertex 5.369239086126815 0 0.01905892702208688
    vertex 5.276910171801072 0.1725909568999106 0.09160339568789094
    vertex 5.473790800457186 0.1502061887057396 0.09970356276158099
  endloop
endfacet
facet normal 2.93057e-07 0.307933 -0.951408
  outer loop
    vertex 2.759754404145216 1.024695629711978 0.3316667925956307
    vertex 2.841475350821247 0.8472238608518022 0.2742262856442314
    vertex 2.653256175800777 0.8436432975411542 0.27306734215531
  endloop
endfacet
facet normal 0.0256507 0.343351 -0.938857
  outer loop
    vertex 4.673313480284655 0.1623390105388569 0.0587294857739086
    vertex 4.873531404884702 0.1595127541125265 0.06316607585294806
    vertex 4.773121720647288 0 0.0020870217967416
  endloop
endfacet
facet normal 0.352407 0.621835 -0.699379
  outer loop
    vertex 6.386805924429178 0.3959954486798741 0.552427505744619
    vertex 6.272969888372954 0.3868543212753144 0.4869396116761703
    vertex 6.290544491061345 0.4870618587683204 0.5848921335338353
  endloop
endfacet
facet normal 0.200208 0.537402 -0.819217
  outer loop
    vertex 5.846880856139185 0.1408236680137661 0.1532734060211824
    vertex 6.033900038438378 0.1375793358215237 0.1968505739874576
    vertex 5.96111901911592 0 0.08881245406769062
  endloop
endfacet
facet normal -6.71718e-05 0.312814 -0.949814
  outer loop
    vertex 3.021255199845799 0.8496651865412599 0.275017602925417
    vertex 2.841475350821247 0.8472238608518022 0.2742262856442314
    vertex 2.958818383606941 1.024862902008749 0.3327220130400815
  endloop
endfacet
facet normal 2.17073e-16 0.307947 -0.951404
  outer loop
    vertex 0.2714020895342367 0.8606760665094738 0.2785804458156844
    vertex 0.4798510800256106 0.8842081369284821 0.2861972193305795
    vertex 0.4435611022306116 0.7114166064965137 0.2302686958663079
  endloop
endfacet
facet normal -5.22774e-07 0.307947 -0.951404
  outer loop
    vertex 3.580287134216675 0 4.825937131094405e-08
    vertex 3.680796784726144 0.1590483316099889 0.05148017570169508
    vertex 3.779094084645183 0 -6.09803182962107e-08
  endloop
endfacet
facet normal 0.11672 0.458416 -0.88104
  outer loop
    vertex 5.473790800457186 0.1502061887057396 0.09970356276158099
    vertex 5.660628143482624 0.144502398857641 0.1214879599050483
    vertex 5.567477535927206 0 0.03396104659515108
  endloop
endfacet
facet normal 0.0398444 0.39202 -0.919093
  outer loop
    vertex 4.873531404884702 0.1595127541125265 0.06316607585294806
    vertex 4.954148256251323 0.3119897713128081 0.1316969002096898
    vertex 5.066220004755048 0.1647897244341153 0.07377027459499358
  endloop
endfacet
facet normal 0.0796892 0.428279 -0.900126
  outer loop
    vertex 4.236551689083583 0.8910432801305985 0.3423804719064384
    vertex 4.048983527205042 0.9453674235129765 0.3516222278368569
    vertex 4.14683376422633 1.018929073629666 0.3952856211865191
  endloop
endfacet
facet normal 0.291821 0.606341 -0.739724
  outer loop
    vertex 6.024096514783555 0.3804500045289843 0.3765882836152227
    vertex 6.071606783287344 0.4948951111508695 0.4891400643048814
    vertex 6.1479302688358 0.3759323554964246 0.4217377056018907
  endloop
endfacet
facet normal 0.374495 0.632298 -0.678199
  outer loop
    vertex 6.458117391248583 0.4266212462412392 0.6203580679575319
    vertex 6.502838691963233 0.3258646623267158 0.551115437276389
    vertex 6.386805924429178 0.3959954486798741 0.552427505744619
  endloop
endfacet
facet normal 0.0299837 0.357209 -0.933543
  outer loop
    vertex 3.710309674739381 0.8273776543961587 0.2804610865207433
    vertex 3.53978964971735 0.7986253546832019 0.2639825593189783
    vertex 3.621932785788952 0.9203936226441343 0.3132140422166727
  endloop
endfacet
facet normal -1.65062e-07 0.307947 -0.951403
  outer loop
    vertex 3.779094084645183 0 -6.09803182962107e-08
    vertex 3.876159277732823 0.1598473767081864 0.05173880766364269
    vertex 3.977900887012005 0 -9.547188492624951e-08
  endloop
endfacet
facet normal 1.03214e-16 0.307947 -0.951404
  outer loop
    vertex 0.4724192151179945 0.4058009374500582 0.1313481464934119
    vertex 0.3362491906233175 0.5619428543440744 0.1818875846298293
    vertex 0.5373040753507656 0.5662582743854648 0.1832843838273346
  endloop
endfacet
facet normal 2.44289e-09 0.307947 -0.951404
  outer loop
    vertex 3.279721446069939 0.1613797667331619 0.05223480599905882
    vertex 3.477546591883766 0.1571701487154564 0.0508722524092487
    vertex 3.381480529186132 0 -1.921146481355785e-08
  endloop
endfacet
facet normal -3.35358e-17 0.307947 -0.951404
  outer loop
    vertex 3.064269911571532 0.1806094796695977 0.05845900835717208
    vertex 3.207783827723478 0.3248403375179846 0.1051431189572662
    vertex 3.279721446069939 0.1613797667331619 0.05223480599905882
  endloop
endfacet
facet normal 0.0706939 0.425263 -0.902304
  outer loop
    vertex 4.582934749359572 0.5411317935303743 0.2088716128947017
    vertex 4.647208973045657 0.6977772739859875 0.2877356635000384
    vertex 4.761231348658237 0.5668556133892985 0.2349646743592724
  endloop
endfacet
facet normal 5.67215e-11 0.307947 -0.951404
  outer loop
    vertex 0.3709361809418352 1.024696239470728 0.3316698887410758
    vertex 0.2714020895342367 0.8606760665094738 0.2785804458156844
    vertex 0.1718679980477902 1.024696239431075 0.3316698887163727
  endloop
endfacet
facet normal -1.38629e-17 0.307947 -0.951404
  outer loop
    vertex 0.6640553518468709 0.4209994767136451 0.1362675534672442
    vertex 0.4724192151179945 0.4058009374500582 0.1313481464934119
    vertex 0.5373040753507656 0.5662582743854648 0.1832843838273346
  endloop
endfacet
facet normal 0.419407 0.638594 -0.64521
  outer loop
    vertex 6.714605650387563 0.3018475260298363 0.658748856699384
    vertex 6.614553752521142 0.3387375687212897 0.6302236758079462
    vertex 6.675023654163589 0.3932753293304353 0.7235095647780787
  endloop
endfacet
facet normal 0.106506 0.468806 -0.876857
  outer loop
    vertex 5.108875802844638 0.5990072735739559 0.292589585949074
    vertex 5.202018959682957 0.4763716461126052 0.2383366241407065
    vertex 5.034093139858599 0.4593723739694393 0.2088513065206405
  endloop
endfacet
facet normal 6.73155e-12 0.307947 -0.951404
  outer loop
    vertex 1.086874358552751 0.8727180346458419 0.2824781455223031
    vertex 0.8898574077401673 0.8711858812497357 0.2819822237780442
    vertex 0.9681407313438202 1.024696239550365 0.3316698886232223
  endloop
endfacet
facet normal 0.0539301 0.399209 -0.915273
  outer loop
    vertex 4.409430737002019 0.5144984891486364 0.1870318564083948
    vertex 4.455037271983736 0.6606351542548466 0.2534586060605057
    vertex 4.582934749359572 0.5411317935303743 0.2088716128947017
  endloop
endfacet
facet normal -2.14521e-09 0.307947 -0.951404
  outer loop
    vertex 3.182673568075753 0 4.295739897356847e-09
    vertex 3.064269911571532 0.1806094796695977 0.05845900835717208
    vertex 3.279721446069939 0.1613797667331619 0.05223480599905882
  endloop
endfacet
facet normal -2.79526e-12 0.307947 -0.951404
  outer loop
    vertex 0.2005715214333684 0 -5.38972526523046e-13
    vertex 0.2999749219116239 0.1638048087283538 0.05301973462253286
    vertex 0.3993783223895581 0 -1.123073605033559e-12
  endloop
endfacet
facet normal 1.72165e-11 0.307947 -0.951404
  outer loop
    vertex 1.478936522580909 0.87641252328834 0.2836739639412608
    vertex 1.2837860148265 0.8754165888609575 0.2833516035694794
    vertex 1.366277105298927 1.024696239539398 0.3316698882309529
  endloop
endfacet
facet normal 3.22887e-07 0.307947 -0.951404
  outer loop
    vertex 3.381480529186132 0 -1.921146481355785e-08
    vertex 3.477546591883766 0.1571701487154564 0.0508722524092487
    vertex 3.580287134216675 0 4.825937131094405e-08
  endloop
endfacet
facet normal 0.00669905 0.333099 -0.942868
  outer loop
    vertex 4.574320161386979 0 0.0006745429756017563
    vertex 4.673313480284655 0.1623390105388569 0.0587294857739086
    vertex 4.773121720647288 0 0.0020870217967416
  endloop
endfacet
facet normal 1.40552e-14 0.307947 -0.951404
  outer loop
    vertex 0.598185123147702 0 -2.192480257840778e-13
    vertex 0.5018721452244335 0.1528004442612905 0.04945788263379854
    vertex 0.6882801588853212 0.1508899459410112 0.04883949960387185
  endloop
endfacet
facet normal 0.153677 0.519822 -0.840338
  outer loop
    vertex 5.660628143482624 0.144502398857641 0.1214879599050483
    vertex 5.764504931021177 0.2723669503757206 0.2195797228734711
    vertex 5.846880856139185 0.1408236680137661 0.1532734060211824
  endloop
endfacet
facet normal -2.56543e-09 0.307947 -0.951404
  outer loop
    vertex 1.863947560817345 0.8606760845016046 0.2785804516393108
    vertex 1.668881623817309 0.8734323670603936 0.282709357996136
    vertex 1.764413440914969 1.024696238351405 0.3316698818794891
  endloop
endfacet
facet normal 0.28862 0.596124 -0.749223
  outer loop
    vertex 5.840114706954471 0.7379435307377444 0.5950005807358877
    vertex 5.72227382016115 0.6375255441315207 0.4697071095878236
    vertex 5.65135421538363 0.7955124401452689 0.5680902935817044
  endloop
endfacet
facet normal 0.0935994 0.435954 -0.895088
  outer loop
    vertex 4.319169624488902 1.012537496907858 0.4101937520502961
    vertex 4.236551689083583 0.8910432801305985 0.3423804719064384
    vertex 4.14683376422633 1.018929073629666 0.3952856211865191
  endloop
endfacet
facet normal 0.0237271 0.374369 -0.926976
  outer loop
    vertex 4.971909410536975 0 0.004804314614633438
    vertex 5.066220004755048 0.1647897244341153 0.07377027459499358
    vertex 5.170648917866393 0 0.00989130336918081
  endloop
endfacet
facet normal 3.67676e-13 0.307947 -0.951404
  outer loop
    vertex 0.2999749219116239 0.1638048087283538 0.05301973462253286
    vertex 0.5018721452244335 0.1528004442612905 0.04945788263379854
    vertex 0.3993783223895581 0 -1.123073605033559e-12
  endloop
endfacet
facet normal 0.0411606 0.365599 -0.929862
  outer loop
    vertex 4.971909410536975 0 0.004804314614633438
    vertex 4.873531404884702 0.1595127541125265 0.06316607585294806
    vertex 5.066220004755048 0.1647897244341153 0.07377027459499358
  endloop
endfacet
facet normal 0.295502 0.6006 -0.742939
  outer loop
    vertex 6.071606783287344 0.4948951111508695 0.4891400643048814
    vertex 5.936378206744643 0.4690541948038122 0.4144630533381702
    vertex 5.889176824167844 0.5850274802135589 0.4894429402943032
  endloop
endfacet
facet normal -1.12495e-07 0.307947 -0.951404
  outer loop
    vertex 3.182673568075753 0 4.295739897356847e-09
    vertex 3.279721446069939 0.1613797667331619 0.05223480599905882
    vertex 3.381480529186132 0 -1.921146481355785e-08
  endloop
endfacet
facet normal -2.88536e-17 0.307947 -0.951404
  outer loop
    vertex 0.6640553518468709 0.4209994767136451 0.1362675534672442
    vertex 0.5373040753507656 0.5662582743854648 0.1832843838273346
    vertex 0.7303370507044163 0.5706776857815307 0.1847148425618873
  endloop
endfacet
facet normal 1.27736e-10 0.307947 -0.951404
  outer loop
    vertex 2.983866768812726 0 4.669940755710247e-10
    vertex 2.854375984478613 0.1699569671852354 0.05501104251679964
    vertex 3.064269911571532 0.1806094796695977 0.05845900835717208
  endloop
endfacet
facet normal 0.163002 0.50793 -0.845835
  outer loop
    vertex 5.079434523392493 0.8363358530629377 0.4287401635687514
    vertex 5.012730563415946 0.7183009626526758 0.3450047052007942
    vertex 4.909456990829778 0.8300920271739195 0.392234015139686
  endloop
endfacet
facet normal 0.244625 0.577906 -0.778578
  outer loop
    vertex 6.154766288455647 0 0.1336279231899828
    vertex 6.220673542048084 0.1335130926595092 0.2534369323633527
    vertex 6.344377521874826 0 0.1932027173200431
  endloop
endfacet
facet normal 5.59434e-17 0.307947 -0.951404
  outer loop
    vertex 0.8524536716385986 0.4291665398230753 0.1389110382468977
    vertex 0.6640553518468709 0.4209994767136451 0.1362675534672442
    vertex 0.7303370507044163 0.5706776857815307 0.1847148425618873
  endloop
endfacet
facet normal 0.155527 0.49674 -0.85385
  outer loop
    vertex 5.764994251609988 0 0.05643163732934355
    vertex 5.660628143482624 0.144502398857641 0.1214879599050483
    vertex 5.846880856139185 0.1408236680137661 0.1532734060211824
  endloop
endfacet
facet normal 0.173319 0.506956 -0.844367
  outer loop
    vertex 5.660628143482624 0.144502398857641 0.1214879599050483
    vertex 5.590491973208864 0.2723819078475835 0.1838699210820569
    vertex 5.764504931021177 0.2723669503757206 0.2195797228734711
  endloop
endfacet
facet normal 1.83227e-08 0.307947 -0.951404
  outer loop
    vertex 2.983866768812726 0 4.669940755710247e-10
    vertex 3.064269911571532 0.1806094796695977 0.05845900835717208
    vertex 3.182673568075753 0 4.295739897356847e-09
  endloop
endfacet
facet normal 0.342791 0.626129 -0.700326
  outer loop
    vertex 6.211288350661386 0.6043996679581535 0.6499823334405368
    vertex 6.183761276086817 0.5372993568126102 0.5765172901268012
    vertex 6.026878171216344 0.6743406661551424 0.6222495939294053
  endloop
endfacet
facet normal 0.0888605 0.462298 -0.882261
  outer loop
    vertex 5.276910171801072 0.1725909568999106 0.09160339568789094
    vertex 5.444295099428188 0.2718968587460833 0.1604978364316075
    vertex 5.473790800457186 0.1502061887057396 0.09970356276158099
  endloop
endfacet
facet normal 0.132915 0.47465 -0.870081
  outer loop
    vertex 4.826252478530335 0.7017545244644511 0.3095124654848255
    vertex 4.750614082222449 0.8485334863061409 0.3780292104325237
    vertex 4.909456990829778 0.8300920271739195 0.392234015139686
  endloop
endfacet
facet normal 0.0421383 0.406218 -0.912804
  outer loop
    vertex 5.170648917866393 0 0.00989130336918081
    vertex 5.276910171801072 0.1725909568999106 0.09160339568789094
    vertex 5.369239086126815 0 0.01905892702208688
  endloop
endfacet
facet normal 0.0128009 0.350525 -0.936466
  outer loop
    vertex 4.773121720647288 0 0.0020870217967416
    vertex 4.873531404884702 0.1595127541125265 0.06316607585294806
    vertex 4.971909410536975 0 0.004804314614633438
  endloop
endfacet
facet normal 0.140681 0.504154 -0.852078
  outer loop
    vertex 5.764994251609988 0 0.05643163732934355
    vertex 5.846880856139185 0.1408236680137661 0.1532734060211824
    vertex 5.96111901911592 0 0.08881245406769062
  endloop
endfacet
facet normal -5.85629e-17 0.307947 -0.951404
  outer loop
    vertex 0.8524536716385986 0.4291665398230753 0.1389110382468977
    vertex 0.7303370507044163 0.5706776857815307 0.1847148425618873
    vertex 0.9229756548078228 0.5782238536645024 0.1871573582711528
  endloop
endfacet
facet normal 0.240453 0.577624 -0.780085
  outer loop
    vertex 5.543959661202635 0.7117754084311309 0.4667042843701193
    vertex 5.405543686409153 0.7640800096038461 0.4627686441466761
    vertex 5.460885195766798 0.8472819136956038 0.5414350799108923
  endloop
endfacet
facet normal 0.124331 0.470192 -0.873763
  outer loop
    vertex 4.662973391061768 0.9889406257703872 0.4428974660131597
    vertex 4.590817797008745 0.868061410308159 0.3675822673694345
    vertex 4.491274525568581 1.002877019543159 0.4259652522813758
  endloop
endfacet
facet normal 6.62755e-09 0.307947 -0.951404
  outer loop
    vertex 2.785059972300695 0 -9.179087668180594e-10
    vertex 2.854375984478613 0.1699569671852354 0.05501104251679964
    vertex 2.983866768812726 0 4.669940755710247e-10
  endloop
endfacet
facet normal 0.278403 0.604528 -0.74635
  outer loop
    vertex 5.889176824167844 0.5850274802135589 0.4894429402943032
    vertex 5.72227382016115 0.6375255441315207 0.4697071095878236
    vertex 5.840114706954471 0.7379435307377444 0.5950005807358877
  endloop
endfacet
facet normal -9.51509e-11 0.307947 -0.951404
  outer loop
    vertex 2.662007389219046 0.1664214399908168 0.05386667615140381
    vertex 2.854375984478613 0.1699569671852354 0.05501104251679964
    vertex 2.785059972300695 0 -9.179087668180594e-10
  endloop
endfacet
facet normal 0.248461 0.576114 -0.778691
  outer loop
    vertex 6.154766288455647 0 0.1336279231899828
    vertex 6.033900038438378 0.1375793358215237 0.1968505739874576
    vertex 6.220673542048084 0.1335130926595092 0.2534369323633527
  endloop
endfacet
facet normal 0.35669 0.621179 -0.697789
  outer loop
    vertex 6.528329297654023 0 0.2684527483096305
    vertex 6.562554150165391 0.1254823619764481 0.3976532375030543
    vertex 6.705297883227836 0 0.3589141127307176
  endloop
endfacet
facet normal 4.32532e-12 0.307947 -0.951404
  outer loop
    vertex 0.3993783223895581 0 -1.123073605033559e-12
    vertex 0.5018721452244335 0.1528004442612905 0.04945788263379854
    vertex 0.598185123147702 0 -2.192480257840778e-13
  endloop
endfacet
facet normal 0.0169465 0.318234 -0.947861
  outer loop
    vertex 3.157850190962638 1.025281759446218 0.3364210602551483
    vertex 3.021255199845799 0.8496651865412599 0.275017602925417
    vertex 2.958818383606941 1.024862902008749 0.3327220130400815
  endloop
endfacet
facet normal 0.0984126 0.444573 -0.89032
  outer loop
    vertex 4.647208973045657 0.6977772739859875 0.2877356635000384
    vertex 4.826252478530335 0.7017545244644511 0.3095124654848255
    vertex 4.761231348658237 0.5668556133892985 0.2349646743592724
  endloop
endfacet
facet normal 7.93088e-17 0.307947 -0.951404
  outer loop
    vertex 0.3362491906233175 0.5619428543440744 0.1818875846298293
    vertex 0.4435611022306116 0.7114166064965137 0.2302686958663079
    vertex 0.5373040753507656 0.5662582743854648 0.1832843838273346
  endloop
endfacet
facet normal 0.312967 0.605514 -0.731713
  outer loop
    vertex 6.026878171216344 0.6743406661551424 0.6222495939294053
    vertex 5.889176824167844 0.5850274802135589 0.4894429402943032
    vertex 5.840114706954471 0.7379435307377444 0.5950005807358877
  endloop
endfacet
facet normal -5.00403e-17 0.307947 -0.951404
  outer loop
    vertex 1.041939946122209 0.4350632681414567 0.1408196694586971
    vertex 0.8524536716385986 0.4291665398230753 0.1389110382468977
    vertex 0.9229756548078228 0.5782238536645024 0.1871573582711528
  endloop
endfacet
facet normal 0.0732294 0.413168 -0.907706
  outer loop
    vertex 4.582934749359572 0.5411317935303743 0.2088716128947017
    vertex 4.761231348658237 0.5668556133892985 0.2349646743592724
    vertex 4.694010815472186 0.4216757703614061 0.1634589006668525
  endloop
endfacet
facet normal 1.14947e-16 0.307947 -0.951404
  outer loop
    vertex 1.431812443985281 0.445137971285862 0.1440806121090621
    vertex 1.547475730881037 0.3022857421197217 0.09784273094168836
    vertex 1.347670850753591 0.3007835179131033 0.09735649656678338
  endloop
endfacet
facet normal 1.47341e-16 0.307947 -0.951404
  outer loop
    vertex 1.431812443985281 0.445137971285862 0.1440806121090621
    vertex 1.347670850753591 0.3007835179131033 0.09735649656678338
    vertex 1.234880235233742 0.4400918412535887 0.1424472994043929
  endloop
endfacet
facet normal 7.68198e-17 0.307947 -0.951404
  outer loop
    vertex 1.632129153597223 0.4531375021373806 0.1466698706671282
    vertex 1.547475730881037 0.3022857421197217 0.09784273094168836
    vertex 1.431812443985281 0.445137971285862 0.1440806121090621
  endloop
endfacet
facet normal -1.10176e-05 0.307939 -0.951406
  outer loop
    vertex 2.759754404145216 1.024695629711978 0.3316667925956307
    vertex 2.653256175800777 0.8436432975411542 0.27306734215531
    vertex 2.560686204948825 1.024696114915165 0.3316692549077318
  endloop
endfacet
facet normal 1.25239e-07 0.307947 -0.951404
  outer loop
    vertex 1.963481656609681 1.02469624389984 0.3316699098798856
    vertex 1.863947560817345 0.8606760845016046 0.2785804516393108
    vertex 1.764413440914969 1.024696238351405 0.3316698818794891
  endloop
endfacet
facet normal 4.67541e-07 0.307947 -0.951404
  outer loop
    vertex 2.361618020017939 1.024696250400351 0.3316699425709324
    vertex 2.267497663804733 0.8364183802548369 0.2707288076509565
    vertex 2.162549838256559 1.024696229778427 0.3316698380696257
  endloop
endfacet
facet normal 1.1659e-08 0.307947 -0.951404
  outer loop
    vertex 1.565345291681966 1.024696240087282 0.3316698908477848
    vertex 1.478936522580909 0.87641252328834 0.2836739639412608
    vertex 1.366277105298927 1.024696239539398 0.3316698882309529
  endloop
endfacet
facet normal 1.39544e-09 0.307947 -0.951404
  outer loop
    vertex 1.16720892154876 1.02469623964756 0.3316698889466581
    vertex 1.086874358552751 0.8727180346458419 0.2824781455223031
    vertex 0.9681407313438202 1.024696239550365 0.3316698886232223
  endloop
endfacet
facet normal -3.43951e-10 0.307947 -0.951404
  outer loop
    vertex 0.7690725440420999 1.024696239536028 0.3316698887227105
    vertex 0.6908266690612355 0.8745272980388756 0.2830637612054177
    vertex 0.5700043705736069 1.024696239514518 0.3316698887877154
  endloop
endfacet
facet normal 2.26619e-17 0.307947 -0.951404
  outer loop
    vertex 2.035485364343757 0.4747046497951859 0.1536506452503587
    vertex 1.949319680983752 0.3129618143063984 0.1012983224993654
    vertex 1.833196148510403 0.4647645857374838 0.1504332820815867
  endloop
endfacet
facet normal -9.12719e-17 0.307947 -0.951404
  outer loop
    vertex 1.234880235233742 0.4400918412535887 0.1424472994043929
    vertex 1.041939946122209 0.4350632681414567 0.1408196694586971
    vertex 1.116327995074949 0.5834404720409029 0.188845854012462
  endloop
endfacet
facet normal 1.45759e-16 0.307947 -0.951404
  outer loop
    vertex 1.431812443985281 0.445137971285862 0.1440806121090621
    vertex 1.234880235233742 0.4400918412535887 0.1424472994043929
    vertex 1.312157235837101 0.5921028513779573 0.1916496609166413
  endloop
endfacet
facet normal 8.32701e-17 0.307947 -0.951404
  outer loop
    vertex 1.632129153597223 0.4531375021373806 0.1466698706671282
    vertex 1.431812443985281 0.445137971285862 0.1440806121090621
    vertex 1.504294723862443 0.6026323454020202 0.1950578085967938
  endloop
endfacet
facet normal -1.49014e-16 0.307947 -0.951404
  outer loop
    vertex 1.833196148510403 0.4647645857374838 0.1504332820815867
    vertex 1.632129153597223 0.4531375021373806 0.1466698706671282
    vertex 1.691548890652349 0.6149406236830508 0.1990417065860326
  endloop
endfacet
facet normal 0 0.307947 -0.951404
  outer loop
    vertex 2.035485364343757 0.4747046497951859 0.1536506452503587
    vertex 2.143098666169268 0.3211748715834684 0.1039566945010815
    vertex 1.949319680983752 0.3129618143063984 0.1012983224993654
  endloop
endfacet
facet normal 0.40601 0.631957 -0.660141
  outer loop
    vertex 6.705297883227836 0 0.3589141127307176
    vertex 6.733967614822916 0.1227730396604956 0.4940782663480903
    vertex 6.87460138425924 0 0.4630416876792018
  endloop
endfacet
facet normal -2.91583e-17 0.307947 -0.951404
  outer loop
    vertex 1.041939946122209 0.4350632681414567 0.1408196694586971
    vertex 0.9229756548078228 0.5782238536645024 0.1871573582711528
    vertex 1.116327995074949 0.5834404720409029 0.188845854012462
  endloop
endfacet
facet normal -3.42689e-10 0.307947 -0.951404
  outer loop
    vertex 1.989832729926071 0 2.83152206232504e-11
    vertex 2.068278421530993 0.1571192984756601 0.05085579339171177
    vertex 2.188639566467058 0 -4.329358980223296e-11
  endloop
endfacet
facet normal 8.50768e-17 0.307947 -0.951404
  outer loop
    vertex 1.234880235233742 0.4400918412535887 0.1424472994043929
    vertex 1.116327995074949 0.5834404720409029 0.188845854012462
    vertex 1.312157235837101 0.5921028513779573 0.1916496609166413
  endloop
endfacet
facet normal -8.39272e-17 0.307947 -0.951404
  outer loop
    vertex 1.431812443985281 0.445137971285862 0.1440806121090621
    vertex 1.312157235837101 0.5921028513779573 0.1916496609166413
    vertex 1.504294723862443 0.6026323454020202 0.1950578085967938
  endloop
endfacet
facet normal 2.0343e-09 0.307947 -0.951404
  outer loop
    vertex 2.387446326313736 0 -4.713311878631036e-11
    vertex 2.464191187930598 0.1635898738241796 0.05295016528773186
    vertex 2.58625312414552 0 3.779568796982134e-10
  endloop
endfacet
facet normal 1.0391e-11 0.307947 -0.951404
  outer loop
    vertex 0.7969919245642658 0 2.949007995636433e-12
    vertex 0.8812476418331863 0.1493308007473251 0.04833484125440712
    vertex 0.9957987250512929 0 5.120336379097769e-12
  endloop
endfacet
facet normal 2.23279e-16 0.307947 -0.951404
  outer loop
    vertex 1.632129153597223 0.4531375021373806 0.1466698706671282
    vertex 1.504294723862443 0.6026323454020202 0.1950578085967938
    vertex 1.691548890652349 0.6149406236830508 0.1990417065860326
  endloop
endfacet
facet normal -4.29228e-11 0.307947 -0.951404
  outer loop
    vertex 1.393412325100459 0 -1.035684896743875e-11
    vertex 1.469772282355593 0.1503642872171797 0.0486693563324018
    vertex 1.592219121784623 0 -1.932607202364729e-11
  endloop
endfacet
facet normal -6.20145e-09 0.307947 -0.951404
  outer loop
    vertex 2.58625312414552 0 3.779568796982134e-10
    vertex 2.662007389219046 0.1664214399908168 0.05386667615140381
    vertex 2.785059972300695 0 -9.179087668180594e-10
  endloop
endfacet
facet normal 5.89243e-11 0.307947 -0.951404
  outer loop
    vertex 1.592219121784623 0 -1.932607202364729e-11
    vertex 1.669461204745086 0.1518276784135404 0.04914302138217862
    vertex 1.791025928074223 0 -7.013158063868899e-12
  endloop
endfacet
facet normal -1.83743e-11 0.307947 -0.951404
  outer loop
    vertex 2.188639566467058 0 -4.329358980223296e-11
    vertex 2.267102154715543 0.1608632773074956 0.05206763061210432
    vertex 2.387446326313736 0 -4.713311878631036e-11
  endloop
endfacet
facet normal 1.51619e-11 0.307947 -0.951404
  outer loop
    vertex 0.598185123147702 0 -2.192480257840778e-13
    vertex 0.6882801588853212 0.1508899459410112 0.04883949960387185
    vertex 0.7969919245642658 0 2.949007995636433e-12
  endloop
endfacet
facet normal -1.67632e-11 0.307947 -0.951404
  outer loop
    vertex 0.9957987250512929 0 5.120336379097769e-12
    vertex 1.075228532180876 0.1494276967456457 0.04836620419275326
    vertex 1.194605526304555 0 1.61746456341795e-12
  endloop
endfacet
facet normal -3.81694e-12 0.307947 -0.951404
  outer loop
    vertex 2.267102154715543 0.1608632773074956 0.05206763061210432
    vertex 2.464191187930598 0.1635898738241796 0.05295016528773186
    vertex 2.387446326313736 0 -4.713311878631036e-11
  endloop
endfacet
facet normal -1.51112e-13 0.307947 -0.951404
  outer loop
    vertex 0.6882801588853212 0.1508899459410112 0.04883949960387185
    vertex 0.8812476418331863 0.1493308007473251 0.04833484125440712
    vertex 0.7969919245642658 0 2.949007995636433e-12
  endloop
endfacet
facet normal -9.26823e-17 0.307947 -0.951404
  outer loop
    vertex 2.236485100668954 0.4826946254512788 0.1562368110181113
    vertex 2.143098666169268 0.3211748715834684 0.1039566945010815
    vertex 2.035485364343757 0.4747046497951859 0.1536506452503587
  endloop
endfacet
facet normal -4.86627e-12 0.307947 -0.951404
  outer loop
    vertex 2.188639566467058 0 -4.329358980223296e-11
    vertex 2.068278421530993 0.1571192984756601 0.05085579339171177
    vertex 2.267102154715543 0.1608632773074956 0.05206763061210432
  endloop
endfacet
facet normal -8.90745e-13 0.307947 -0.951404
  outer loop
    vertex 1.592219121784623 0 -1.932607202364729e-11
    vertex 1.469772282355593 0.1503642872171797 0.0486693563324018
    vertex 1.669461204745086 0.1518276784135404 0.04914302138217862
  endloop
endfacet
facet normal 0.318362 0.613642 -0.722557
  outer loop
    vertex 6.071606783287344 0.4948951111508695 0.4891400643048814
    vertex 6.180960703654984 0.4590187976577504 0.5068533790303323
    vertex 6.1479302688358 0.3759323554964246 0.4217377056018907
  endloop
endfacet
facet normal -1.30955e-16 0.307947 -0.951404
  outer loop
    vertex 1.833196148510403 0.4647645857374838 0.1504332820815867
    vertex 1.691548890652349 0.6149406236830508 0.1990417065860326
    vertex 1.915624571393084 0.6442960619247216 0.2085433662588119
  endloop
endfacet
facet normal 3.11316e-11 0.307947 -0.951404
  outer loop
    vertex 2.58625312414552 0 3.779568796982134e-10
    vertex 2.464191187930598 0.1635898738241796 0.05295016528773186
    vertex 2.662007389219046 0.1664214399908168 0.05386667615140381
  endloop
endfacet
facet normal 1.63457e-14 0.307947 -0.951404
  outer loop
    vertex 0.9957987250512929 0 5.120336379097769e-12
    vertex 0.8812476418331863 0.1493308007473251 0.04833484125440712
    vertex 1.075228532180876 0.1494276967456457 0.04836620419275326
  endloop
endfacet
facet normal 2.61526e-17 0.307947 -0.951404
  outer loop
    vertex 2.035485364343757 0.4747046497951859 0.1536506452503587
    vertex 1.833196148510403 0.4647645857374838 0.1504332820815867
    vertex 1.915624571393084 0.6442960619247216 0.2085433662588119
  endloop
endfacet
facet normal -9.58049e-17 0.307947 -0.951404
  outer loop
    vertex 2.236485100668954 0.4826946254512788 0.1562368110181113
    vertex 2.035485364343757 0.4747046497951859 0.1536506452503587
    vertex 2.128711912755409 0.6471444890501306 0.2094653346152553
  endloop
endfacet
facet normal 0 0.307947 -0.951404
  outer loop
    vertex 2.035485364343757 0.4747046497951859 0.1536506452503587
    vertex 1.915624571393084 0.6442960619247216 0.2085433662588119
    vertex 2.128711912755409 0.6471444890501306 0.2094653346152553
  endloop
endfacet
facet normal 0.0795105 0.422038 -0.903084
  outer loop
    vertex 4.582934749359572 0.5411317935303743 0.2088716128947017
    vertex 4.455037271983736 0.6606351542548466 0.2534586060605057
    vertex 4.647208973045657 0.6977772739859875 0.2877356635000384
  endloop
endfacet
facet normal -4.58643e-17 0.307947 -0.951404
  outer loop
    vertex 2.236485100668954 0.4826946254512788 0.1562368110181113
    vertex 2.128711912755409 0.6471444890501306 0.2094653346152553
    vertex 2.342240461048393 0.6552187351017933 0.2120787767129542
  endloop
endfacet
facet normal 0.115076 0.474914 -0.872476
  outer loop
    vertex 4.662973391061768 0.9889406257703872 0.4428974660131597
    vertex 4.750614082222449 0.8485334863061409 0.3780292104325237
    vertex 4.590817797008745 0.868061410308159 0.3675822673694345
  endloop
endfacet
facet normal 0.0999187 0.467578 -0.878286
  outer loop
    vertex 5.567477535927206 0 0.03396104659515108
    vertex 5.660628143482624 0.144502398857641 0.1214879599050483
    vertex 5.764994251609988 0 0.05643163732934355
  endloop
endfacet
facet normal 6.61877e-17 0.307947 -0.951404
  outer loop
    vertex 2.435448901695639 0.4904391496848004 0.15874352997726
    vertex 2.236485100668954 0.4826946254512788 0.1562368110181113
    vertex 2.342240461048393 0.6552187351017933 0.2120787767129542
  endloop
endfacet
facet normal 2.48084e-16 0.307947 -0.951404
  outer loop
    vertex 1.086874358552751 0.8727180346458419 0.2824781455223031
    vertex 1.008594237128042 0.7191022996004032 0.2327563725830166
    vertex 0.8898574077401673 0.8711858812497357 0.2819822237780442
  endloop
endfacet
facet normal 0.0257967 0.369152 -0.929011
  outer loop
    vertex 4.673313480284655 0.1623390105388569 0.0587294857739086
    vertex 4.781729445619918 0.300824577528238 0.1167685962100374
    vertex 4.873531404884702 0.1595127541125265 0.06316607585294806
  endloop
endfacet
facet normal -1.78176e-16 0.307947 -0.951404
  outer loop
    vertex 2.626028440736092 0.4963752724706025 0.1606649122445653
    vertex 2.529332861888578 0.3338821054892678 0.1080697249713238
    vertex 2.435448901695639 0.4904391496848004 0.15874352997726
  endloop
endfacet
facet normal -1.48412e-16 0.307947 -0.951404
  outer loop
    vertex 2.435448901695639 0.4904391496848004 0.15874352997726
    vertex 2.342240461048393 0.6552187351017933 0.2120787767129542
    vertex 2.541065889511383 0.6616478826075162 0.2141597393980475
  endloop
endfacet
facet normal -5.66624e-17 0.307947 -0.951404
  outer loop
    vertex 1.075228532180876 0.1494276967456457 0.04836620419275326
    vertex 0.9569170986976402 0.2989805634948338 0.09677292294928541
    vertex 1.150904550485134 0.2999603189360067 0.09709004656665196
  endloop
endfacet
facet normal -1.82116e-16 0.307947 -0.951404
  outer loop
    vertex 2.626028440736092 0.4963752724706025 0.1606649122445653
    vertex 2.435448901695639 0.4904391496848004 0.15874352997726
    vertex 2.541065889511383 0.6616478826075162 0.2141597393980475
  endloop
endfacet
facet normal 0.174724 0.510538 -0.841916
  outer loop
    vertex 5.004080295948237 0.9444812220516308 0.481236975147956
    vertex 4.909456990829778 0.8300920271739195 0.392234015139686
    vertex 4.834013462892663 0.9697459677269684 0.461263252771991
  endloop
endfacet
facet normal 0.0659714 0.398508 -0.914789
  outer loop
    vertex 3.958065971503097 0.9591939250904984 0.350651187344211
    vertex 3.886496499917691 0.8765790243020731 0.3095004513359779
    vertex 3.821500255312885 0.9450909074894358 0.3346588668083513
  endloop
endfacet
facet normal 0.062609 0.4175 -0.906517
  outer loop
    vertex 4.761231348658237 0.5668556133892985 0.2349646743592724
    vertex 4.859362007735613 0.4409143612315572 0.1837393639723026
    vertex 4.694010815472186 0.4216757703614061 0.1634589006668525
  endloop
endfacet
facet normal 0.221425 0.56501 -0.794818
  outer loop
    vertex 5.750413335912519 0.5132110626237031 0.3846227717435828
    vertex 5.857656814339286 0.3843554637084889 0.3229001219995535
    vertex 5.675554828950382 0.3892071805998399 0.2756179760936602
  endloop
endfacet
facet normal 1.01368e-16 0.307947 -0.951404
  outer loop
    vertex 2.626028440736092 0.4963752724706025 0.1606649122445653
    vertex 2.541065889511383 0.6616478826075162 0.2141597393980475
    vertex 2.735220484643085 0.6672340306693899 0.2159678431411671
  endloop
endfacet
facet normal 0.00434269 0.317578 -0.948222
  outer loop
    vertex 4.025853206501049 0.3381305240642105 0.1107671438421746
    vertex 3.911113048645486 0.280946923182213 0.09108974124310457
    vertex 3.912964540294126 0.445992359952849 0.1463751841619287
  endloop
endfacet
facet normal -1.14171e-16 0.307947 -0.951404
  outer loop
    vertex 2.626028440736092 0.4963752724706025 0.1606649122445653
    vertex 2.709389675295637 0.3374677750147185 0.109230321220966
    vertex 2.529332861888578 0.3338821054892678 0.1080697249713238
  endloop
endfacet
facet normal -2.64467e-16 0.307947 -0.951404
  outer loop
    vertex 3.001041441663276 0.5100792709666784 0.1651005717906441
    vertex 2.878801088174941 0.3466608915999196 0.1122059151945818
    vertex 2.814710278531109 0.5034754738265683 0.1629630791578709
  endloop
endfacet
facet normal 8.23502e-17 0.307947 -0.951404
  outer loop
    vertex 0.8898574077401673 0.8711858812497357 0.2819822237780442
    vertex 1.008594237128042 0.7191022996004032 0.2327563725830166
    vertex 0.8137091835161663 0.7155361501196918 0.2316020945092565
  endloop
endfacet
facet normal 0.0606097 0.406736 -0.911533
  outer loop
    vertex 4.294081963236106 0.6354125118893296 0.2315017248114082
    vertex 4.343797376933029 0.7684493389899785 0.2941699705922208
    vertex 4.455037271983736 0.6606351542548466 0.2534586060605057
  endloop
endfacet
facet normal 2.59004e-16 0.307947 -0.951404
  outer loop
    vertex 2.814710278531109 0.5034754738265683 0.1629630791578709
    vertex 2.626028440736092 0.4963752724706025 0.1606649122445653
    vertex 2.735220484643085 0.6672340306693899 0.2159678431411671
  endloop
endfacet
facet normal 0.0911117 0.447666 -0.889547
  outer loop
    vertex 4.761231348658237 0.5668556133892985 0.2349646743592724
    vertex 4.826252478530335 0.7017545244644511 0.3095124654848255
    vertex 4.938552278321727 0.5851246339333616 0.2623206471201138
  endloop
endfacet
facet normal 0.0218453 0.332496 -0.942852
  outer loop
    vertex 4.293642709369128 0.1845748112817353 0.06106184233655684
    vertex 4.192623273106007 0.346922046021316 0.1159729916498999
    vertex 4.352788452995652 0.3646102379316507 0.1259216530680943
  endloop
endfacet
facet normal 7.4072e-17 0.307947 -0.951404
  outer loop
    vertex 2.878801088174941 0.3466608915999196 0.1122059151945818
    vertex 2.709389675295637 0.3374677750147185 0.109230321220966
    vertex 2.814710278531109 0.5034754738265683 0.1629630791578709
  endloop
endfacet
facet normal 2.61464e-16 0.307947 -0.951404
  outer loop
    vertex 2.814710278531109 0.5034754738265683 0.1629630791578709
    vertex 2.709389675295637 0.3374677750147185 0.109230321220966
    vertex 2.626028440736092 0.4963752724706025 0.1606649122445653
  endloop
endfacet
facet normal 0.149212 0.492617 -0.857359
  outer loop
    vertex 5.108875802844638 0.5990072735739559 0.292589585949074
    vertex 5.2598166905348 0.6117203281013652 0.3261634800179132
    vertex 5.202018959682957 0.4763716461126052 0.2383366241407065
  endloop
endfacet
facet normal 3.70143e-17 0.307947 -0.951404
  outer loop
    vertex 0.8812476418331863 0.1493308007473251 0.04833484125440712
    vertex 0.9569170986976402 0.2989805634948338 0.09677292294928541
    vertex 1.075228532180876 0.1494276967456457 0.04836620419275326
  endloop
endfacet
facet normal -2.39696e-09 0.307947 -0.951404
  outer loop
    vertex -0.01754521595780378 0.683130864321619 0.2211132720320788
    vertex 0.1634083565780465 0.6007402170880888 0.1944453715025764
    vertex -0.01271773113360737 0.5123481482734737 0.165834953924388
  endloop
endfacet
facet normal -4.01767e-08 0.307947 -0.951404
  outer loop
    vertex 1.764413440914969 1.024696238351405 0.3316698818794891
    vertex 1.668881623817309 0.8734323670603936 0.282709357996136
    vertex 1.565345291681966 1.024696240087282 0.3316698908477848
  endloop
endfacet
facet normal 0.0562113 0.388132 -0.919888
  outer loop
    vertex 4.409430737002019 0.5144984891486364 0.1870318564083948
    vertex 4.582934749359572 0.5411317935303743 0.2088716128947017
    vertex 4.523872711833629 0.3941617590329587 0.1432508806730631
  endloop
endfacet
facet normal -1.05637e-16 0.307947 -0.951404
  outer loop
    vertex 2.814710278531109 0.5034754738265683 0.1629630791578709
    vertex 2.735220484643085 0.6672340306693899 0.2159678431411671
    vertex 2.92436748785738 0.6706652393906534 0.2170784440890159
  endloop
endfacet
facet normal -1.47032e-09 0.307947 -0.951404
  outer loop
    vertex -0.01271773113360737 0.5123481482734737 0.165834953924388
    vertex 0.1434108493794973 0.4356442574288134 0.1410077219223171
    vertex -0.007890246309371598 0.3415654322040438 0.1105566358824591
  endloop
endfacet
facet normal 0.161125 0.519587 -0.839088
  outer loop
    vertex 5.004080295948237 0.9444812220516308 0.481236975147956
    vertex 5.079434523392493 0.8363358530629377 0.4287401635687514
    vertex 4.909456990829778 0.8300920271739195 0.392234015139686
  endloop
endfacet
facet normal 0.115835 0.48608 -0.866204
  outer loop
    vertex 5.473790800457186 0.1502061887057396 0.09970356276158099
    vertex 5.590491973208864 0.2723819078475835 0.1838699210820569
    vertex 5.660628143482624 0.144502398857641 0.1214879599050483
  endloop
endfacet
facet normal -4.51606e-17 0.307947 -0.951404
  outer loop
    vertex 3.279721446069939 0.1613797667331619 0.05223480599905882
    vertex 3.383024903744126 0.3035072311342645 0.09823809798798058
    vertex 3.477546591883766 0.1571701487154564 0.0508722524092487
  endloop
endfacet
facet normal 0.00438476 0.319574 -0.947551
  outer loop
    vertex 3.280465409057561 0.6709968969323233 0.2171969564679185
    vertex 3.376160003840656 0.8022631269166003 0.2619110170595305
    vertex 3.452971460270915 0.6745940309080816 0.219208401917398
  endloop
endfacet
facet normal 0.147201 0.489077 -0.85973
  outer loop
    vertex 4.834013462892663 0.9697459677269684 0.461263252771991
    vertex 4.750614082222449 0.8485334863061409 0.3780292104325237
    vertex 4.662973391061768 0.9889406257703872 0.4428974660131597
  endloop
endfacet
facet normal 0.189407 0.542495 -0.818428
  outer loop
    vertex 5.96111901911592 0 0.08881245406769062
    vertex 6.033900038438378 0.1375793358215237 0.1968505739874576
    vertex 6.154766288455647 0 0.1336279231899828
  endloop
endfacet
facet normal -3.25324e-09 0.307947 -0.951404
  outer loop
    vertex 1.366277105298927 1.024696239539398 0.3316698882309529
    vertex 1.2837860148265 0.8754165888609575 0.2833516035694794
    vertex 1.16720892154876 1.02469623964756 0.3316698889466581
  endloop
endfacet
facet normal -2.62722e-16 0.307947 -0.951404
  outer loop
    vertex 3.001041441663276 0.5100792709666784 0.1651005717906441
    vertex 2.814710278531109 0.5034754738265683 0.1629630791578709
    vertex 2.92436748785738 0.6706652393906534 0.2170784440890159
  endloop
endfacet
facet normal 4.61375e-17 0.307947 -0.951404
  outer loop
    vertex 2.068278421530993 0.1571192984756601 0.05085579339171177
    vertex 1.86955934548367 0.1543330818239397 0.0499539610912933
    vertex 1.949319680983752 0.3129618143063984 0.1012983224993654
  endloop
endfacet
facet normal -2.94981e-17 0.307947 -0.951404
  outer loop
    vertex 3.207783827723478 0.3248403375179846 0.1051431189572662
    vertex 3.053866899796183 0.3764749173054321 0.121856008761475
    vertex 3.186023005515568 0.5138947946333556 0.1663355663785546
  endloop
endfacet
facet normal 1.06246e-16 0.307947 -0.951404
  outer loop
    vertex 0.6908266690612355 0.8745272980388756 0.2830637612054177
    vertex 0.8137091835161663 0.7155361501196918 0.2316020945092565
    vertex 0.6218560118625492 0.7109376382168543 0.2301136651851129
  endloop
endfacet
facet normal -4.9766e-10 0.307947 -0.951404
  outer loop
    vertex 0.9681407313438202 1.024696239550365 0.3316698886232223
    vertex 0.8898574077401673 0.8711858812497357 0.2819822237780442
    vertex 0.7690725440420999 1.024696239536028 0.3316698887227105
  endloop
endfacet
facet normal 0.0117135 0.335506 -0.941965
  outer loop
    vertex 4.491127186393408 0.2345772661381665 0.08132727495524436
    vertex 4.293642709369128 0.1845748112817353 0.06106184233655684
    vertex 4.352788452995652 0.3646102379316507 0.1259216530680943
  endloop
endfacet
facet normal 0.190662 0.526732 -0.828373
  outer loop
    vertex 5.190514452765539 0.750601219695507 0.3985218365084369
    vertex 5.307739395507021 0.7225379132272595 0.4076584465578422
    vertex 5.2598166905348 0.6117203281013652 0.3261634800179132
  endloop
endfacet
facet normal -1.83473e-09 0.307947 -0.951404
  outer loop
    vertex -0.01271773113360737 0.5123481482734737 0.165834953924388
    vertex 0.1634083565780465 0.6007402170880888 0.1944453715025764
    vertex 0.1434108493794973 0.4356442574288134 0.1410077219223171
  endloop
endfacet
facet normal -4.58796e-09 0.307947 -0.951404
  outer loop
    vertex -0.02237270078194773 0.8539135803484807 0.2763915902055319
    vertex 0.1277316267826717 0.7556259699101525 0.2445782190983722
    vertex -0.01754521595780378 0.683130864321619 0.2211132720320788
  endloop
endfacet
facet normal 2.87474e-17 0.307947 -0.951404
  outer loop
    vertex 0.8812476418331863 0.1493308007473251 0.04833484125440712
    vertex 0.7649217628422512 0.2986307750643687 0.09665970472387883
    vertex 0.9569170986976402 0.2989805634948338 0.09677292294928541
  endloop
endfacet
facet normal 6.22008e-17 0.307947 -0.951404
  outer loop
    vertex 2.267102154715543 0.1608632773074956 0.05206763061210432
    vertex 2.068278421530993 0.1571192984756601 0.05085579339171177
    vertex 2.143098666169268 0.3211748715834684 0.1039566945010815
  endloop
endfacet
facet normal 0.0457661 0.391879 -0.918878
  outer loop
    vertex 4.582934749359572 0.5411317935303743 0.2088716128947017
    vertex 4.694010815472186 0.4216757703614061 0.1634589006668525
    vertex 4.523872711833629 0.3941617590329587 0.1432508806730631
  endloop
endfacet
facet normal 5.635e-17 0.307947 -0.951404
  outer loop
    vertex 3.001041441663276 0.5100792709666784 0.1651005717906441
    vertex 2.92436748785738 0.6706652393906534 0.2170784440890159
    vertex 3.106411608599271 0.6713829395091049 0.2173107466087909
  endloop
endfacet
facet normal 1.90696e-10 0.307947 -0.951404
  outer loop
    vertex 1.565345291681966 1.024696240087282 0.3316698908477848
    vertex 1.668881623817309 0.8734323670603936 0.282709357996136
    vertex 1.478936522580909 0.87641252328834 0.2836739639412608
  endloop
endfacet
facet normal 0.186487 0.529734 -0.827408
  outer loop
    vertex 5.2598166905348 0.6117203281013652 0.3261634800179132
    vertex 5.43947552699438 0.6256871019236836 0.3755981624579975
    vertex 5.378809380941032 0.4925248424972778 0.2766700130180265
  endloop
endfacet
facet normal 0.26336 0.597076 -0.757722
  outer loop
    vertex 5.889176824167844 0.5850274802135589 0.4894429402943032
    vertex 5.936378206744643 0.4690541948038122 0.4144630533381702
    vertex 5.750413335912519 0.5132110626237031 0.3846227717435828
  endloop
endfacet
facet normal -1.05347e-16 0.307947 -0.951404
  outer loop
    vertex 1.387900584574014 0.7435581484088809 0.2406721512702257
    vertex 1.577610316011223 0.7494123481504527 0.2425670169895842
    vertex 1.504294723862443 0.6026323454020202 0.1950578085967938
  endloop
endfacet
facet normal 0.0340316 0.364079 -0.930746
  outer loop
    vertex 3.987745030979063 0.5866364436493269 0.1983808351776249
    vertex 4.026285520620284 0.7093825493197378 0.2478044165798949
    vertex 4.13726073741641 0.6113568381454479 0.2135175293882898
  endloop
endfacet
facet normal 0.0548282 0.385071 -0.921257
  outer loop
    vertex 4.873531404884702 0.1595127541125265 0.06316607585294806
    vertex 4.781729445619918 0.300824577528238 0.1167685962100374
    vertex 4.954148256251323 0.3119897713128081 0.1316969002096898
  endloop
endfacet
facet normal -9.11144e-17 0.307947 -0.951404
  outer loop
    vertex 1.312157235837101 0.5921028513779573 0.1916496609166413
    vertex 1.387900584574014 0.7435581484088809 0.2406721512702257
    vertex 1.504294723862443 0.6026323454020202 0.1950578085967938
  endloop
endfacet
facet normal 6.75577e-18 0.307947 -0.951404
  outer loop
    vertex 0.6882801588853212 0.1508899459410112 0.04883949960387185
    vertex 0.7649217628422512 0.2986307750643687 0.09665970472387883
    vertex 0.8812476418331863 0.1493308007473251 0.04833484125440712
  endloop
endfacet
facet normal 0.0844944 0.425774 -0.900876
  outer loop
    vertex 5.034093139858599 0.4593723739694393 0.2088513065206405
    vertex 4.954148256251323 0.3119897713128081 0.1316969002096898
    vertex 4.859362007735613 0.4409143612315572 0.1837393639723026
  endloop
endfacet
facet normal -2.58129e-17 0.307947 -0.951404
  outer loop
    vertex 0.5018721452244335 0.1528004442612905 0.04945788263379854
    vertex 0.5768398258254099 0.2967352945303567 0.09604618259546469
    vertex 0.6882801588853212 0.1508899459410112 0.04883949960387185
  endloop
endfacet
facet normal 0.225917 0.562655 -0.795224
  outer loop
    vertex 5.556781261501064 0.5045552477937346 0.3234889535210438
    vertex 5.750413335912519 0.5132110626237031 0.3846227717435828
    vertex 5.675554828950382 0.3892071805998399 0.2756179760936602
  endloop
endfacet
facet normal 0.259245 0.591718 -0.763323
  outer loop
    vertex 5.65135421538363 0.7955124401452689 0.5680902935817044
    vertex 5.72227382016115 0.6375255441315207 0.4697071095878236
    vertex 5.543959661202635 0.7117754084311309 0.4667042843701193
  endloop
endfacet
facet normal 0.0691774 0.40794 -0.910384
  outer loop
    vertex 3.967164790633849 0.8850024196330646 0.3183557481516025
    vertex 4.048983527205042 0.9453674235129765 0.3516222278368569
    vertex 4.059595765079679 0.8201341533047263 0.2963120894572355
  endloop
endfacet
facet normal -1.32106e-11 0.307947 -0.951404
  outer loop
    vertex 1.16720892154876 1.02469623964756 0.3316698889466581
    vertex 1.2837860148265 0.8754165888609575 0.2833516035694794
    vertex 1.086874358552751 0.8727180346458419 0.2824781455223031
  endloop
endfacet
facet normal 0.0464501 0.385984 -0.921335
  outer loop
    vertex 4.13726073741641 0.6113568381454479 0.2135175293882898
    vertex 4.185303304129994 0.7449971875489564 0.2719269324541354
    vertex 4.294081963236106 0.6354125118893296 0.2315017248114082
  endloop
endfacet
facet normal -3.68833e-12 0.307947 -0.951404
  outer loop
    vertex 0.7690725440420999 1.024696239536028 0.3316698887227105
    vertex 0.8898574077401673 0.8711858812497357 0.2819822237780442
    vertex 0.6908266690612355 0.8745272980388756 0.2830637612054177
  endloop
endfacet
facet normal 0.0192409 0.327539 -0.944642
  outer loop
    vertex 3.376160003840656 0.8022631269166003 0.2619110170595305
    vertex 3.53978964971735 0.7986253546832019 0.2639825593189783
    vertex 3.452971460270915 0.6745940309080816 0.219208401917398
  endloop
endfacet
facet normal -3.17967e-12 0.307947 -0.951404
  outer loop
    vertex 0.3709361809418352 1.024696239470728 0.3316698887410758
    vertex 0.4798510800256106 0.8842081369284821 0.2861972193305795
    vertex 0.2714020895342367 0.8606760665094738 0.2785804458156844
  endloop
endfacet
facet normal 0.141866 0.489343 -0.860475
  outer loop
    vertex 5.378809380941032 0.4925248424972778 0.2766700130180265
    vertex 5.315861240382578 0.354494371482839 0.1877953452287696
    vertex 5.202018959682957 0.4763716461126052 0.2383366241407065
  endloop
endfacet
facet normal 5.39653e-16 0.307947 -0.951404
  outer loop
    vertex 3.186023005515568 0.5138947946333556 0.1663355663785546
    vertex 3.001041441663276 0.5100792709666784 0.1651005717906441
    vertex 3.106411608599271 0.6713829395091049 0.2173107466087909
  endloop
endfacet
facet normal -5.63033e-10 0.307947 -0.951404
  outer loop
    vertex -0.007890246309371598 0.3415654322040438 0.1105566358824591
    vertex 0.1467599704083213 0.2651434469724469 0.08582065022703696
    vertex -0.003062761485109605 0.1707827161133294 0.05527831790629251
  endloop
endfacet
facet normal 0.181018 0.530168 -0.828345
  outer loop
    vertex 5.556781261501064 0.5045552477937346 0.3234889535210438
    vertex 5.675554828950382 0.3892071805998399 0.2756179760936602
    vertex 5.505129862533638 0.3832249314618059 0.2345462026778743
  endloop
endfacet
facet normal 0.079051 0.423725 -0.902335
  outer loop
    vertex 4.455037271983736 0.6606351542548466 0.2534586060605057
    vertex 4.481559620770953 0.7836710469012678 0.3135581774950624
    vertex 4.647208973045657 0.6977772739859875 0.2877356635000384
  endloop
endfacet
facet normal 0.18166 0.531763 -0.82718
  outer loop
    vertex 5.378809380941032 0.4925248424972778 0.2766700130180265
    vertex 5.43947552699438 0.6256871019236836 0.3755981624579975
    vertex 5.556781261501064 0.5045552477937346 0.3234889535210438
  endloop
endfacet
facet normal 0.134332 0.496468 -0.857598
  outer loop
    vertex 4.909456990829778 0.8300920271739195 0.392234015139686
    vertex 4.750614082222449 0.8485334863061409 0.3780292104325237
    vertex 4.834013462892663 0.9697459677269684 0.461263252771991
  endloop
endfacet
facet normal 0.13789 0.469189 -0.872266
  outer loop
    vertex 5.473790800457186 0.1502061887057396 0.09970356276158099
    vertex 5.444295099428188 0.2718968587460833 0.1604978364316075
    vertex 5.590491973208864 0.2723819078475835 0.1838699210820569
  endloop
endfacet
facet normal 0.211428 0.561938 -0.799702
  outer loop
    vertex 5.937438069432242 0.269022464579619 0.2629502364506105
    vertex 5.764504931021177 0.2723669503757206 0.2195797228734711
    vertex 5.857656814339286 0.3843554637084889 0.3229001219995535
  endloop
endfacet
facet normal -3.36068e-09 0.307947 -0.951404
  outer loop
    vertex -0.01754521595780378 0.683130864321619 0.2211132720320788
    vertex 0.1277316267826717 0.7556259699101525 0.2445782190983722
    vertex 0.1634083565780465 0.6007402170880888 0.1944453715025764
  endloop
endfacet
facet normal 0.425214 0.635834 -0.644134
  outer loop
    vertex 6.733967614822916 0.1227730396604956 0.4940782663480903
    vertex 6.781527577671612 0.2003483479668196 0.6020498674162155
    vertex 6.849869986634708 0.1303958041303213 0.5781137297854058
  endloop
endfacet
facet normal 0.0487435 0.374484 -0.925951
  outer loop
    vertex 4.13726073741641 0.6113568381454479 0.2135175293882898
    vertex 4.294081963236106 0.6354125118893296 0.2315017248114082
    vertex 4.245101626585422 0.4926969515882709 0.1712046126355008
  endloop
endfacet
facet normal 0.435566 0.640501 -0.632487
  outer loop
    vertex 6.714605650387563 0.3018475260298363 0.658748856699384
    vertex 6.796051622283085 0.2694963892182509 0.6820761055004583
    vertex 6.781527577671612 0.2003483479668196 0.6020498674162155
  endloop
endfacet
facet normal -1.84119e-16 0.307947 -0.951404
  outer loop
    vertex 0.8898574077401673 0.8711858812497357 0.2819822237780442
    vertex 0.8137091835161663 0.7155361501196918 0.2316020945092565
    vertex 0.6908266690612355 0.8745272980388756 0.2830637612054177
  endloop
endfacet
facet normal 0.182114 0.52973 -0.828384
  outer loop
    vertex 5.378809380941032 0.4925248424972778 0.2766700130180265
    vertex 5.556781261501064 0.5045552477937346 0.3234889535210438
    vertex 5.505129862533638 0.3832249314618059 0.2345462026778743
  endloop
endfacet
facet normal -2.98534e-17 0.307947 -0.951404
  outer loop
    vertex 0.6882801588853212 0.1508899459410112 0.04883949960387185
    vertex 0.5768398258254099 0.2967352945303567 0.09604618259546469
    vertex 0.7649217628422512 0.2986307750643687 0.09665970472387883
  endloop
endfacet
facet normal 0.00405012 0.313038 -0.949732
  outer loop
    vertex 3.638562802851162 0.4220311867145224 0.1366271210075013
    vertex 3.787672705200481 0.4504650550789939 0.1466349856591604
    vertex 3.786257386610766 0.3153087564209257 0.1020805548020003
  endloop
endfacet
facet normal 0.36545 0.631784 -0.68359
  outer loop
    vertex 6.44051929354512 0.2466462697963937 0.44458432366725
    vertex 6.375505846055404 0.3235782578569023 0.480929540611123
    vertex 6.502838691963233 0.3258646623267158 0.551115437276389
  endloop
endfacet
facet normal 1.51129e-16 0.307947 -0.951404
  outer loop
    vertex 0.4435611022306116 0.7114166064965137 0.2302686958663079
    vertex 0.265171054454765 0.6916366472110829 0.2238663918051541
    vertex 0.2714020895342367 0.8606760665094738 0.2785804458156844
  endloop
endfacet
facet normal -8.035e-17 0.307947 -0.951404
  outer loop
    vertex 2.236485100668954 0.4826946254512788 0.1562368110181113
    vertex 2.341098284870371 0.3337058260737717 0.1080126675021226
    vertex 2.143098666169268 0.3211748715834684 0.1039566945010815
  endloop
endfacet
facet normal 0.00134001 0.30892 -0.951087
  outer loop
    vertex 3.541763059838476 0.5487369516745048 0.1778570083952425
    vertex 3.4681480427573 0.4248616832760724 0.1375176582021844
    vertex 3.377601042541301 0.5376271824252497 0.1740171778797892
  endloop
endfacet
facet normal 0.0390264 0.377497 -0.925188
  outer loop
    vertex 4.294081963236106 0.6354125118893296 0.2315017248114082
    vertex 4.409430737002019 0.5144984891486364 0.1870318564083948
    vertex 4.245101626585422 0.4926969515882709 0.1712046126355008
  endloop
endfacet
facet normal 0.109384 0.453585 -0.884475
  outer loop
    vertex 5.202018959682957 0.4763716461126052 0.2383366241407065
    vertex 5.131278219793698 0.3270411979893972 0.1530069648661999
    vertex 5.034093139858599 0.4593723739694393 0.2088513065206405
  endloop
endfacet
facet normal 0.0331817 0.355627 -0.934039
  outer loop
    vertex 4.523872711833629 0.3941617590329587 0.1432508806730631
    vertex 4.491127186393408 0.2345772661381665 0.08132727495524436
    vertex 4.352788452995652 0.3646102379316507 0.1259216530680943
  endloop
endfacet
facet normal 0.0306968 0.367387 -0.929562
  outer loop
    vertex 4.409430737002019 0.5144984891486364 0.1870318564083948
    vertex 4.523872711833629 0.3941617590329587 0.1432508806730631
    vertex 4.352788452995652 0.3646102379316507 0.1259216530680943
  endloop
endfacet
facet normal 9.08469e-17 0.307947 -0.951404
  outer loop
    vertex 2.529332861888578 0.3338821054892678 0.1080697249713238
    vertex 2.341098284870371 0.3337058260737717 0.1080126675021226
    vertex 2.435448901695639 0.4904391496848004 0.15874352997726
  endloop
endfacet
facet normal -5.87296e-17 0.307947 -0.951404
  outer loop
    vertex 1.547475730881037 0.3022857421197217 0.09784273094168836
    vertex 1.748258611554357 0.3066074650773043 0.0992415702437941
    vertex 1.669461204745086 0.1518276784135404 0.04914302138217862
  endloop
endfacet
facet normal 6.10848e-05 0.307975 -0.951395
  outer loop
    vertex 3.186023005515568 0.5138947946333556 0.1663355663785546
    vertex 3.106411608599271 0.6713829395091049 0.2173107466087909
    vertex 3.280465409057561 0.6709968969323233 0.2171969564679185
  endloop
endfacet
facet normal 3.30868e-17 0.307947 -0.951404
  outer loop
    vertex 2.143098666169268 0.3211748715834684 0.1039566945010815
    vertex 2.068278421530993 0.1571192984756601 0.05085579339171177
    vertex 1.949319680983752 0.3129618143063984 0.1012983224993654
  endloop
endfacet
facet normal 0.13795 0.490949 -0.860197
  outer loop
    vertex 5.378809380941032 0.4925248424972778 0.2766700130180265
    vertex 5.505129862533638 0.3832249314618059 0.2345462026778743
    vertex 5.315861240382578 0.354494371482839 0.1877953452287696
  endloop
endfacet
facet normal 0.0360242 0.35429 -0.934442
  outer loop
    vertex 3.987745030979063 0.5866364436493269 0.1983808351776249
    vertex 4.13726073741641 0.6113568381454479 0.2135175293882898
    vertex 4.085472739903003 0.4714166648598572 0.1584632862437726
  endloop
endfacet
facet normal 2.42096e-12 0.307947 -0.951404
  outer loop
    vertex 1.989832729926071 0 2.83152206232504e-11
    vertex 1.86955934548367 0.1543330818239397 0.0499539610912933
    vertex 2.068278421530993 0.1571192984756601 0.05085579339171177
  endloop
endfacet
facet normal -5.44931e-13 0.307947 -0.951404
  outer loop
    vertex 1.669461204745086 0.1518276784135404 0.04914302138217862
    vertex 1.86955934548367 0.1543330818239397 0.0499539610912933
    vertex 1.791025928074223 0 -7.013158063868899e-12
  endloop
endfacet
facet normal -1.43365e-17 0.307947 -0.951404
  outer loop
    vertex 0.1467599704083213 0.2651434469724469 0.08582065022703696
    vertex 0.3000907007856681 0.3515696284343842 0.113794756977162
    vertex 0.2999749219116239 0.1638048087283538 0.05301973462253286
  endloop
endfacet
facet normal 0.0413664 0.363766 -0.930571
  outer loop
    vertex 4.409430737002019 0.5144984891486364 0.1870318564083948
    vertex 4.352788452995652 0.3646102379316507 0.1259216530680943
    vertex 4.245101626585422 0.4926969515882709 0.1712046126355008
  endloop
endfacet
facet normal 0.0858749 0.440418 -0.893676
  outer loop
    vertex 4.319169624488902 1.012537496907858 0.4101937520502961
    vertex 4.404201882650112 0.8972075144538025 0.3615281182114122
    vertex 4.236551689083583 0.8910432801305985 0.3423804719064384
  endloop
endfacet
facet normal 0.274186 0.584655 -0.763544
  outer loop
    vertex 5.750413335912519 0.5132110626237031 0.3846227717435828
    vertex 5.72227382016115 0.6375255441315207 0.4697071095878236
    vertex 5.889176824167844 0.5850274802135589 0.4894429402943032
  endloop
endfacet
facet normal 0.457126 0.641653 -0.615887
  outer loop
    vertex 6.893038961801312 0.2755857752548658 0.7592723939890059
    vertex 6.901629146916545 0.1947276843187094 0.6814073403809652
    vertex 6.850261875101108 0.2551969489895556 0.7062804007559613
  endloop
endfacet
facet normal 1.11653e-11 0.307947 -0.951404
  outer loop
    vertex 0.6908266690612355 0.8745272980388756 0.2830637612054177
    vertex 0.4798510800256106 0.8842081369284821 0.2861972193305795
    vertex 0.5700043705736069 1.024696239514518 0.3316698887877154
  endloop
endfacet
facet normal 0.0983454 0.458196 -0.883394
  outer loop
    vertex 5.315861240382578 0.354494371482839 0.1877953452287696
    vertex 5.131278219793698 0.3270411979893972 0.1530069648661999
    vertex 5.202018959682957 0.4763716461126052 0.2383366241407065
  endloop
endfacet
facet normal 0.0682024 0.404182 -0.912132
  outer loop
    vertex 4.185303304129994 0.7449971875489564 0.2719269324541354
    vertex 4.343797376933029 0.7684493389899785 0.2941699705922208
    vertex 4.294081963236106 0.6354125118893296 0.2315017248114082
  endloop
endfacet
facet normal 0.0660133 0.414658 -0.90758
  outer loop
    vertex 4.236551689083583 0.8910432801305985 0.3423804719064384
    vertex 4.343797376933029 0.7684493389899785 0.2941699705922208
    vertex 4.185303304129994 0.7449971875489564 0.2719269324541354
  endloop
endfacet
facet normal 0.0714661 0.431903 -0.899084
  outer loop
    vertex 5.034093139858599 0.4593723739694393 0.2088513065206405
    vertex 5.131278219793698 0.3270411979893972 0.1530069648661999
    vertex 4.954148256251323 0.3119897713128081 0.1316969002096898
  endloop
endfacet
facet normal 0.26213 0.585589 -0.767055
  outer loop
    vertex 5.750413335912519 0.5132110626237031 0.3846227717435828
    vertex 5.936378206744643 0.4690541948038122 0.4144630533381702
    vertex 5.857656814339286 0.3843554637084889 0.3229001219995535
  endloop
endfacet
facet normal 0.0153036 0.328405 -0.944413
  outer loop
    vertex 4.574320161386979 0 0.0006745429756017563
    vertex 4.475417171728947 0.0970038648240038 0.03280344258164952
    vertex 4.673313480284655 0.1623390105388569 0.0587294857739086
  endloop
endfacet
facet normal -9.04789e-06 0.308013 -0.951382
  outer loop
    vertex 3.377601042541301 0.5376271824252497 0.1740171778797892
    vertex 3.186023005515568 0.5138947946333556 0.1663355663785546
    vertex 3.280465409057561 0.6709968969323233 0.2171969564679185
  endloop
endfacet
facet normal 0.100001 0.456662 -0.884002
  outer loop
    vertex 4.590817797008745 0.868061410308159 0.3675822673694345
    vertex 4.404201882650112 0.8972075144538025 0.3615281182114122
    vertex 4.491274525568581 1.002877019543159 0.4259652522813758
  endloop
endfacet
facet normal 0.00773916 0.314761 -0.949139
  outer loop
    vertex 3.699280249824022 0.5603468307410033 0.1829915443548946
    vertex 3.638562802851162 0.4220311867145224 0.1366271210075013
    vertex 3.541763059838476 0.5487369516745048 0.1778570083952425
  endloop
endfacet
facet normal 0.0231561 0.348459 -0.937038
  outer loop
    vertex 3.896695500752558 0.6908302419484758 0.2348776097236615
    vertex 3.987745030979063 0.5866364436493269 0.1983808351776249
    vertex 3.841020038213189 0.5720243937808943 0.1893211432155579
  endloop
endfacet
facet normal 0.0268805 0.357338 -0.933588
  outer loop
    vertex 4.13726073741641 0.6113568381454479 0.2135175293882898
    vertex 4.245101626585422 0.4926969515882709 0.1712046126355008
    vertex 4.085472739903003 0.4714166648598572 0.1584632862437726
  endloop
endfacet
facet normal 0.233706 0.558584 -0.795843
  outer loop
    vertex 5.543959661202635 0.7117754084311309 0.4667042843701193
    vertex 5.43947552699438 0.6256871019236836 0.3755981624579975
    vertex 5.405543686409153 0.7640800096038461 0.4627686441466761
  endloop
endfacet
facet normal 0.000172387 0.309548 -0.950884
  outer loop
    vertex 3.541763059838476 0.5487369516745048 0.1778570083952425
    vertex 3.638562802851162 0.4220311867145224 0.1366271210075013
    vertex 3.4681480427573 0.4248616832760724 0.1375176582021844
  endloop
endfacet
facet normal 0.0158955 0.339328 -0.940534
  outer loop
    vertex 3.987745030979063 0.5866364436493269 0.1983808351776249
    vertex 4.085472739903003 0.4714166648598572 0.1584632862437726
    vertex 3.912964540294126 0.445992359952849 0.1463751841619287
  endloop
endfacet
facet normal 0.0175142 0.329919 -0.943847
  outer loop
    vertex 4.085472739903003 0.4714166648598572 0.1584632862437726
    vertex 4.025853206501049 0.3381305240642105 0.1107671438421746
    vertex 3.912964540294126 0.445992359952849 0.1463751841619287
  endloop
endfacet
facet normal -1.28135e-16 0.307947 -0.951404
  outer loop
    vertex 0.4435611022306116 0.7114166064965137 0.2302686958663079
    vertex 0.6218560118625492 0.7109376382168543 0.2301136651851129
    vertex 0.5373040753507656 0.5662582743854648 0.1832843838273346
  endloop
endfacet
facet normal -5.51564e-17 0.307947 -0.951404
  outer loop
    vertex 1.632129153597223 0.4531375021373806 0.1466698706671282
    vertex 1.748258611554357 0.3066074650773043 0.0992415702437941
    vertex 1.547475730881037 0.3022857421197217 0.09784273094168836
  endloop
endfacet
facet normal -1.02295e-16 0.307947 -0.951404
  outer loop
    vertex 1.949319680983752 0.3129618143063984 0.1012983224993654
    vertex 1.748258611554357 0.3066074650773043 0.0992415702437941
    vertex 1.833196148510403 0.4647645857374838 0.1504332820815867
  endloop
endfacet
facet normal -8.60414e-10 0.307947 -0.951404
  outer loop
    vertex 0.1434108493794973 0.4356442574288134 0.1410077219223171
    vertex 0.1467599704083213 0.2651434469724469 0.08582065022703696
    vertex -0.007890246309371598 0.3415654322040438 0.1105566358824591
  endloop
endfacet
facet normal 0.140472 0.49603 -0.856867
  outer loop
    vertex 5.2598166905348 0.6117203281013652 0.3261634800179132
    vertex 5.378809380941032 0.4925248424972778 0.2766700130180265
    vertex 5.202018959682957 0.4763716461126052 0.2383366241407065
  endloop
endfacet
facet normal 0.0402758 0.359229 -0.93238
  outer loop
    vertex 4.673313480284655 0.1623390105388569 0.0587294857739086
    vertex 4.630461825160213 0.29334087886955 0.1073509913003106
    vertex 4.781729445619918 0.300824577528238 0.1167685962100374
  endloop
endfacet
facet normal 2.59986e-16 0.307947 -0.951404
  outer loop
    vertex 1.504294723862443 0.6026323454020202 0.1950578085967938
    vertex 1.577610316011223 0.7494123481504527 0.2425670169895842
    vertex 1.691548890652349 0.6149406236830508 0.1990417065860326
  endloop
endfacet
facet normal 0.292558 0.603112 -0.742069
  outer loop
    vertex 6.116220334560777 0.2640770437680344 0.3183264176586885
    vertex 6.024096514783555 0.3804500045289843 0.3765882836152227
    vertex 6.1479302688358 0.3759323554964246 0.4217377056018907
  endloop
endfacet
facet normal -2.53552e-13 0.307947 -0.951404
  outer loop
    vertex 1.393412325100459 0 -1.035684896743875e-11
    vertex 1.272049023789249 0.1496007970459042 0.04842223265769291
    vertex 1.469772282355593 0.1503642872171797 0.0486693563324018
  endloop
endfacet
facet normal 9.03023e-15 0.307947 -0.951404
  outer loop
    vertex 1.075228532180876 0.1494276967456457 0.04836620419275326
    vertex 1.272049023789249 0.1496007970459042 0.04842223265769291
    vertex 1.194605526304555 0 1.61746456341795e-12
  endloop
endfacet
facet normal -3.35994e-12 0.307947 -0.951404
  outer loop
    vertex 0.001764723349188803 -9.284014665968373e-17 1.630951490975289e-13
    vertex 0.1350070119974308 0.1271920752189545 0.04116906046013352
    vertex 0.2005715214333684 0 -5.38972526523046e-13
  endloop
endfacet
facet normal 0.00459567 0.311044 -0.950385
  outer loop
    vertex 3.377601042541301 0.5376271824252497 0.1740171778797892
    vertex 3.280465409057561 0.6709968969323233 0.2171969564679185
    vertex 3.452971460270915 0.6745940309080816 0.219208401917398
  endloop
endfacet
facet normal 0.0129011 0.320319 -0.947222
  outer loop
    vertex 3.541763059838476 0.5487369516745048 0.1778570083952425
    vertex 3.452971460270915 0.6745940309080816 0.219208401917398
    vertex 3.62252599049925 0.6792744137392089 0.2231004788311173
  endloop
endfacet
facet normal 0.385931 0.630028 -0.673886
  outer loop
    vertex 6.401048391935185 0.5243478098403318 0.6795125227963477
    vertex 6.393550942672007 0.4697677133726512 0.6241908929949159
    vertex 6.39300123370912 0.5279168242568208 0.6782406842781562
  endloop
endfacet
facet normal 0.0216422 0.332009 -0.943028
  outer loop
    vertex 3.699280249824022 0.5603468307410033 0.1829915443548946
    vertex 3.62252599049925 0.6792744137392089 0.2231004788311173
    vertex 3.772024857445867 0.6808784664166061 0.2270961620332362
  endloop
endfacet
facet normal 0.0652635 0.403125 -0.912815
  outer loop
    vertex 3.958065971503097 0.9591939250904984 0.350651187344211
    vertex 3.821500255312885 0.9450909074894358 0.3346588668083513
    vertex 3.858058298282923 1.02446815444659 0.3723278880181865
  endloop
endfacet
facet normal 0.00281439 0.309168 -0.951003
  outer loop
    vertex 3.021255199845799 0.8496651865412599 0.275017602925417
    vertex 3.211572899327299 0.8108833930034659 0.2629730164451366
    vertex 3.106411608599271 0.6713829395091049 0.2173107466087909
  endloop
endfacet
facet normal -4.67614e-16 0.307947 -0.951404
  outer loop
    vertex 3.186023005515568 0.5138947946333556 0.1663355663785546
    vertex 3.298179708340671 0.4315577366970561 0.1396850120067215
    vertex 3.207783827723478 0.3248403375179846 0.1051431189572662
  endloop
endfacet
facet normal -9.65384e-17 0.307947 -0.951404
  outer loop
    vertex 1.691548890652349 0.6149406236830508 0.1990417065860326
    vertex 1.739346390139035 0.7547199126559707 0.2442849498375826
    vertex 1.915624571393084 0.6442960619247216 0.2085433662588119
  endloop
endfacet
facet normal 9.59997e-17 0.307947 -0.951404
  outer loop
    vertex 1.116327995074949 0.5834404720409029 0.188845854012462
    vertex 1.195391443472575 0.7378277940231617 0.2388173713575813
    vertex 1.312157235837101 0.5921028513779573 0.1916496609166413
  endloop
endfacet
facet normal -3.65665e-17 0.307947 -0.951404
  outer loop
    vertex 1.347670850753591 0.3007835179131033 0.09735649656678338
    vertex 1.150904550485134 0.2999603189360067 0.09709004656665196
    vertex 1.234880235233742 0.4400918412535887 0.1424472994043929
  endloop
endfacet
facet normal 0.00104713 0.312809 -0.949816
  outer loop
    vertex 3.541763059838476 0.5487369516745048 0.1778570083952425
    vertex 3.377601042541301 0.5376271824252497 0.1740171778797892
    vertex 3.452971460270915 0.6745940309080816 0.219208401917398
  endloop
endfacet
facet normal 0.026274 0.349352 -0.936623
  outer loop
    vertex 3.44771852254709 0.9158840535001601 0.3045609992137197
    vertex 3.30597097594373 0.9186270559586796 0.3016078402621333
    vertex 3.356808203608793 1.025708494316178 0.3429743468427133
  endloop
endfacet
facet normal 0.262062 0.581586 -0.770117
  outer loop
    vertex 6.024096514783555 0.3804500045289843 0.3765882836152227
    vertex 5.937438069432242 0.269022464579619 0.2629502364506105
    vertex 5.857656814339286 0.3843554637084889 0.3229001219995535
  endloop
endfacet
facet normal 0.480639 0.642473 -0.596837
  outer loop
    vertex 7.074449614578872 0.1690122055741394 0.7896401320778281
    vertex 7.102776730816107 0.0749588256276008 0.7112071881172537
    vertex 7.009762351188996 0.1429022788331777 0.7094404126087613
  endloop
endfacet
facet normal 0.0247851 0.335091 -0.94186
  outer loop
    vertex 3.987745030979063 0.5866364436493269 0.1983808351776249
    vertex 3.912964540294126 0.445992359952849 0.1463751841619287
    vertex 3.841020038213189 0.5720243937808943 0.1893211432155579
  endloop
endfacet
facet normal 0.00698998 0.32361 -0.946165
  outer loop
    vertex 3.699280249824022 0.5603468307410033 0.1829915443548946
    vertex 3.541763059838476 0.5487369516745048 0.1778570083952425
    vertex 3.62252599049925 0.6792744137392089 0.2231004788311173
  endloop
endfacet
facet normal 0.0868719 0.429486 -0.898886
  outer loop
    vertex 4.236551689083583 0.8910432801305985 0.3423804719064384
    vertex 4.404201882650112 0.8972075144538025 0.3615281182114122
    vertex 4.343797376933029 0.7684493389899785 0.2941699705922208
  endloop
endfacet
facet normal 0.336878 0.619613 -0.708938
  outer loop
    vertex 6.29525911505648 0.261316963332644 0.3883809128635546
    vertex 6.375505846055404 0.3235782578569023 0.480929540611123
    vertex 6.44051929354512 0.2466462697963937 0.44458432366725
  endloop
endfacet
facet normal 2.90324e-17 0.307947 -0.951404
  outer loop
    vertex 3.477546591883766 0.1571701487154564 0.0508722524092487
    vertex 3.567213138261031 0.2891044755327628 0.09357626732651822
    vertex 3.680796784726144 0.1590483316099889 0.05148017570169508
  endloop
endfacet
facet normal 0.0309955 0.345165 -0.93803
  outer loop
    vertex 3.896695500752558 0.6908302419484758 0.2348776097236615
    vertex 3.841020038213189 0.5720243937808943 0.1893211432155579
    vertex 3.772024857445867 0.6808784664166061 0.2270961620332362
  endloop
endfacet
facet normal 0.0197876 0.347998 -0.937286
  outer loop
    vertex 4.352788452995652 0.3646102379316507 0.1259216530680943
    vertex 4.192623273106007 0.346922046021316 0.1159729916498999
    vertex 4.245101626585422 0.4926969515882709 0.1712046126355008
  endloop
endfacet
facet normal 0.0288822 0.345048 -0.938141
  outer loop
    vertex 4.245101626585422 0.4926969515882709 0.1712046126355008
    vertex 4.192623273106007 0.346922046021316 0.1159729916498999
    vertex 4.085472739903003 0.4714166648598572 0.1584632862437726
  endloop
endfacet
facet normal 0.0143797 0.335934 -0.941776
  outer loop
    vertex 3.841020038213189 0.5720243937808943 0.1893211432155579
    vertex 3.699280249824022 0.5603468307410033 0.1829915443548946
    vertex 3.772024857445867 0.6808784664166061 0.2270961620332362
  endloop
endfacet
facet normal -1.59021e-10 0.307947 -0.951404
  outer loop
    vertex -0.003062761485109605 0.1707827161133294 0.05527831790629251
    vertex 0.1350070119974308 0.1271920752189545 0.04116906046013352
    vertex 0.001764723349188803 -9.284014665968373e-17 1.630951490975289e-13
  endloop
endfacet
facet normal 5.39233e-16 0.307947 -0.951404
  outer loop
    vertex 3.186023005515568 0.5138947946333556 0.1663355663785546
    vertex 3.053866899796183 0.3764749173054321 0.121856008761475
    vertex 3.001041441663276 0.5100792709666784 0.1651005717906441
  endloop
endfacet
facet normal -1.98803e-17 0.307947 -0.951404
  outer loop
    vertex 1.469772282355593 0.1503642872171797 0.0486693563324018
    vertex 1.272049023789249 0.1496007970459042 0.04842223265769291
    vertex 1.347670850753591 0.3007835179131033 0.09735649656678338
  endloop
endfacet
facet normal 0.422194 0.637777 -0.6442
  outer loop
    vertex 6.733967614822916 0.1227730396604956 0.4940782663480903
    vertex 6.689381787118321 0.2409533407932448 0.5818597486578503
    vertex 6.781527577671612 0.2003483479668196 0.6020498674162155
  endloop
endfacet
facet normal -8.26359e-10 0.307947 -0.951404
  outer loop
    vertex 0.1718679980477902 1.024696239431075 0.3316698887163727
    vertex 0.1181150067876528 0.890193493000776 0.2881345372459568
    vertex -0.02720247665068934 1.024696238066145 0.3316698884474836
  endloop
endfacet
facet normal 1.99578e-16 0.307947 -0.951404
  outer loop
    vertex 1.577610316011223 0.7494123481504527 0.2425670169895842
    vertex 1.739346390139035 0.7547199126559707 0.2442849498375826
    vertex 1.691548890652349 0.6149406236830508 0.1990417065860326
  endloop
endfacet
facet normal 0.0119304 0.332166 -0.943146
  outer loop
    vertex 4.085472739903003 0.4714166648598572 0.1584632862437726
    vertex 4.192623273106007 0.346922046021316 0.1159729916498999
    vertex 4.025853206501049 0.3381305240642105 0.1107671438421746
  endloop
endfacet
facet normal 0.247158 0.57383 -0.780789
  outer loop
    vertex 5.460885195766798 0.8472819136956038 0.5414350799108923
    vertex 5.405543686409153 0.7640800096038461 0.4627686441466761
    vertex 5.330655488434607 0.8790571205967728 0.5235636721250788
  endloop
endfacet
facet normal 0.401049 0.626522 -0.668304
  outer loop
    vertex 6.502838691963233 0.3258646623267158 0.551115437276389
    vertex 6.529624388313909 0.3750764950989037 0.6133246371110137
    vertex 6.614553752521142 0.3387375687212897 0.6302236758079462
  endloop
endfacet
facet normal 0.0526172 0.406824 -0.91199
  outer loop
    vertex 4.954148256251323 0.3119897713128081 0.1316969002096898
    vertex 4.781729445619918 0.300824577528238 0.1167685962100374
    vertex 4.859362007735613 0.4409143612315572 0.1837393639723026
  endloop
endfacet
facet normal 6.77434e-17 0.307947 -0.951404
  outer loop
    vertex 2.435448901695639 0.4904391496848004 0.15874352997726
    vertex 2.341098284870371 0.3337058260737717 0.1080126675021226
    vertex 2.236485100668954 0.4826946254512788 0.1562368110181113
  endloop
endfacet
facet normal 0.214888 0.557691 -0.80175
  outer loop
    vertex 5.43947552699438 0.6256871019236836 0.3755981624579975
    vertex 5.307739395507021 0.7225379132272595 0.4076584465578422
    vertex 5.405543686409153 0.7640800096038461 0.4627686441466761
  endloop
endfacet
facet normal 0.25605 0.577672 -0.77507
  outer loop
    vertex 6.033900038438378 0.1375793358215237 0.1968505739874576
    vertex 5.937438069432242 0.269022464579619 0.2629502364506105
    vertex 6.116220334560777 0.2640770437680344 0.3183264176586885
  endloop
endfacet
facet normal 0.030121 0.347716 -0.937116
  outer loop
    vertex 3.356808203608793 1.025708494316178 0.3429743468427133
    vertex 3.30597097594373 0.9186270559586796 0.3016078402621333
    vertex 3.157850190962638 1.025281759446218 0.3364210602551483
  endloop
endfacet
facet normal 0.00123477 0.308718 -0.951153
  outer loop
    vertex 3.786257386610766 0.3153087564209257 0.1020805548020003
    vertex 3.911113048645486 0.280946923182213 0.09108974124310457
    vertex 3.876159277732823 0.1598473767081864 0.05173880766364269
  endloop
endfacet
facet normal 0.390383 0.632815 -0.66869
  outer loop
    vertex 6.458117391248583 0.4266212462412392 0.6203580679575319
    vertex 6.529624388313909 0.3750764950989037 0.6133246371110137
    vertex 6.502838691963233 0.3258646623267158 0.551115437276389
  endloop
endfacet
facet normal 6.85333e-05 0.311039 -0.950397
  outer loop
    vertex 3.106411608599271 0.6713829395091049 0.2173107466087909
    vertex 3.211572899327299 0.8108833930034659 0.2629730164451366
    vertex 3.280465409057561 0.6709968969323233 0.2171969564679185
  endloop
endfacet
facet normal 1.69066e-10 0.307947 -0.951404
  outer loop
    vertex 1.791025928074223 0 -7.013158063868899e-12
    vertex 1.86955934548367 0.1543330818239397 0.0499539610912933
    vertex 1.989832729926071 0 2.83152206232504e-11
  endloop
endfacet
facet normal 0.0124945 0.331769 -0.943278
  outer loop
    vertex 3.452971460270915 0.6745940309080816 0.219208401917398
    vertex 3.53978964971735 0.7986253546832019 0.2639825593189783
    vertex 3.62252599049925 0.6792744137392089 0.2231004788311173
  endloop
endfacet
facet normal 0.00973207 0.3275 -0.944801
  outer loop
    vertex 3.912964540294126 0.445992359952849 0.1463751841619287
    vertex 3.787672705200481 0.4504650550789939 0.1466349856591604
    vertex 3.841020038213189 0.5720243937808943 0.1893211432155579
  endloop
endfacet
facet normal 0.00330909 0.316519 -0.948581
  outer loop
    vertex 3.699280249824022 0.5603468307410033 0.1829915443548946
    vertex 3.787672705200481 0.4504650550789939 0.1466349856591604
    vertex 3.638562802851162 0.4220311867145224 0.1366271210075013
  endloop
endfacet
facet normal 0.218896 0.551406 -0.805007
  outer loop
    vertex 5.199680274942027 0.9078381135502953 0.5060755683788059
    vertex 5.186938834901237 0.8490443371276518 0.4623388885613893
    vertex 5.186341352181136 0.9105830493863133 0.5043286669644921
  endloop
endfacet
facet normal 0.057965 0.404421 -0.912734
  outer loop
    vertex 3.958065971503097 0.9591939250904984 0.350651187344211
    vertex 3.967164790633849 0.8850024196330646 0.3183557481516025
    vertex 3.886496499917691 0.8765790243020731 0.3095004513359779
  endloop
endfacet
facet normal 0.194266 0.546198 -0.814818
  outer loop
    vertex 5.264695630206247 0.8184826267992819 0.4617108403284536
    vertex 5.307739395507021 0.7225379132272595 0.4076584465578422
    vertex 5.190514452765539 0.750601219695507 0.3985218365084369
  endloop
endfacet
facet normal -4.99099e-09 0.307947 -0.951404
  outer loop
    vertex -0.02720247665068934 1.024696238066145 0.3316698884474836
    vertex 0.1181150067876528 0.890193493000776 0.2881345372459568
    vertex -0.02237270078194773 0.8539135803484807 0.2763915902055319
  endloop
endfacet
facet normal 2.51861e-16 0.307947 -0.951404
  outer loop
    vertex 0.1634083565780465 0.6007402170880888 0.1944453715025764
    vertex 0.265171054454765 0.6916366472110829 0.2238663918051541
    vertex 0.3362491906233175 0.5619428543440744 0.1818875846298293
  endloop
endfacet
facet normal 0.18683 0.528298 -0.828249
  outer loop
    vertex 5.2598166905348 0.6117203281013652 0.3261634800179132
    vertex 5.307739395507021 0.7225379132272595 0.4076584465578422
    vertex 5.43947552699438 0.6256871019236836 0.3755981624579975
  endloop
endfacet
facet normal 0.0436699 0.361859 -0.93121
  outer loop
    vertex 3.532001648271708 1.02590375760732 0.3512660811295671
    vertex 3.44771852254709 0.9158840535001601 0.3045609992137197
    vertex 3.356808203608793 1.025708494316178 0.3429743468427133
  endloop
endfacet
facet normal 0.0236325 0.357431 -0.93364
  outer loop
    vertex 4.523872711833629 0.3941617590329587 0.1432508806730631
    vertex 4.630461825160213 0.29334087886955 0.1073509913003106
    vertex 4.491127186393408 0.2345772661381665 0.08132727495524436
  endloop
endfacet
facet normal 0.348237 0.623511 -0.699975
  outer loop
    vertex 6.290544491061345 0.4870618587683204 0.5848921335338353
    vertex 6.183761276086817 0.5372993568126102 0.5765172901268012
    vertex 6.211288350661386 0.6043996679581535 0.6499823334405368
  endloop
endfacet
facet normal 0.292689 0.605954 -0.739697
  outer loop
    vertex 6.024096514783555 0.3804500045289843 0.3765882836152227
    vertex 5.936378206744643 0.4690541948038122 0.4144630533381702
    vertex 6.071606783287344 0.4948951111508695 0.4891400643048814
  endloop
endfacet
facet normal 1.38265e-16 0.307947 -0.951404
  outer loop
    vertex 1.195391443472575 0.7378277940231617 0.2388173713575813
    vertex 1.387900584574014 0.7435581484088809 0.2406721512702257
    vertex 1.312157235837101 0.5921028513779573 0.1916496609166413
  endloop
endfacet
facet normal 0.451915 0.637807 -0.623679
  outer loop
    vertex 6.849869986634708 0.1303958041303213 0.5781137297854058
    vertex 6.846783385727415 0.2169068028022518 0.6643478434478274
    vertex 6.901629146916545 0.1947276843187094 0.6814073403809652
  endloop
endfacet
facet normal 0.0295423 0.359258 -0.932771
  outer loop
    vertex 3.896695500752558 0.6908302419484758 0.2348776097236615
    vertex 3.772024857445867 0.6808784664166061 0.2270961620332362
    vertex 3.835850821545252 0.7864131802257273 0.2697644534205843
  endloop
endfacet
facet normal 0.0261272 0.336843 -0.941198
  outer loop
    vertex 3.376160003840656 0.8022631269166003 0.2619110170595305
    vertex 3.30597097594373 0.9186270559586796 0.3016078402621333
    vertex 3.44771852254709 0.9158840535001601 0.3045609992137197
  endloop
endfacet
facet normal 0.0154265 0.325248 -0.945503
  outer loop
    vertex 3.841020038213189 0.5720243937808943 0.1893211432155579
    vertex 3.787672705200481 0.4504650550789939 0.1466349856591604
    vertex 3.699280249824022 0.5603468307410033 0.1829915443548946
  endloop
endfacet
facet normal 7.60974e-18 0.307947 -0.951404
  outer loop
    vertex 3.207783827723478 0.3248403375179846 0.1051431189572662
    vertex 3.383024903744126 0.3035072311342645 0.09823809798798058
    vertex 3.279721446069939 0.1613797667331619 0.05223480599905882
  endloop
endfacet
facet normal 0.106532 0.45221 -0.885527
  outer loop
    vertex 4.491274525568581 1.002877019543159 0.4259652522813758
    vertex 4.404201882650112 0.8972075144538025 0.3615281182114122
    vertex 4.319169624488902 1.012537496907858 0.4101937520502961
  endloop
endfacet
facet normal 6.44199e-17 0.307947 -0.951404
  outer loop
    vertex 1.669461204745086 0.1518276784135404 0.04914302138217862
    vertex 1.469772282355593 0.1503642872171797 0.0486693563324018
    vertex 1.547475730881037 0.3022857421197217 0.09784273094168836
  endloop
endfacet
facet normal -2.90127e-17 0.307947 -0.951404
  outer loop
    vertex 0.5373040753507656 0.5662582743854648 0.1832843838273346
    vertex 0.6218560118625492 0.7109376382168543 0.2301136651851129
    vertex 0.7303370507044163 0.5706776857815307 0.1847148425618873
  endloop
endfacet
facet normal 1.55163e-10 0.307947 -0.951404
  outer loop
    vertex 0.5700043705736069 1.024696239514518 0.3316698887877154
    vertex 0.4798510800256106 0.8842081369284821 0.2861972193305795
    vertex 0.3709361809418352 1.024696239470728 0.3316698887410758
  endloop
endfacet
facet normal -1.80624e-16 0.307947 -0.951404
  outer loop
    vertex 3.4681480427573 0.4248616832760724 0.1375176582021844
    vertex 3.298179708340671 0.4315577366970561 0.1396850120067215
    vertex 3.377601042541301 0.5376271824252497 0.1740171778797892
  endloop
endfacet
facet normal 0.0654802 0.400611 -0.913905
  outer loop
    vertex 4.859362007735613 0.4409143612315572 0.1837393639723026
    vertex 4.781729445619918 0.300824577528238 0.1167685962100374
    vertex 4.694010815472186 0.4216757703614061 0.1634589006668525
  endloop
endfacet
facet normal 8.65611e-17 0.307947 -0.951404
  outer loop
    vertex 0.6218560118625492 0.7109376382168543 0.2301136651851129
    vertex 0.8137091835161663 0.7155361501196918 0.2316020945092565
    vertex 0.7303370507044163 0.5706776857815307 0.1847148425618873
  endloop
endfacet
facet normal 0.0502349 0.373841 -0.926132
  outer loop
    vertex 3.735845691575127 0.9473800519517847 0.3302861543235115
    vertex 3.710309674739381 0.8273776543961587 0.2804610865207433
    vertex 3.621932785788952 0.9203936226441343 0.3132140422166727
  endloop
endfacet
facet normal 0.0410582 0.362073 -0.931245
  outer loop
    vertex 3.896695500752558 0.6908302419484758 0.2348776097236615
    vertex 4.026285520620284 0.7093825493197378 0.2478044165798949
    vertex 3.987745030979063 0.5866364436493269 0.1983808351776249
  endloop
endfacet
facet normal 1.34321e-16 0.307947 -0.951404
  outer loop
    vertex 1.547475730881037 0.3022857421197217 0.09784273094168836
    vertex 1.469772282355593 0.1503642872171797 0.0486693563324018
    vertex 1.347670850753591 0.3007835179131033 0.09735649656678338
  endloop
endfacet
facet normal 0.0449883 0.381598 -0.923233
  outer loop
    vertex 3.933446078130719 0.7959764054514251 0.2784729340520565
    vertex 3.835850821545252 0.7864131802257273 0.2697644534205843
    vertex 3.886496499917691 0.8765790243020731 0.3095004513359779
  endloop
endfacet
facet normal -1.43951e-16 0.307947 -0.951404
  outer loop
    vertex 1.833196148510403 0.4647645857374838 0.1504332820815867
    vertex 1.748258611554357 0.3066074650773043 0.0992415702437941
    vertex 1.632129153597223 0.4531375021373806 0.1466698706671282
  endloop
endfacet
facet normal -8.13073e-17 0.307947 -0.951404
  outer loop
    vertex 0.7303370507044163 0.5706776857815307 0.1847148425618873
    vertex 0.8137091835161663 0.7155361501196918 0.2316020945092565
    vertex 0.9229756548078228 0.5782238536645024 0.1871573582711528
  endloop
endfacet
facet normal 0.0467237 0.368604 -0.928412
  outer loop
    vertex 3.933446078130719 0.7959764054514251 0.2784729340520565
    vertex 3.896695500752558 0.6908302419484758 0.2348776097236615
    vertex 3.835850821545252 0.7864131802257273 0.2697644534205843
  endloop
endfacet
facet normal 0.224478 0.565745 -0.793437
  outer loop
    vertex 5.330655488434607 0.8790571205967728 0.5235636721250788
    vertex 5.405543686409153 0.7640800096038461 0.4627686441466761
    vertex 5.264695630206247 0.8184826267992819 0.4617108403284536
  endloop
endfacet
facet normal -8.02868e-13 0.307947 -0.951404
  outer loop
    vertex 0.2005715214333684 0 -5.38972526523046e-13
    vertex 0.1350070119974308 0.1271920752189545 0.04116906046013352
    vertex 0.2999749219116239 0.1638048087283538 0.05301973462253286
  endloop
endfacet
facet normal 0.0104082 0.315618 -0.948829
  outer loop
    vertex 3.280465409057561 0.6709968969323233 0.2171969564679185
    vertex 3.211572899327299 0.8108833930034659 0.2629730164451366
    vertex 3.376160003840656 0.8022631269166003 0.2619110170595305
  endloop
endfacet
facet normal -9.29006e-12 0.307947 -0.951404
  outer loop
    vertex 0.2714020895342367 0.8606760665094738 0.2785804458156844
    vertex 0.1181150067876528 0.890193493000776 0.2881345372459568
    vertex 0.1718679980477902 1.024696239431075 0.3316698887163727
  endloop
endfacet
facet normal -3.12196e-17 0.307947 -0.951404
  outer loop
    vertex 0.1434108493794973 0.4356442574288134 0.1410077219223171
    vertex 0.3000907007856681 0.3515696284343842 0.113794756977162
    vertex 0.1467599704083213 0.2651434469724469 0.08582065022703696
  endloop
endfacet
facet normal -5.73039e-11 0.307947 -0.951404
  outer loop
    vertex 1.194605526304555 0 1.61746456341795e-12
    vertex 1.272049023789249 0.1496007970459042 0.04842223265769291
    vertex 1.393412325100459 0 -1.035684896743875e-11
  endloop
endfacet
facet normal 1.00873e-16 0.307947 -0.951404
  outer loop
    vertex 0.3362491906233175 0.5619428543440744 0.1818875846298293
    vertex 0.265171054454765 0.6916366472110829 0.2238663918051541
    vertex 0.4435611022306116 0.7114166064965137 0.2302686958663079
  endloop
endfacet
facet normal 5.50905e-17 0.307947 -0.951404
  outer loop
    vertex 0.8137091835161663 0.7155361501196918 0.2316020945092565
    vertex 1.008594237128042 0.7191022996004032 0.2327563725830166
    vertex 0.9229756548078228 0.5782238536645024 0.1871573582711528
  endloop
endfacet
facet normal 0.0373043 0.352836 -0.934941
  outer loop
    vertex 3.53978964971735 0.7986253546832019 0.2639825593189783
    vertex 3.44771852254709 0.9158840535001601 0.3045609992137197
    vertex 3.621932785788952 0.9203936226441343 0.3132140422166727
  endloop
endfacet
facet normal 0.494237 0.644888 -0.582966
  outer loop
    vertex 7.191182859599861 0 0.7032367615275728
    vertex 7.102776730816107 0.0749588256276008 0.7112071881172537
    vertex 7.207625621827484 0.08604593679145511 0.8123624021776124
  endloop
endfacet
facet normal 0.0602938 0.388987 -0.919268
  outer loop
    vertex 3.967164790633849 0.8850024196330646 0.3183557481516025
    vertex 3.933446078130719 0.7959764054514251 0.2784729340520565
    vertex 3.886496499917691 0.8765790243020731 0.3095004513359779
  endloop
endfacet
facet normal 0.0394534 0.370905 -0.927832
  outer loop
    vertex 3.933446078130719 0.7959764054514251 0.2784729340520565
    vertex 4.026285520620284 0.7093825493197378 0.2478044165798949
    vertex 3.896695500752558 0.6908302419484758 0.2348776097236615
  endloop
endfacet
facet normal 0.000144825 0.308042 -0.951373
  outer loop
    vertex 3.638562802851162 0.4220311867145224 0.1366271210075013
    vertex 3.567213138261031 0.2891044755327628 0.09357626732651822
    vertex 3.4681480427573 0.4248616832760724 0.1375176582021844
  endloop
endfacet
facet normal -3.6575e-17 0.307947 -0.951404
  outer loop
    vertex 0.9229756548078228 0.5782238536645024 0.1871573582711528
    vertex 1.008594237128042 0.7191022996004032 0.2327563725830166
    vertex 1.116327995074949 0.5834404720409029 0.188845854012462
  endloop
endfacet
facet normal 0.422253 0.638078 -0.643863
  outer loop
    vertex 6.781527577671612 0.2003483479668196 0.6020498674162155
    vertex 6.689381787118321 0.2409533407932448 0.5818597486578503
    vertex 6.714605650387563 0.3018475260298363 0.658748856699384
  endloop
endfacet
facet normal 0.395031 0.638188 -0.660807
  outer loop
    vertex 6.542919422442994 0.4588215381851033 0.7021508887124734
    vertex 6.529624388313909 0.3750764950989037 0.6133246371110137
    vertex 6.458117391248583 0.4266212462412392 0.6203580679575319
  endloop
endfacet
facet normal 6.08865e-17 0.307947 -0.951404
  outer loop
    vertex 1.478936522580909 0.87641252328834 0.2836739639412608
    vertex 1.387900584574014 0.7435581484088809 0.2406721512702257
    vertex 1.2837860148265 0.8754165888609575 0.2833516035694794
  endloop
endfacet
facet normal 3.69598e-17 0.307947 -0.951404
  outer loop
    vertex 0.2999749219116239 0.1638048087283538 0.05301973462253286
    vertex 0.1350070119974308 0.1271920752189545 0.04116906046013352
    vertex 0.1467599704083213 0.2651434469724469 0.08582065022703696
  endloop
endfacet
facet normal 0.222972 0.554336 -0.80187
  outer loop
    vertex 5.857656814339286 0.3843554637084889 0.3229001219995535
    vertex 5.764504931021177 0.2723669503757206 0.2195797228734711
    vertex 5.675554828950382 0.3892071805998399 0.2756179760936602
  endloop
endfacet
facet normal 0.192654 0.538691 -0.820181
  outer loop
    vertex 5.186938834901237 0.8490443371276518 0.4623388885613893
    vertex 5.190514452765539 0.750601219695507 0.3985218365084369
    vertex 5.079434523392493 0.8363358530629377 0.4287401635687514
  endloop
endfacet
facet normal 0.0551047 0.390761 -0.918841
  outer loop
    vertex 3.967164790633849 0.8850024196330646 0.3183557481516025
    vertex 4.059595765079679 0.8201341533047263 0.2963120894572355
    vertex 3.933446078130719 0.7959764054514251 0.2784729340520565
  endloop
endfacet
facet normal -1.94658e-16 0.307947 -0.951404
  outer loop
    vertex 3.383024903744126 0.3035072311342645 0.09823809798798058
    vertex 3.298179708340671 0.4315577366970561 0.1396850120067215
    vertex 3.4681480427573 0.4248616832760724 0.1375176582021844
  endloop
endfacet
facet normal 0.0981426 0.443313 -0.890978
  outer loop
    vertex 4.590817797008745 0.868061410308159 0.3675822673694345
    vertex 4.481559620770953 0.7836710469012678 0.3135581774950624
    vertex 4.404201882650112 0.8972075144538025 0.3615281182114122
  endloop
endfacet
facet normal 0.211065 0.55356 -0.80562
  outer loop
    vertex 5.264695630206247 0.8184826267992819 0.4617108403284536
    vertex 5.186938834901237 0.8490443371276518 0.4623388885613893
    vertex 5.199680274942027 0.9078381135502953 0.5060755683788059
  endloop
endfacet
facet normal 0.041215 0.375642 -0.925848
  outer loop
    vertex 3.735845691575127 0.9473800519517847 0.3302861543235115
    vertex 3.798623995405545 0.8650172118602241 0.2996638992524384
    vertex 3.710309674739381 0.8273776543961587 0.2804610865207433
  endloop
endfacet
facet normal 0.48311 0.639623 -0.597902
  outer loop
    vertex 7.074449614578872 0.1690122055741394 0.7896401320778281
    vertex 7.009762351188996 0.1429022788331777 0.7094404126087613
    vertex 6.984161223060511 0.2230065961082336 0.7744484576082166
  endloop
endfacet
facet normal 0.253773 0.578083 -0.775512
  outer loop
    vertex 5.72227382016115 0.6375255441315207 0.4697071095878236
    vertex 5.605394979362636 0.6056319677219698 0.4076863652416743
    vertex 5.543959661202635 0.7117754084311309 0.4667042843701193
  endloop
endfacet
facet normal 0.0384177 0.38426 -0.922425
  outer loop
    vertex 4.781729445619918 0.300824577528238 0.1167685962100374
    vertex 4.630461825160213 0.29334087886955 0.1073509913003106
    vertex 4.694010815472186 0.4216757703614061 0.1634589006668525
  endloop
endfacet
facet normal -7.58604e-17 0.307947 -0.951404
  outer loop
    vertex 0.3000907007856681 0.3515696284343842 0.113794756977162
    vertex 0.4159076135496934 0.2677207054161532 0.08665484770756143
    vertex 0.2999749219116239 0.1638048087283538 0.05301973462253286
  endloop
endfacet
facet normal 0.217104 0.55162 -0.805345
  outer loop
    vertex 5.186341352181136 0.9105830493863133 0.5043286669644921
    vertex 5.186938834901237 0.8490443371276518 0.4623388885613893
    vertex 5.172994757997834 0.9132943190699869 0.5025877949714337
  endloop
endfacet
facet normal 2.20133e-16 0.307947 -0.951404
  outer loop
    vertex 1.863947560817345 0.8606760845016046 0.2785804516393108
    vertex 1.739346390139035 0.7547199126559707 0.2442849498375826
    vertex 1.668881623817309 0.8734323670603936 0.282709357996136
  endloop
endfacet
facet normal -1.00347e-16 0.307947 -0.951404
  outer loop
    vertex 1.478936522580909 0.87641252328834 0.2836739639412608
    vertex 1.577610316011223 0.7494123481504527 0.2425670169895842
    vertex 1.387900584574014 0.7435581484088809 0.2406721512702257
  endloop
endfacet
facet normal -9.10795e-17 0.307947 -0.951404
  outer loop
    vertex 1.234880235233742 0.4400918412535887 0.1424472994043929
    vertex 1.150904550485134 0.2999603189360067 0.09709004656665196
    vertex 1.041939946122209 0.4350632681414567 0.1408196694586971
  endloop
endfacet
facet normal -4.63034e-17 0.307947 -0.951404
  outer loop
    vertex 1.150904550485134 0.2999603189360067 0.09709004656665196
    vertex 0.9569170986976402 0.2989805634948338 0.09677292294928541
    vertex 1.041939946122209 0.4350632681414567 0.1408196694586971
  endloop
endfacet
facet normal 0.0194724 0.340589 -0.940011
  outer loop
    vertex 3.376160003840656 0.8022631269166003 0.2619110170595305
    vertex 3.44771852254709 0.9158840535001601 0.3045609992137197
    vertex 3.53978964971735 0.7986253546832019 0.2639825593189783
  endloop
endfacet
facet normal 0.0562097 0.386325 -0.920648
  outer loop
    vertex 4.059595765079679 0.8201341533047263 0.2963120894572355
    vertex 4.026285520620284 0.7093825493197378 0.2478044165798949
    vertex 3.933446078130719 0.7959764054514251 0.2784729340520565
  endloop
endfacet
facet normal 0 0.307947 -0.951404
  outer loop
    vertex 0.6640553518468709 0.4209994767136451 0.1362675534672442
    vertex 0.5768398258254099 0.2967352945303567 0.09604618259546469
    vertex 0.4724192151179945 0.4058009374500582 0.1313481464934119
  endloop
endfacet
facet normal -1.0476e-16 0.307947 -0.951404
  outer loop
    vertex 0.2714020895342367 0.8606760665094738 0.2785804458156844
    vertex 0.265171054454765 0.6916366472110829 0.2238663918051541
    vertex 0.1277316267826717 0.7556259699101525 0.2445782190983722
  endloop
endfacet
facet normal -5.09955e-17 0.307947 -0.951404
  outer loop
    vertex 1.041939946122209 0.4350632681414567 0.1408196694586971
    vertex 0.9569170986976402 0.2989805634948338 0.09677292294928541
    vertex 0.8524536716385986 0.4291665398230753 0.1389110382468977
  endloop
endfacet
facet normal -3.01259e-17 0.307947 -0.951404
  outer loop
    vertex 0.2999749219116239 0.1638048087283538 0.05301973462253286
    vertex 0.4159076135496934 0.2677207054161532 0.08665484770756143
    vertex 0.5018721452244335 0.1528004442612905 0.04945788263379854
  endloop
endfacet
facet normal 1.73688e-16 0.307947 -0.951404
  outer loop
    vertex 0.1277316267826717 0.7556259699101525 0.2445782190983722
    vertex 0.265171054454765 0.6916366472110829 0.2238663918051541
    vertex 0.1634083565780465 0.6007402170880888 0.1944453715025764
  endloop
endfacet
facet normal 0.222071 0.558786 -0.799026
  outer loop
    vertex 5.43947552699438 0.6256871019236836 0.3755981624579975
    vertex 5.605394979362636 0.6056319677219698 0.4076863652416743
    vertex 5.556781261501064 0.5045552477937346 0.3234889535210438
  endloop
endfacet
facet normal 3.70232e-17 0.307947 -0.951404
  outer loop
    vertex 0.9569170986976402 0.2989805634948338 0.09677292294928541
    vertex 0.7649217628422512 0.2986307750643687 0.09665970472387883
    vertex 0.8524536716385986 0.4291665398230753 0.1389110382468977
  endloop
endfacet
facet normal -5.27835e-17 0.307947 -0.951404
  outer loop
    vertex 0.7649217628422512 0.2986307750643687 0.09665970472387883
    vertex 0.5768398258254099 0.2967352945303567 0.09604618259546469
    vertex 0.6640553518468709 0.4209994767136451 0.1362675534672442
  endloop
endfacet
facet normal 5.39995e-17 0.307947 -0.951404
  outer loop
    vertex 0.8524536716385986 0.4291665398230753 0.1389110382468977
    vertex 0.7649217628422512 0.2986307750643687 0.09665970472387883
    vertex 0.6640553518468709 0.4209994767136451 0.1362675534672442
  endloop
endfacet
facet normal 0.170673 0.528715 -0.831464
  outer loop
    vertex 5.764504931021177 0.2723669503757206 0.2195797228734711
    vertex 5.590491973208864 0.2723819078475835 0.1838699210820569
    vertex 5.675554828950382 0.3892071805998399 0.2756179760936602
  endloop
endfacet
facet normal -5.95378e-17 0.307947 -0.951404
  outer loop
    vertex 1.2837860148265 0.8754165888609575 0.2833516035694794
    vertex 1.195391443472575 0.7378277940231617 0.2388173713575813
    vertex 1.086874358552751 0.8727180346458419 0.2824781455223031
  endloop
endfacet
facet normal 0.227458 0.556349 -0.799211
  outer loop
    vertex 5.556781261501064 0.5045552477937346 0.3234889535210438
    vertex 5.605394979362636 0.6056319677219698 0.4076863652416743
    vertex 5.750413335912519 0.5132110626237031 0.3846227717435828
  endloop
endfacet
facet normal 0.261119 0.586307 -0.766851
  outer loop
    vertex 5.857656814339286 0.3843554637084889 0.3229001219995535
    vertex 5.936378206744643 0.4690541948038122 0.4144630533381702
    vertex 6.024096514783555 0.3804500045289843 0.3765882836152227
  endloop
endfacet
facet normal 0.00271732 0.31691 -0.948452
  outer loop
    vertex 4.375514275463184 0 0.0001049630456568421
    vertex 4.475417171728947 0.0970038648240038 0.03280344258164952
    vertex 4.574320161386979 0 0.0006745429756017563
  endloop
endfacet
facet normal 0.048272 0.379957 -0.923744
  outer loop
    vertex 4.694010815472186 0.4216757703614061 0.1634589006668525
    vertex 4.630461825160213 0.29334087886955 0.1073509913003106
    vertex 4.523872711833629 0.3941617590329587 0.1432508806730631
  endloop
endfacet
facet normal 0.182543 0.521613 -0.833426
  outer loop
    vertex 5.675554828950382 0.3892071805998399 0.2756179760936602
    vertex 5.590491973208864 0.2723819078475835 0.1838699210820569
    vertex 5.505129862533638 0.3832249314618059 0.2345462026778743
  endloop
endfacet
facet normal 0.254418 0.586412 -0.76902
  outer loop
    vertex 6.116220334560777 0.2640770437680344 0.3183264176586885
    vertex 5.937438069432242 0.269022464579619 0.2629502364506105
    vertex 6.024096514783555 0.3804500045289843 0.3765882836152227
  endloop
endfacet
facet normal 1.65277e-16 0.307947 -0.951404
  outer loop
    vertex 3.001041441663276 0.5100792709666784 0.1651005717906441
    vertex 3.053866899796183 0.3764749173054321 0.121856008761475
    vertex 2.878801088174941 0.3466608915999196 0.1122059151945818
  endloop
endfacet
facet normal -2.05697e-10 0.307947 -0.951404
  outer loop
    vertex 0.1467599704083213 0.2651434469724469 0.08582065022703696
    vertex 0.1350070119974308 0.1271920752189545 0.04116906046013352
    vertex -0.003062761485109605 0.1707827161133294 0.05527831790629251
  endloop
endfacet
facet normal 0.0366875 0.366555 -0.929673
  outer loop
    vertex 3.621932785788952 0.9203936226441343 0.3132140422166727
    vertex 3.44771852254709 0.9158840535001601 0.3045609992137197
    vertex 3.532001648271708 1.02590375760732 0.3512660811295671
  endloop
endfacet
facet normal 0.0802017 0.423482 -0.902347
  outer loop
    vertex 4.343797376933029 0.7684493389899785 0.2941699705922208
    vertex 4.481559620770953 0.7836710469012678 0.3135581774950624
    vertex 4.455037271983736 0.6606351542548466 0.2534586060605057
  endloop
endfacet
facet normal 0.135439 0.496342 -0.857497
  outer loop
    vertex 5.590491973208864 0.2723819078475835 0.1838699210820569
    vertex 5.444295099428188 0.2718968587460833 0.1604978364316075
    vertex 5.505129862533638 0.3832249314618059 0.2345462026778743
  endloop
endfacet
facet normal 0.0426651 0.372793 -0.926933
  outer loop
    vertex 3.710309674739381 0.8273776543961587 0.2804610865207433
    vertex 3.798623995405545 0.8650172118602241 0.2996638992524384
    vertex 3.835850821545252 0.7864131802257273 0.2697644534205843
  endloop
endfacet
facet normal -1.24454e-17 0.307947 -0.951404
  outer loop
    vertex 1.668881623817309 0.8734323670603936 0.282709357996136
    vertex 1.577610316011223 0.7494123481504527 0.2425670169895842
    vertex 1.478936522580909 0.87641252328834 0.2836739639412608
  endloop
endfacet
facet normal -5.97089e-09 0.307947 -0.951404
  outer loop
    vertex -0.02237270078194773 0.8539135803484807 0.2763915902055319
    vertex 0.1181150067876528 0.890193493000776 0.2881345372459568
    vertex 0.1277316267826717 0.7556259699101525 0.2445782190983722
  endloop
endfacet
facet normal -4.53211e-16 0.307947 -0.951404
  outer loop
    vertex 3.377601042541301 0.5376271824252497 0.1740171778797892
    vertex 3.298179708340671 0.4315577366970561 0.1396850120067215
    vertex 3.186023005515568 0.5138947946333556 0.1663355663785546
  endloop
endfacet
facet normal 0.136578 0.495806 -0.857626
  outer loop
    vertex 5.505129862533638 0.3832249314618059 0.2345462026778743
    vertex 5.444295099428188 0.2718968587460833 0.1604978364316075
    vertex 5.315861240382578 0.354494371482839 0.1877953452287696
  endloop
endfacet
facet normal 2.10792e-16 0.307947 -0.951404
  outer loop
    vertex 1.668881623817309 0.8734323670603936 0.282709357996136
    vertex 1.739346390139035 0.7547199126559707 0.2442849498375826
    vertex 1.577610316011223 0.7494123481504527 0.2425670169895842
  endloop
endfacet
facet normal 0.465712 0.6426 -0.608422
  outer loop
    vertex 7.009762351188996 0.1429022788331777 0.7094404126087613
    vertex 6.901629146916545 0.1947276843187094 0.6814073403809652
    vertex 6.984161223060511 0.2230065961082336 0.7744484576082166
  endloop
endfacet
facet normal 0.0520646 0.387391 -0.920444
  outer loop
    vertex 3.886496499917691 0.8765790243020731 0.3095004513359779
    vertex 3.798623995405545 0.8650172118602241 0.2996638992524384
    vertex 3.821500255312885 0.9450909074894358 0.3346588668083513
  endloop
endfacet
facet normal -5.27328e-16 0.307947 -0.951404
  outer loop
    vertex 0.1277316267826717 0.7556259699101525 0.2445782190983722
    vertex 0.1181150067876528 0.890193493000776 0.2881345372459568
    vertex 0.2714020895342367 0.8606760665094738 0.2785804458156844
  endloop
endfacet
facet normal 0.219132 0.551683 -0.804753
  outer loop
    vertex 5.405543686409153 0.7640800096038461 0.4627686441466761
    vertex 5.307739395507021 0.7225379132272595 0.4076584465578422
    vertex 5.264695630206247 0.8184826267992819 0.4617108403284536
  endloop
endfacet
facet normal 0.348409 0.630463 -0.693634
  outer loop
    vertex 6.386805924429178 0.3959954486798741 0.552427505744619
    vertex 6.375505846055404 0.3235782578569023 0.480929540611123
    vertex 6.272969888372954 0.3868543212753144 0.4869396116761703
  endloop
endfacet
facet normal 0.437452 0.642621 -0.629026
  outer loop
    vertex 6.781527577671612 0.2003483479668196 0.6020498674162155
    vertex 6.846783385727415 0.2169068028022518 0.6643478434478274
    vertex 6.849869986634708 0.1303958041303213 0.5781137297854058
  endloop
endfacet
facet normal 0.221917 0.568798 -0.791973
  outer loop
    vertex 5.543959661202635 0.7117754084311309 0.4667042843701193
    vertex 5.605394979362636 0.6056319677219698 0.4076863652416743
    vertex 5.43947552699438 0.6256871019236836 0.3755981624579975
  endloop
endfacet
facet normal 0.339423 0.626402 -0.701721
  outer loop
    vertex 6.272969888372954 0.3868543212753144 0.4869396116761703
    vertex 6.180960703654984 0.4590187976577504 0.5068533790303323
    vertex 6.290544491061345 0.4870618587683204 0.5848921335338353
  endloop
endfacet
facet normal 0.460178 0.638326 -0.61707
  outer loop
    vertex 6.893038961801312 0.2755857752548658 0.7592723939890059
    vertex 6.850261875101108 0.2551969489895556 0.7062804007559613
    vertex 6.849308472578899 0.3001204566953845 0.7520403843187664
  endloop
endfacet
facet normal 0.378794 0.627293 -0.680455
  outer loop
    vertex 6.458117391248583 0.4266212462412392 0.6203580679575319
    vertex 6.386805924429178 0.3959954486798741 0.552427505744619
    vertex 6.393550942672007 0.4697677133726512 0.6241908929949159
  endloop
endfacet
facet normal 0.0538671 0.377198 -0.924565
  outer loop
    vertex 3.835850821545252 0.7864131802257273 0.2697644534205843
    vertex 3.798623995405545 0.8650172118602241 0.2996638992524384
    vertex 3.886496499917691 0.8765790243020731 0.3095004513359779
  endloop
endfacet
facet normal 0.0573191 0.386008 -0.920713
  outer loop
    vertex 3.821500255312885 0.9450909074894358 0.3346588668083513
    vertex 3.798623995405545 0.8650172118602241 0.2996638992524384
    vertex 3.735845691575127 0.9473800519517847 0.3302861543235115
  endloop
endfacet
facet normal 1.58813e-16 0.307947 -0.951404
  outer loop
    vertex 1.2837860148265 0.8754165888609575 0.2833516035694794
    vertex 1.387900584574014 0.7435581484088809 0.2406721512702257
    vertex 1.195391443472575 0.7378277940231617 0.2388173713575813
  endloop
endfacet
facet normal 0.345676 0.616883 -0.707081
  outer loop
    vertex 6.180960703654984 0.4590187976577504 0.5068533790303323
    vertex 6.183761276086817 0.5372993568126102 0.5765172901268012
    vertex 6.290544491061345 0.4870618587683204 0.5848921335338353
  endloop
endfacet
facet normal 0.0785462 0.432928 -0.898
  outer loop
    vertex 4.404201882650112 0.8972075144538025 0.3615281182114122
    vertex 4.481559620770953 0.7836710469012678 0.3135581774950624
    vertex 4.343797376933029 0.7684493389899785 0.2941699705922208
  endloop
endfacet
facet normal 0 0.307947 -0.951404
  outer loop
    vertex 3.207783827723478 0.3248403375179846 0.1051431189572662
    vertex 3.298179708340671 0.4315577366970561 0.1396850120067215
    vertex 3.383024903744126 0.3035072311342645 0.09823809798798058
  endloop
endfacet
facet normal -3.88345e-16 0.307947 -0.951404
  outer loop
    vertex 1.008594237128042 0.7191022996004032 0.2327563725830166
    vertex 1.195391443472575 0.7378277940231617 0.2388173713575813
    vertex 1.116327995074949 0.5834404720409029 0.188845854012462
  endloop
endfacet
facet normal 0.320079 0.623406 -0.713382
  outer loop
    vertex 6.071606783287344 0.4948951111508695 0.4891400643048814
    vertex 6.183761276086817 0.5372993568126102 0.5765172901268012
    vertex 6.180960703654984 0.4590187976577504 0.5068533790303323
  endloop
endfacet
facet normal 0.452047 0.639704 -0.621636
  outer loop
    vertex 6.901629146916545 0.1947276843187094 0.6814073403809652
    vertex 6.846783385727415 0.2169068028022518 0.6643478434478274
    vertex 6.850261875101108 0.2551969489895556 0.7062804007559613
  endloop
endfacet
facet normal -3.63674e-16 0.307947 -0.951404
  outer loop
    vertex 1.086874358552751 0.8727180346458419 0.2824781455223031
    vertex 1.195391443472575 0.7378277940231617 0.2388173713575813
    vertex 1.008594237128042 0.7191022996004032 0.2327563725830166
  endloop
endfacet
facet normal 5.971e-17 0.307947 -0.951404
  outer loop
    vertex 0.4724192151179945 0.4058009374500582 0.1313481464934119
    vertex 0.4159076135496934 0.2677207054161532 0.08665484770756143
    vertex 0.3000907007856681 0.3515696284343842 0.113794756977162
  endloop
endfacet
facet normal 0.0111309 0.32886 -0.944313
  outer loop
    vertex 3.211572899327299 0.8108833930034659 0.2629730164451366
    vertex 3.30597097594373 0.9186270559586796 0.3016078402621333
    vertex 3.376160003840656 0.8022631269166003 0.2619110170595305
  endloop
endfacet
facet normal 0.440806 0.638057 -0.631327
  outer loop
    vertex 6.796051622283085 0.2694963892182509 0.6820761055004583
    vertex 6.846783385727415 0.2169068028022518 0.6643478434478274
    vertex 6.781527577671612 0.2003483479668196 0.6020498674162155
  endloop
endfacet
facet normal 0.20472 0.537667 -0.817926
  outer loop
    vertex 5.264695630206247 0.8184826267992819 0.4617108403284536
    vertex 5.190514452765539 0.750601219695507 0.3985218365084369
    vertex 5.186938834901237 0.8490443371276518 0.4623388885613893
  endloop
endfacet
facet normal 1.704e-16 0.307947 -0.951404
  outer loop
    vertex 0.5768398258254099 0.2967352945303567 0.09604618259546469
    vertex 0.4159076135496934 0.2677207054161532 0.08665484770756143
    vertex 0.4724192151179945 0.4058009374500582 0.1313481464934119
  endloop
endfacet
facet normal 0.249942 0.584772 -0.771732
  outer loop
    vertex 5.750413335912519 0.5132110626237031 0.3846227717435828
    vertex 5.605394979362636 0.6056319677219698 0.4076863652416743
    vertex 5.72227382016115 0.6375255441315207 0.4697071095878236
  endloop
endfacet
facet normal 0.323226 0.611423 -0.722279
  outer loop
    vertex 6.1479302688358 0.3759323554964246 0.4217377056018907
    vertex 6.180960703654984 0.4590187976577504 0.5068533790303323
    vertex 6.272969888372954 0.3868543212753144 0.4869396116761703
  endloop
endfacet
facet normal 1.96586e-16 0.307947 -0.951404
  outer loop
    vertex 0.5018721452244335 0.1528004442612905 0.04945788263379854
    vertex 0.4159076135496934 0.2677207054161532 0.08665484770756143
    vertex 0.5768398258254099 0.2967352945303567 0.09604618259546469
  endloop
endfacet
facet normal 0.447412 0.641626 -0.623007
  outer loop
    vertex 6.850261875101108 0.2551969489895556 0.7062804007559613
    vertex 6.846783385727415 0.2169068028022518 0.6643478434478274
    vertex 6.796051622283085 0.2694963892182509 0.6820761055004583
  endloop
endfacet
facet normal 0.0905583 -0.12458 -0.988068
  outer loop
    vertex 7.339095767624377 0.0004336368991004233 0.8352062695133858
    vertex 7.339748114653773 0 0.8353207332230479
    vertex 7.207625621827484 0.08604593679145511 0.8123624021776124
  endloop
endfacet
facet normal 0.139107 -0.0517712 -0.988923
  outer loop
    vertex 7.339421945387874 0.0002168249097138382 0.8352635016276776
    vertex 7.339748114653773 0 0.8353207332230479
    vertex 7.339095767624377 0.0004336368991004233 0.8352062695133858
  endloop
endfacet
facet normal 0.513578 0.634464 -0.577662
  outer loop
    vertex 7.339748114653773 0 0.8353207332230479
    vertex 7.191182859599861 0 0.7032367615275728
    vertex 7.207625621827484 0.08604593679145511 0.8123624021776124
  endloop
endfacet
facet normal 0.0784938 0.415014 -0.906423
  outer loop
    vertex 3.973750844878234 1.022879436312534 0.3811684410586939
    vertex 3.958065971503097 0.9591939250904984 0.350651187344211
    vertex 3.973148448065617 1.022889706906936 0.38112097758979
  endloop
endfacet
facet normal 0.0785286 0.415006 -0.906424
  outer loop
    vertex 3.974353240300263 1.022869143669206 0.3812159175266962
    vertex 3.958065971503097 0.9591939250904984 0.350651187344211
    vertex 3.973750844878234 1.022879436312534 0.3811684410586939
  endloop
endfacet
facet normal 0.371088 0.629394 -0.682757
  outer loop
    vertex 6.39300123370912 0.5279168242568208 0.6782406842781562
    vertex 6.290544491061345 0.4870618587683204 0.5848921335338353
    vertex 6.211288350661386 0.6043996679581535 0.6499823334405368
  endloop
endfacet
facet normal 0.36607 0.635415 -0.679883
  outer loop
    vertex 6.39300123370912 0.5279168242568208 0.6782406842781562
    vertex 6.393550942672007 0.4697677133726512 0.6241908929949159
    vertex 6.290544491061345 0.4870618587683204 0.5848921335338353
  endloop
endfacet
facet normal 0.448864 0.640072 -0.623561
  outer loop
    vertex 6.849869986634708 0.1303958041303213 0.5781137297854058
    vertex 6.901629146916545 0.1947276843187094 0.6814073403809652
    vertex 7.036385716796551 0 0.5785265640706418
  endloop
endfacet
facet normal 0.465841 0.643351 -0.60753
  outer loop
    vertex 7.036385716796551 0 0.5785265640706418
    vertex 6.901629146916545 0.1947276843187094 0.6814073403809652
    vertex 7.009762351188996 0.1429022788331777 0.7094404126087613
  endloop
endfacet
facet normal -0.911365 2.07953e-08 -0.411599
  outer loop
    vertex -0.02859387062345518 1.070135364475001 0.3322647513167736
    vertex -0.02911553350575971 1.024393774930016 0.33341981915604
    vertex -0.02911553362778944 1.046705020975927 0.3334198205534777
  endloop
endfacet
facet normal -0.360922 -0.000109896 -0.932596
  outer loop
    vertex -0.02720315864679641 1.047749537179731 0.3316698926076866
    vertex -0.02850376480471216 1.024598456945401 0.3321759659557911
    vertex -0.02720599183416923 1.07080283442855 0.3316682725011582
  endloop
endfacet
facet normal -0.395264 0.00100884 -0.918567
  outer loop
    vertex -0.02720599183416923 1.07080283442855 0.3316682725011582
    vertex -0.02850376480471216 1.024598456945401 0.3321759659557911
    vertex -0.02859387062345518 1.070135364475001 0.3322647513167736
  endloop
endfacet
facet normal -0.897279 -0.000914745 -0.441463
  outer loop
    vertex -0.02850376480471216 1.024598456945401 0.3321759659557911
    vertex -0.02911553350575971 1.024393774930016 0.33341981915604
    vertex -0.02859387062345518 1.070135364475001 0.3322647513167736
  endloop
endfacet
facet normal -0.911365 2.03939e-08 -0.411599
  outer loop
    vertex -0.02859387062345518 1.070135364475001 0.3322647513167736
    vertex -0.02911553362778944 1.046705020975927 0.3334198205534777
    vertex -0.02911553374746371 1.069016274724052 0.3334198219239403
  endloop
endfacet
facet normal -0.362459 -1.05546e-05 -0.932
  outer loop
    vertex -0.02720247665068934 1.024696238066145 0.3316698884474836
    vertex -0.02850376480471216 1.024598456945401 0.3321759659557911
    vertex -0.02720315864679641 1.047749537179731 0.3316698926076866
  endloop
endfacet
facet normal -0.965593 -0.00695089 0.259966
  outer loop
    vertex -0.114343211073916 1.134211561018287 1.309414191377467
    vertex -0.1124338106207139 0.9468846086311297 1.311497594424157
    vertex -0.11401668281112 1.135509432858711 1.310661716588665
  endloop
endfacet
facet normal -0.965592 0.00695087 0.259968
  outer loop
    vertex -0.114343211073916 -1.134211561018287 1.309414191377467
    vertex -0.1140166803201943 -1.135509436273988 1.310661720184165
    vertex -0.1124338106207139 -0.9468846086311309 1.311497594424157
  endloop
endfacet
facet normal -0.0271633 0 0.999631
  outer loop
    vertex -0.1124338106207139 0.9468846086311297 1.311497594424157
    vertex -0.1124338106207139 1.136262539229682 1.311497594424157
    vertex -0.1125378724168337 1.136261530269555 1.311494766723925
  endloop
endfacet
facet normal -0.737222 0 0.67565
  outer loop
    vertex -0.1124338106207139 -0.9468846086311309 1.311497594424157
    vertex -0.1124338106207139 -0.7575076869049058 1.311497594424157
    vertex -0.114343211074127 -0.9451763008182305 1.309414191379879
  endloop
endfacet
facet normal -0.737222 0 0.67565
  outer loop
    vertex -0.1124338106207139 0.7575076869049034 1.311497594424157
    vertex -0.1124338106207139 0.9468846086311297 1.311497594424157
    vertex -0.114343211074127 0.9451763008182318 1.309414191379879
  endloop
endfacet
facet normal -0.737222 -9.44162e-12 0.67565
  outer loop
    vertex -0.114343211073916 -1.134211561018287 1.309414191377467
    vertex -0.1124338106207139 -0.9468846086311309 1.311497594424157
    vertex -0.114343211074127 -0.9451763008182305 1.309414191379879
  endloop
endfacet
facet normal -0.737222 9.44162e-12 0.67565
  outer loop
    vertex -0.114343211073916 1.134211561018287 1.309414191377467
    vertex -0.114343211074127 0.9451763008182318 1.309414191379879
    vertex -0.1124338106207139 0.9468846086311297 1.311497594424157
  endloop
endfacet
facet normal -0.737222 0 0.67565
  outer loop
    vertex -0.1124338106207139 -0.5681307651786809 1.311497594424157
    vertex -0.114343211074127 -0.7561410406545841 1.309414191379879
    vertex -0.1124338106207139 -0.7575076869049058 1.311497594424157
  endloop
endfacet
facet normal -0.737222 0 0.67565
  outer loop
    vertex -0.1124338106207139 0.5681307651786772 1.311497594424157
    vertex -0.1124338106207139 0.7575076869049034 1.311497594424157
    vertex -0.114343211074127 0.7561410406545872 1.309414191379879
  endloop
endfacet
facet normal -0.737222 0 0.67565
  outer loop
    vertex -0.1124338106207139 -0.7575076869049058 1.311497594424157
    vertex -0.114343211074127 -0.7561410406545841 1.309414191379879
    vertex -0.114343211074127 -0.9451763008182305 1.309414191379879
  endloop
endfacet
facet normal -0.737222 0 0.67565
  outer loop
    vertex -0.1124338106207139 0.7575076869049034 1.311497594424157
    vertex -0.114343211074127 0.9451763008182318 1.309414191379879
    vertex -0.114343211074127 0.7561410406545872 1.309414191379879
  endloop
endfacet
facet normal -0.737222 0 0.67565
  outer loop
    vertex -0.1124338106207139 -0.5681307651786809 1.311497594424157
    vertex -0.1124338106207139 -0.3787538434524554 1.311497594424157
    vertex -0.114343211074127 -0.5671057804909382 1.309414191379879
  endloop
endfacet
facet normal -0.737222 0 0.67565
  outer loop
    vertex -0.1124338106207139 0.3787538434524508 1.311497594424157
    vertex -0.1124338106207139 0.5681307651786772 1.311497594424157
    vertex -0.114343211074127 0.567105780490942 1.309414191379879
  endloop
endfacet
facet normal -0.737222 0 0.67565
  outer loop
    vertex -0.114343211074127 -0.7561410406545841 1.309414191379879
    vertex -0.1124338106207139 -0.5681307651786809 1.311497594424157
    vertex -0.114343211074127 -0.5671057804909382 1.309414191379879
  endloop
endfacet
facet normal -0.737222 0 0.67565
  outer loop
    vertex -0.114343211074127 0.7561410406545872 1.309414191379879
    vertex -0.114343211074127 0.567105780490942 1.309414191379879
    vertex -0.1124338106207139 0.5681307651786772 1.311497594424157
  endloop
endfacet
facet normal -0.737222 0 0.67565
  outer loop
    vertex -0.1124338106207139 -0.3787538434524554 1.311497594424157
    vertex -0.1124338106207139 -0.1893769217262289 1.311497594424157
    vertex -0.114343211074127 -0.3780705203272922 1.309414191379879
  endloop
endfacet
facet normal -0.737222 0 0.67565
  outer loop
    vertex -0.1124338106207139 0.1893769217262246 1.311497594424157
    vertex -0.1124338106207139 0.3787538434524508 1.311497594424157
    vertex -0.114343211074127 0.3780705203272957 1.309414191379879
  endloop
endfacet
facet normal -0.737222 0 0.67565
  outer loop
    vertex -0.114343211074127 -0.5671057804909382 1.309414191379879
    vertex -0.1124338106207139 -0.3787538434524554 1.311497594424157
    vertex -0.114343211074127 -0.3780705203272922 1.309414191379879
  endloop
endfacet
facet normal -0.737222 0 0.67565
  outer loop
    vertex -0.114343211074127 0.3780705203272957 1.309414191379879
    vertex -0.1124338106207139 0.3787538434524508 1.311497594424157
    vertex -0.114343211074127 0.567105780490942 1.309414191379879
  endloop
endfacet
facet normal -0.737222 0 0.67565
  outer loop
    vertex -0.1124338106207139 -2.109423746787797e-15 1.311497594424157
    vertex -0.114343211074127 -0.1890352601636451 1.309414191379879
    vertex -0.1124338106207139 -0.1893769217262289 1.311497594424157
  endloop
endfacet
facet normal -0.737222 0 0.67565
  outer loop
    vertex -0.1124338106207139 0.1893769217262246 1.311497594424157
    vertex -0.114343211074127 0.1890352601636489 1.309414191379879
    vertex -0.1124338106207139 -2.109423746787797e-15 1.311497594424157
  endloop
endfacet
facet normal -0.737222 0 0.67565
  outer loop
    vertex -0.1124338106207139 -0.1893769217262289 1.311497594424157
    vertex -0.114343211074127 -0.1890352601636451 1.309414191379879
    vertex -0.114343211074127 -0.3780705203272922 1.309414191379879
  endloop
endfacet
facet normal -0.737222 0 0.67565
  outer loop
    vertex -0.1124338106207139 0.1893769217262246 1.311497594424157
    vertex -0.114343211074127 0.3780705203272957 1.309414191379879
    vertex -0.114343211074127 0.1890352601636489 1.309414191379879
  endloop
endfacet
facet normal -0.0813801 -2.98359e-05 0.996683
  outer loop
    vertex -0.1124338106207139 0.9468846086311297 1.311497594424157
    vertex -0.1125378724168337 1.136261530269555 1.311494766723925
    vertex -0.112641617597686 1.136260017054413 1.311486295786768
  endloop
endfacet
facet normal -0.514079 -0.000512938 0.857743
  outer loop
    vertex -0.11401668281112 1.135509432858711 1.310661716588665
    vertex -0.1124338106207139 0.9468846086311297 1.311497594424157
    vertex -0.112641617597686 1.136260017054413 1.311486295786768
  endloop
endfacet
facet normal -0.514078 0.000512937 0.857743
  outer loop
    vertex -0.1124338106207139 -0.9468846086311309 1.311497594424157
    vertex -0.1140166803201943 -1.135509436273988 1.310661720184165
    vertex -0.1126416175976883 -1.136260017054413 1.311486295786768
  endloop
endfacet
facet normal -0.0813801 2.98359e-05 0.996683
  outer loop
    vertex -0.1124338106207139 -0.9468846086311309 1.311497594424157
    vertex -0.1126416175976883 -1.136260017054413 1.311486295786768
    vertex -0.1125378724168347 -1.136261530269553 1.311494766723925
  endloop
endfacet
facet normal -0.0271633 0 0.999631
  outer loop
    vertex -0.1124338106207139 -0.9468846086311309 1.311497594424157
    vertex -0.1125378724168347 -1.136261530269553 1.311494766723925
    vertex -0.1124338106207139 -1.136262539229682 1.311497594424157
  endloop
endfacet
facet normal -0.737222 0 0.67565
  outer loop
    vertex -0.1124338106207139 -2.109423746787797e-15 1.311497594424157
    vertex -0.114343211074127 1.804112415015879e-15 1.309414191379879
    vertex -0.114343211074127 -0.1890352601636451 1.309414191379879
  endloop
endfacet
facet normal -0.737222 0 0.67565
  outer loop
    vertex -0.1124338106207139 -2.109423746787797e-15 1.311497594424157
    vertex -0.114343211074127 0.1890352601636489 1.309414191379879
    vertex -0.114343211074127 1.804112415015879e-15 1.309414191379879
  endloop
endfacet
facet normal -0.0392317 -0.709413 0.7037
  outer loop
    vertex -0.02704988940399665 -1.070809253055108 0.331671469029183
    vertex -0.02859386967011886 -1.070135364523917 0.3322647507527761
    vertex -0.02712795569277343 -1.07080650040906 0.3316698917765715
  endloop
endfacet
facet normal 0.063229 -0.683284 -0.727409
  outer loop
    vertex -0.1140166803201943 -1.135509436273988 1.310661720184165
    vertex -0.114343211073916 -1.134211561018287 1.309414191377467
    vertex -0.1126416175976883 -1.136260017054413 1.311486295786768
  endloop
endfacet
facet normal -0.0566647 -0.729718 0.681396
  outer loop
    vertex -0.02704988940399665 -1.070809253055108 0.331671469029183
    vertex -0.02911553373938041 -1.069016274721555 0.3334198218313747
    vertex -0.02859386967011886 -1.070135364523917 0.3322647507527761
  endloop
endfacet
facet normal -0.702373 -0.703511 -0.108373
  outer loop
    vertex -0.0441716260346386 -1.083902567995457 0.5276352128559298
    vertex -0.02911553373938041 -1.069016274721555 0.3334198218313747
    vertex -0.02704988940399665 -1.070809253055108 0.331671469029183
  endloop
endfacet
facet normal -0.704129 -0.701754 -0.108374
  outer loop
    vertex -0.0441716260346386 -1.083902567995457 0.5276352128559298
    vertex -0.04616068185172567 -1.082057977895583 0.5286142599060948
    vertex -0.02911553373938041 -1.069016274721555 0.3334198218313747
  endloop
endfacet
facet normal -0.708012 -0.697824 -0.108447
  outer loop
    vertex -0.1126416175976883 -1.136260017054413 1.311486295786768
    vertex -0.114343211073916 -1.134211561018287 1.309414191377467
    vertex -0.09552556720610249 -1.123171717483359 1.115523302369398
  endloop
endfacet
facet normal -0.707264 -0.698587 -0.108418
  outer loop
    vertex -0.09552556720610249 -1.123171717483359 1.115523302369398
    vertex -0.114343211073916 -1.134211561018287 1.309414191377467
    vertex -0.09729733206123864 -1.121174340104101 1.114211383315069
  endloop
endfacet
facet normal -0.0460863 -0.717083 0.695462
  outer loop
    vertex -0.02712795569277343 -1.07080650040906 0.3316698917765715
    vertex -0.02859386967011886 -1.070135364523917 0.3322647507527761
    vertex -0.02720599676300636 -1.070803000633848 0.331668328798248
  endloop
endfacet
facet normal -0.705479 -0.700393 -0.108394
  outer loop
    vertex -0.06320627816435304 -1.095098004886495 0.723813830596947
    vertex -0.04616068185172567 -1.082057977895583 0.5286142599060948
    vertex -0.06129102618548414 -1.096993716001538 0.7235976897140584
  endloop
endfacet
facet normal -0.704132 -0.701747 -0.108393
  outer loop
    vertex -0.06129102618548414 -1.096993716001538 0.7235976897140584
    vertex -0.04616068185172567 -1.082057977895583 0.5286142599060948
    vertex -0.0441716260346386 -1.083902567995457 0.5276352128559298
  endloop
endfacet
facet normal -0.705479 -0.700393 -0.108389
  outer loop
    vertex -0.06129102618548414 -1.096993716001538 0.7235976897140584
    vertex -0.08025204037705691 -1.108136832288825 0.9190153011112556
    vertex -0.06320627816435304 -1.095098004886495 0.723813830596947
  endloop
endfacet
facet normal -0.70649 -0.699371 -0.108406
  outer loop
    vertex -0.09729733206123864 -1.121174340104101 1.114211383315069
    vertex -0.08025204037705691 -1.108136832288825 0.9190153011112556
    vertex -0.07840885496396999 -1.110083275555435 0.9195604099520059
  endloop
endfacet
facet normal -0.706485 -0.699372 -0.108429
  outer loop
    vertex -0.07840885496396999 -1.110083275555435 0.9195604099520059
    vertex -0.08025204037705691 -1.108136832288825 0.9190153011112556
    vertex -0.06129102618548414 -1.096993716001538 0.7235976897140584
  endloop
endfacet
facet normal -0.707256 -0.698592 -0.108436
  outer loop
    vertex -0.07840885496396999 -1.110083275555435 0.9195604099520059
    vertex -0.09552556720610249 -1.123171717483359 1.115523302369398
    vertex -0.09729733206123864 -1.121174340104101 1.114211383315069
  endloop
endfacet
facet normal -0.0309566 0.699494 0.713968
  outer loop
    vertex -0.02859387062345518 1.070135364475001 0.3322647513167736
    vertex -0.02704988940372854 1.070809253054905 0.3316714690261778
    vertex -0.0271280882748553 1.070807552453654 0.3316697445603542
  endloop
endfacet
facet normal 0.0632292 0.683284 -0.727409
  outer loop
    vertex -0.114343211073916 1.134211561018287 1.309414191377467
    vertex -0.11401668281112 1.135509432858711 1.310661716588665
    vertex -0.112641617597686 1.136260017054413 1.311486295786768
  endloop
endfacet
facet normal -0.0566643 0.729718 0.681396
  outer loop
    vertex -0.02911553374746371 1.069016274724052 0.3334198219239403
    vertex -0.02704988940372854 1.070809253054905 0.3316714690261778
    vertex -0.02859387062345518 1.070135364475001 0.3322647513167736
  endloop
endfacet
facet normal -0.708012 0.697824 -0.108447
  outer loop
    vertex -0.112641617597686 1.136260017054413 1.311486295786768
    vertex -0.09552556720599729 1.123171717483278 1.115523302368197
    vertex -0.114343211073916 1.134211561018287 1.309414191377467
  endloop
endfacet
facet normal -0.707264 0.698587 -0.108418
  outer loop
    vertex -0.114343211073916 1.134211561018287 1.309414191377467
    vertex -0.09552556720599729 1.123171717483278 1.115523302368197
    vertex -0.09729733206435472 1.121174340106484 1.114211383350755
  endloop
endfacet
facet normal -0.702373 0.703511 -0.108373
  outer loop
    vertex -0.04417162603421829 1.083902567995135 0.5276352128511268
    vertex -0.02704988940372854 1.070809253054905 0.3316714690261778
    vertex -0.02911553374746371 1.069016274724052 0.3334198219239403
  endloop
endfacet
facet normal -0.704129 0.701754 -0.108374
  outer loop
    vertex -0.02911553374746371 1.069016274724052 0.3334198219239403
    vertex -0.04616068186418799 1.082057977905117 0.5286142600488071
    vertex -0.04417162603421829 1.083902567995135 0.5276352128511268
  endloop
endfacet
facet normal -0.70649 0.699371 -0.108406
  outer loop
    vertex -0.09729733206435472 1.121174340106484 1.114211383350755
    vertex -0.07840885496376043 1.110083275555274 0.919560409949604
    vertex -0.08025204038328526 1.108136832293589 0.9190153011825805
  endloop
endfacet
facet normal -0.707256 0.698592 -0.108436
  outer loop
    vertex -0.09552556720599729 1.123171717483278 1.115523302368197
    vertex -0.07840885496376043 1.110083275555274 0.919560409949604
    vertex -0.09729733206435472 1.121174340106484 1.114211383350755
  endloop
endfacet
facet normal -0.705479 0.700393 -0.108389
  outer loop
    vertex -0.08025204038328526 1.108136832293589 0.9190153011825805
    vertex -0.06129102618516918 1.096993716001297 0.723597689710456
    vertex -0.06320627817370145 1.095098004893647 0.7238138307040003
  endloop
endfacet
facet normal -0.706485 0.699372 -0.108429
  outer loop
    vertex -0.07840885496376043 1.110083275555274 0.919560409949604
    vertex -0.06129102618516918 1.096993716001297 0.723597689710456
    vertex -0.08025204038328526 1.108136832293589 0.9190153011825805
  endloop
endfacet
facet normal -0.705479 0.700393 -0.108394
  outer loop
    vertex -0.06320627817370145 1.095098004893647 0.7238138307040003
    vertex -0.06129102618516918 1.096993716001297 0.723597689710456
    vertex -0.04616068186418799 1.082057977905117 0.5286142600488071
  endloop
endfacet
facet normal -0.704132 0.701747 -0.108393
  outer loop
    vertex -0.04616068186418799 1.082057977905117 0.5286142600488071
    vertex -0.06129102618516918 1.096993716001297 0.723597689710456
    vertex -0.04417162603421829 1.083902567995135 0.5276352128511268
  endloop
endfacet
facet normal -0.057022 0.728565 0.682599
  outer loop
    vertex -0.02720599183416923 1.07080283442855 0.3316682725011582
    vertex -0.02859387062345518 1.070135364475001 0.3322647513167736
    vertex -0.0271280882748553 1.070807552453654 0.3316697445603542
  endloop
endfacet
facet normal 0.535773 -0.511512 -0.671791
  outer loop
    vertex 7.459849284744083 -0.3041989784869774 1.186294696615582
    vertex 7.303866528701016 -0.2996389315702535 1.058421695741248
    vertex 7.471469837730936 -0.1293286212200685 1.062413408706885
  endloop
endfacet
facet normal 0.588144 -0.493172 -0.64099
  outer loop
    vertex 7.471469837730936 -0.1293286212200685 1.062413408706885
    vertex 7.585933593240901 -0.1580675368902696 1.18955189837363
    vertex 7.459849284744083 -0.3041989784869774 1.186294696615582
  endloop
endfacet
facet normal 0.0101099 -0.9902 -0.139291
  outer loop
    vertex 4.545973195397365 -1.188359062125544 1.14132211692564
    vertex 4.533054360534761 -1.158682457550024 0.9294174294399484
    vertex 4.729449271918269 -1.15877727031975 0.9443460557533461
  endloop
endfacet
facet normal -0.00381751 -0.995208 -0.0977051
  outer loop
    vertex 1.281370814391884 -1.088129286178293 0.5059647559564957
    vertex 1.46794151409148 -1.087012287170427 0.4872975439418034
    vertex 1.476725155379411 -1.102471027357008 0.6444145435502748
  endloop
endfacet
facet normal -0.00996693 -0.987456 -0.15758
  outer loop
    vertex 4.729449271918269 -1.15877727031975 0.9443460557533461
    vertex 4.746076597820103 -1.190367246434499 1.14124962393593
    vertex 4.545973195397365 -1.188359062125544 1.14132211692564
  endloop
endfacet
facet normal 0.110269 -0.948912 -0.295648
  outer loop
    vertex 5.128541107273254 -1.144547696692711 0.9762295824094998
    vertex 5.327432785950421 -1.119401812793583 0.9697029281454776
    vertex 5.32841818357833 -1.172764879687842 1.141344746473646
  endloop
endfacet
facet normal 0.0588753 -0.969726 -0.236991
  outer loop
    vertex 5.32841818357833 -1.172764879687842 1.141344746473646
    vertex 5.124678462340117 -1.188581411736583 1.15544853145836
    vertex 5.128541107273254 -1.144547696692711 0.9762295824094998
  endloop
endfacet
facet normal 0.0357641 -0.986265 -0.16125
  outer loop
    vertex 4.729449271918269 -1.15877727031975 0.9443460557533461
    vertex 4.927763581901197 -1.152710448829931 0.9512238257796551
    vertex 4.746076597820103 -1.190367246434499 1.14124962393593
  endloop
endfacet
facet normal -0.00337043 -0.994387 -0.105754
  outer loop
    vertex 1.640230806428082 -1.089365702706471 0.5039646950094308
    vertex 1.833651046320194 -1.086156929628633 0.4676288335593337
    vertex 1.858455139360777 -1.104206494614423 0.6365549262499556
  endloop
endfacet
facet normal -0.00669286 -0.99493 -0.100347
  outer loop
    vertex 1.858455139360777 -1.104206494614423 0.6365549262499556
    vertex 1.671528812445723 -1.105684565023755 0.6636773402996233
    vertex 1.640230806428082 -1.089365702706471 0.5039646950094308
  endloop
endfacet
facet normal 0.00178786 -0.981248 -0.192741
  outer loop
    vertex 4.746076597820103 -1.190367246434499 1.14124962393593
    vertex 4.927763581901197 -1.152710448829931 0.9512238257796551
    vertex 4.945932679379905 -1.1908271098155 1.14544465157792
  endloop
endfacet
facet normal 0.554448 -0.462971 -0.691553
  outer loop
    vertex 7.459849284744083 -0.3041989784869774 1.186294696615582
    vertex 7.585933593240901 -0.1580675368902696 1.18955189837363
    vertex 7.591877100780816 -0.3331034817385861 1.311497594424155
  endloop
endfacet
facet normal 0.569366 -0.54591 -0.614658
  outer loop
    vertex 7.471469837730936 -0.1293286212200685 1.062413408706885
    vertex 7.303866528701016 -0.2996389315702535 1.058421695741248
    vertex 7.326631933826877 -0.1453415103757136 0.9424699932037908
  endloop
endfacet
facet normal 0.492463 -0.555234 -0.67022
  outer loop
    vertex 7.303866528701016 -0.2996389315702535 1.058421695741248
    vertex 7.301754038814003 -0.4510235915395889 1.18228183120669
    vertex 7.139769777015633 -0.42310385981524 1.040129617730606
  endloop
endfacet
facet normal -0.0070057 -0.995618 -0.093249
  outer loop
    vertex 1.476725155379411 -1.102471027357008 0.6444145435502748
    vertex 1.274818385043058 -1.102932671197564 0.6645125417773565
    vertex 1.281370814391884 -1.088129286178293 0.5059647559564957
  endloop
endfacet
facet normal -0.00672601 -0.997284 -0.0733491
  outer loop
    vertex 0.1016146449727802 -1.092769992094698 0.6437505224460798
    vertex 0.2875717170364473 -1.083720446307257 0.5036572113536976
    vertex 0.2614714422832223 -1.101883449548552 0.753002117458182
  endloop
endfacet
facet normal -0.0038599 -0.995922 -0.0901351
  outer loop
    vertex 0.8543349063782355 -1.085875646121837 0.5006219750516012
    vertex 1.050198144430594 -1.083373859619348 0.4645916589493978
    vertex 1.075651088623438 -1.098373185513381 0.6292323787299026
  endloop
endfacet
facet normal 0.0644222 -0.978087 -0.19798
  outer loop
    vertex 4.945932679379905 -1.1908271098155 1.14544465157792
    vertex 4.927763581901197 -1.152710448829931 0.9512238257796551
    vertex 5.128541107273254 -1.144547696692711 0.9762295824094998
  endloop
endfacet
facet normal -0.006842 -0.996354 -0.0850454
  outer loop
    vertex 1.075651088623438 -1.098373185513381 0.6292323787299026
    vertex 0.8785494225115436 -1.099971804698596 0.6638181417158532
    vertex 0.8543349063782355 -1.085875646121837 0.5006219750516012
  endloop
endfacet
facet normal -0.0076658 -0.99727 -0.0734464
  outer loop
    vertex 0.2875717170364473 -1.083720446307257 0.5036572113536976
    vertex 0.4062290490680405 -1.095318544268136 0.6487538390584883
    vertex 0.2614714422832223 -1.101883449548552 0.753002117458182
  endloop
endfacet
facet normal 0.0255189 -0.970929 -0.238005
  outer loop
    vertex 5.128541107273254 -1.144547696692711 0.9762295824094998
    vertex 5.124678462340117 -1.188581411736583 1.15544853145836
    vertex 4.945932679379905 -1.1908271098155 1.14544465157792
  endloop
endfacet
facet normal -0.00637949 -0.993698 -0.111908
  outer loop
    vertex 2.089178387974178 -1.107298415626648 0.6518394998801251
    vertex 2.212895614318897 -1.089501024040643 0.4867525868304312
    vertex 2.296795077824915 -1.10879966191508 0.6533344653653298
  endloop
endfacet
facet normal -0.00333092 -0.993964 -0.109652
  outer loop
    vertex 2.00934504519292 -1.087946339126196 0.4788430731181577
    vertex 2.212895614318897 -1.089501024040643 0.4867525868304312
    vertex 2.089178387974178 -1.107298415626648 0.6518394998801251
  endloop
endfacet
facet normal 0.454249 -0.603021 -0.655762
  outer loop
    vertex 7.148447305803558 -0.5682429696024172 1.179606568393297
    vertex 6.959107822201908 -0.5350632744405539 1.017939032950497
    vertex 7.139769777015633 -0.42310385981524 1.040129617730606
  endloop
endfacet
facet normal 0.232205 -0.874007 -0.42684
  outer loop
    vertex 5.726211468090301 -1.052977428476892 0.992649234131066
    vertex 5.925910624818674 -1.006321535387416 1.005753956789846
    vertex 5.895362334911237 -1.089482074291825 1.159416532232832
  endloop
endfacet
facet normal 0.186178 -0.903276 -0.386563
  outer loop
    vertex 5.715641809813713 -1.126676100654079 1.15976932760403
    vertex 5.726211468090301 -1.052977428476892 0.992649234131066
    vertex 5.895362334911237 -1.089482074291825 1.159416532232832
  endloop
endfacet
facet normal 0.667481 -0.360958 -0.65129
  outer loop
    vertex 7.80437502329019 0 1.311497594424157
    vertex 7.71016033635702 -0.1742212244673418 1.311497594424156
    vertex 7.688218296131093 0 1.192453379123872
  endloop
endfacet
facet normal 0.427188 -0.645772 -0.632842
  outer loop
    vertex 6.993357373662936 -0.6673240864985792 1.176021681520543
    vertex 6.959107822201908 -0.5350632744405539 1.017939032950497
    vertex 7.148447305803558 -0.5682429696024172 1.179606568393297
  endloop
endfacet
facet normal 0.143626 -0.94478 -0.294555
  outer loop
    vertex 5.32841818357833 -1.172764879687842 1.141344746473646
    vertex 5.327432785950421 -1.119401812793583 0.9697029281454776
    vertex 5.523104608950295 -1.099728038533815 1.002009976830674
  endloop
endfacet
facet normal -0.00313143 -0.993106 -0.117181
  outer loop
    vertex 2.607289486916234 -1.09140797665703 0.4923352965559691
    vertex 2.497480901575293 -1.11020309024906 0.6545576788510722
    vertex 2.410533773108268 -1.090464726735883 0.4895991829666549
  endloop
endfacet
facet normal -0.00608932 -0.992857 -0.119154
  outer loop
    vertex 2.693193241223157 -1.111516727446111 0.65550182750051
    vertex 2.497480901575293 -1.11020309024906 0.6545576788510722
    vertex 2.607289486916234 -1.09140797665703 0.4923352965559691
  endloop
endfacet
facet normal 0.515957 -0.561969 -0.646513
  outer loop
    vertex 7.326631933826877 -0.1453415103757136 0.9424699932037908
    vertex 7.303866528701016 -0.2996389315702535 1.058421695741248
    vertex 7.161089161476562 -0.2812516640334748 0.9284938944455623
  endloop
endfacet
facet normal 0.109762 -0.935149 -0.336822
  outer loop
    vertex 5.523104608950295 -1.099728038533815 1.002009976830674
    vertex 5.532923666880195 -1.159285632214829 1.170564563204685
    vertex 5.32841818357833 -1.172764879687842 1.141344746473646
  endloop
endfacet
facet normal 0.189987 -0.902695 -0.386066
  outer loop
    vertex 5.523104608950295 -1.099728038533815 1.002009976830674
    vertex 5.726211468090301 -1.052977428476892 0.992649234131066
    vertex 5.715641809813713 -1.126676100654079 1.15976932760403
  endloop
endfacet
facet normal 0.468239 -0.597536 -0.650925
  outer loop
    vertex 7.301754038814003 -0.4510235915395889 1.18228183120669
    vertex 7.148447305803558 -0.5682429696024172 1.179606568393297
    vertex 7.139769777015633 -0.42310385981524 1.040129617730606
  endloop
endfacet
facet normal 0.506763 -0.578894 -0.638806
  outer loop
    vertex 7.161089161476562 -0.2812516640334748 0.9284938944455623
    vertex 7.303866528701016 -0.2996389315702535 1.058421695741248
    vertex 7.139769777015633 -0.42310385981524 1.040129617730606
  endloop
endfacet
facet normal -0.0122866 -0.996966 -0.0768672
  outer loop
    vertex 0.7008193350288667 -1.123364059616796 0.9758682169892554
    vertex 0.4902058249394081 -1.12225441724666 0.9951409342346109
    vertex 0.6146629599237861 -1.109742340244025 0.8129662018462083
  endloop
endfacet
facet normal -0.0140051 -0.997305 -0.0720179
  outer loop
    vertex 0.3826869837674078 -1.13165226649962 1.14142531013473
    vertex 0.1850814358291247 -1.128792154164882 1.140246173562572
    vertex 0.2795094060224992 -1.117124148223143 0.9603044460279264
  endloop
endfacet
facet normal -0.012206 -0.997254 -0.0730387
  outer loop
    vertex 0.2795094060224992 -1.117124148223143 0.9603044460279264
    vertex 0.4902058249394081 -1.12225441724666 0.9951409342346109
    vertex 0.3826869837674078 -1.13165226649962 1.14142531013473
  endloop
endfacet
facet normal 0.146067 -0.930055 -0.337138
  outer loop
    vertex 5.715641809813713 -1.126676100654079 1.15976932760403
    vertex 5.532923666880195 -1.159285632214829 1.170564563204685
    vertex 5.523104608950295 -1.099728038533815 1.002009976830674
  endloop
endfacet
facet normal -0.00729174 -0.997112 -0.0755983
  outer loop
    vertex 0.4453383933539048 -1.109646603555023 0.8339629858954594
    vertex 0.4062290490680405 -1.095318544268136 0.6487538390584883
    vertex 0.5698027537939206 -1.09702059341378 0.6554259037767758
  endloop
endfacet
facet normal 0.61928 -0.501361 -0.604259
  outer loop
    vertex 7.455904841812879 0 0.954364948523323
    vertex 7.326631933826877 -0.1453415103757136 0.9424699932037908
    vertex 7.339748114653773 0 0.8353207332230479
  endloop
endfacet
facet normal 0.544047 -0.602629 -0.583825
  outer loop
    vertex 7.203366317772862 -0.1312879071150196 0.8130966199106275
    vertex 7.326631933826877 -0.1453415103757136 0.9424699932037908
    vertex 7.161089161476562 -0.2812516640334748 0.9284938944455623
  endloop
endfacet
facet normal -0.0122418 -0.99213 -0.124613
  outer loop
    vertex 4.149768699707766 -1.183396585709445 1.141175510567261
    vertex 4.199695024558266 -1.161520774792687 0.9621023161642788
    vertex 4.349125453358336 -1.174131786712947 1.047827439791337
  endloop
endfacet
facet normal -0.0156794 -0.997504 -0.0688406
  outer loop
    vertex -0.1124338106207139 -1.136262539229682 1.311497594424157
    vertex -0.01356450056425015 -1.131590857430037 1.221285803429756
    vertex 0.08578247623866982 -1.139378230694133 1.311497594424157
  endloop
endfacet
facet normal -0.0120749 -0.992176 -0.124261
  outer loop
    vertex 4.349125453358336 -1.174131786712947 1.047827439791337
    vertex 4.34789124257304 -1.19247265617307 1.194392240572455
    vertex 4.149768699707766 -1.183396585709445 1.141175510567261
  endloop
endfacet
facet normal -0.014825 -0.99758 -0.0679229
  outer loop
    vertex -0.09552556720610249 -1.123171717483359 1.115523302369398
    vertex -0.01356450056425015 -1.131590857430037 1.221285803429756
    vertex -0.1126416175976883 -1.136260017054413 1.311486295786768
  endloop
endfacet
facet normal 0.267691 -0.843319 -0.465997
  outer loop
    vertex 5.925910624818674 -1.006321535387416 1.005753956789846
    vertex 6.125359270131955 -0.9512767963716373 1.020711960185163
    vertex 6.07967872300981 -1.044366750441293 1.162936495721528
  endloop
endfacet
facet normal -0.00989416 -0.997116 -0.0752431
  outer loop
    vertex 0.6146629599237861 -1.109742340244025 0.8129662018462083
    vertex 0.4902058249394081 -1.12225441724666 0.9951409342346109
    vertex 0.4453383933539048 -1.109646603555023 0.8339629858954594
  endloop
endfacet
facet normal 0.592266 -0.473427 -0.651988
  outer loop
    vertex 7.455904841812879 0 0.954364948523323
    vertex 7.471469837730936 -0.1293286212200685 1.062413408706885
    vertex 7.326631933826877 -0.1453415103757136 0.9424699932037908
  endloop
endfacet
facet normal 0.423455 -0.652798 -0.628125
  outer loop
    vertex 6.829060435747575 -0.4829470304673729 0.8761034275056996
    vertex 6.959107822201908 -0.5350632744405539 1.017939032950497
    vertex 6.767987929160224 -0.6303665141167328 0.988141086688257
  endloop
endfacet
facet normal -0.00587353 -0.990367 -0.13834
  outer loop
    vertex 4.545973195397365 -1.188359062125544 1.14132211692564
    vertex 4.349125453358336 -1.174131786712947 1.047827439791337
    vertex 4.533054360534761 -1.158682457550024 0.9294174294399484
  endloop
endfacet
facet normal 0.597332 -0.444696 -0.667413
  outer loop
    vertex 7.591877100780816 -0.3331034817385861 1.311497594424155
    vertex 7.585933593240901 -0.1580675368902696 1.18955189837363
    vertex 7.71016033635702 -0.1742212244673418 1.311497594424156
  endloop
endfacet
facet normal 0.22244 -0.875262 -0.429461
  outer loop
    vertex 5.895362334911237 -1.089482074291825 1.159416532232832
    vertex 5.925910624818674 -1.006321535387416 1.005753956789846
    vertex 6.07967872300981 -1.044366750441293 1.162936495721528
  endloop
endfacet
facet normal 0.522234 -0.54438 -0.656447
  outer loop
    vertex 7.459849284744083 -0.3041989784869774 1.186294696615582
    vertex 7.301754038814003 -0.4510235915395889 1.18228183120669
    vertex 7.303866528701016 -0.2996389315702535 1.058421695741248
  endloop
endfacet
facet normal 0.42815 -0.658481 -0.618943
  outer loop
    vertex 6.702455224877047 -0.4258300061447134 0.727759394131485
    vertex 6.829060435747575 -0.4829470304673729 0.8761034275056996
    vertex 6.647252894897797 -0.5745807882912497 0.8478266141130795
  endloop
endfacet
facet normal 0.593662 -0.51154 -0.621203
  outer loop
    vertex 7.339748114653773 0 0.8353207332230479
    vertex 7.326631933826877 -0.1453415103757136 0.9424699932037908
    vertex 7.203366317772862 -0.1312879071150196 0.8130966199106275
  endloop
endfacet
facet normal 0.619363 -0.388261 -0.68238
  outer loop
    vertex 7.71016033635702 -0.1742212244673418 1.311497594424156
    vertex 7.585933593240901 -0.1580675368902696 1.18955189837363
    vertex 7.688218296131093 0 1.192453379123872
  endloop
endfacet
facet normal 0.426352 -0.652635 -0.626332
  outer loop
    vertex 6.829060435747575 -0.4829470304673729 0.8761034275056996
    vertex 6.767987929160224 -0.6303665141167328 0.988141086688257
    vertex 6.647252894897797 -0.5745807882912497 0.8478266141130795
  endloop
endfacet
facet normal -0.0116823 -0.995463 -0.0944302
  outer loop
    vertex 2.17202205746771 -1.156834551078574 1.143235357486579
    vertex 2.074657735977739 -1.139534845393895 0.9729108584128933
    vertex 2.27866278765029 -1.142256100401113 0.9763594656255372
  endloop
endfacet
facet normal 0.361296 -0.72538 -0.585909
  outer loop
    vertex 6.58602706148131 -0.7135155609739694 0.9655028528861336
    vertex 6.39610770275383 -0.7879472726127943 0.9405402812568242
    vertex 6.467178878554948 -0.655540975655128 0.8204412975617743
  endloop
endfacet
facet normal -0.0119322 -0.997136 -0.0746773
  outer loop
    vertex 0.4453383933539048 -1.109646603555023 0.8339629858954594
    vertex 0.4902058249394081 -1.12225441724666 0.9951409342346109
    vertex 0.2795094060224992 -1.117124148223143 0.9603044460279264
  endloop
endfacet
facet normal -0.0118888 -0.996334 -0.0847165
  outer loop
    vertex 1.374912751899065 -1.145555645615477 1.141285884776909
    vertex 1.274148294121678 -1.12978935059892 0.9700024536201706
    vertex 1.473666109168149 -1.132241421955446 0.9708411871072484
  endloop
endfacet
facet normal -0.014274 -0.997484 -0.0694368
  outer loop
    vertex 0.1850814358291247 -1.128792154164882 1.140246173562572
    vertex -0.01356450056425015 -1.131590857430037 1.221285803429756
    vertex 0.0781807884997905 -1.119612468383619 1.030352054498225
  endloop
endfacet
facet normal -0.0115953 -0.994999 -0.0992136
  outer loop
    vertex 2.27866278765029 -1.142256100401113 0.9763594656255372
    vertex 2.074657735977739 -1.139534845393895 0.9729108584128933
    vertex 2.184107097410179 -1.124489874711178 0.8092355168812855
  endloop
endfacet
facet normal 0.305855 -0.790194 -0.53108
  outer loop
    vertex 6.206747804467568 -0.8547521151294553 0.9182563868818769
    vertex 6.01575915522535 -0.9156066045993574 0.8988094346929016
    vertex 6.097178893191481 -0.7977286482345167 0.770309125629749
  endloop
endfacet
facet normal -0.0118736 -0.996085 -0.0876028
  outer loop
    vertex 1.473666109168149 -1.132241421955446 0.9708411871072484
    vertex 1.274148294121678 -1.12978935059892 0.9700024536201706
    vertex 1.374344618049013 -1.116229838049654 0.8022439638819983
  endloop
endfacet
facet normal 0.300033 -0.810097 -0.503709
  outer loop
    vertex 6.125359270131955 -0.9512767963716373 1.020711960185163
    vertex 6.323557401991438 -0.88922488178278 1.038972318891979
    vertex 6.267062269092889 -0.9901842623269954 1.167690596833976
  endloop
endfacet
facet normal -0.0101868 -0.996932 -0.0776039
  outer loop
    vertex 0.5698027537939206 -1.09702059341378 0.6554259037767758
    vertex 0.6146629599237861 -1.109742340244025 0.8129662018462083
    vertex 0.4453383933539048 -1.109646603555023 0.8339629858954594
  endloop
endfacet
facet normal -0.00820221 -0.993203 -0.116102
  outer loop
    vertex 3.36944428711492 -1.135259223523086 0.813008879361194
    vertex 3.26765743063909 -1.153657707186764 0.9775911932604715
    vertex 3.178103107934116 -1.133853878755217 0.8145043466225916
  endloop
endfacet
facet normal -0.015621 -0.99411 -0.10724
  outer loop
    vertex 3.4554593508675 -1.192327834756801 1.311497594424154
    vertex 3.556729570295877 -1.17562752170649 1.141935195888857
    vertex 3.653675636892324 -1.19544251733832 1.311497594424157
  endloop
endfacet
facet normal 0.245289 -0.849738 -0.466668
  outer loop
    vertex 5.821369306248297 -0.9686255042996895 0.877979625394274
    vertex 5.626406130735141 -1.014496382690759 0.8590279619795796
    vertex 5.718944556073779 -0.9126992352029857 0.7223091641499604
  endloop
endfacet
facet normal 0.00680548 -0.985461 -0.169765
  outer loop
    vertex 4.247054526267422 -1.125100764576219 0.7093865332970819
    vertex 4.052056019808286 -1.12185591894651 0.6827336173534446
    vertex 4.163929961073584 -1.099286610249602 0.5562066780687628
  endloop
endfacet
facet normal -0.0110805 -0.993357 -0.11454
  outer loop
    vertex 3.178103107934116 -1.133853878755217 0.8145043466225916
    vertex 3.26765743063909 -1.153657707186764 0.9775911932604715
    vertex 3.073647282379152 -1.151564497157113 0.9782061098756596
  endloop
endfacet
facet normal 0.527417 -0.51567 -0.675215
  outer loop
    vertex 7.453379692739869 -0.4747558073149375 1.311497594424157
    vertex 7.459849284744083 -0.3041989784869774 1.186294696615582
    vertex 7.591877100780816 -0.3331034817385861 1.311497594424155
  endloop
endfacet
facet normal 0.621589 -0.427673 -0.656295
  outer loop
    vertex 7.572061568971987 0 1.073409163823596
    vertex 7.585933593240901 -0.1580675368902696 1.18955189837363
    vertex 7.471469837730936 -0.1293286212200685 1.062413408706885
  endloop
endfacet
facet normal 0.447267 -0.637609 -0.627222
  outer loop
    vertex 6.872995779607398 -0.3336677026532431 0.7556818054183697
    vertex 6.829060435747575 -0.4829470304673729 0.8761034275056996
    vertex 6.702455224877047 -0.4258300061447134 0.727759394131485
  endloop
endfacet
facet normal 0.372193 -0.71349 -0.593636
  outer loop
    vertex 6.352187001568654 -0.5919145440860671 0.6718722119823735
    vertex 6.467178878554948 -0.655540975655128 0.8204412975617743
    vertex 6.282450401938115 -0.730360743954527 0.7945475454085948
  endloop
endfacet
facet normal 0.374685 -0.725148 -0.57773
  outer loop
    vertex 6.467178878554948 -0.655540975655128 0.8204412975617743
    vertex 6.39610770275383 -0.7879472726127943 0.9405402812568242
    vertex 6.282450401938115 -0.730360743954527 0.7945475454085948
  endloop
endfacet
facet normal -0.0057267 -0.992009 -0.126035
  outer loop
    vertex 3.085246850341913 -1.114192315796407 0.6585004027135617
    vertex 2.889495386270858 -1.112848907603527 0.6568210022858298
    vertex 2.995387774647232 -1.093281367313224 0.4979949042469748
  endloop
endfacet
facet normal 0.0552814 -0.975827 -0.211437
  outer loop
    vertex 4.559179408260758 -1.089763823119631 0.5964480223168588
    vertex 4.464403762064852 -1.129531619918692 0.7552053551956075
    vertex 4.365218331639903 -1.096760955569615 0.5780290531265139
  endloop
endfacet
facet normal -0.0112265 -0.994411 -0.104975
  outer loop
    vertex 2.877581258203368 -1.149425709488996 0.9789138137448453
    vertex 3.073647282379152 -1.151564497157113 0.9782061098756596
    vertex 2.967729995278972 -1.167963153863778 1.144874897148154
  endloop
endfacet
facet normal 0.171195 -0.907624 -0.38329
  outer loop
    vertex 5.433698451582242 -1.052579770866057 0.8428546100300572
    vertex 5.234044470630296 -1.081600836323344 0.8224012596966316
    vertex 5.339355882662097 -1.000189761543578 0.6766580953740657
  endloop
endfacet
facet normal -0.0133475 -0.994287 -0.1059
  outer loop
    vertex 3.360545334169156 -1.173206424853228 1.143930463591323
    vertex 3.556729570295877 -1.17562752170649 1.141935195888857
    vertex 3.4554593508675 -1.192327834756801 1.311497594424154
  endloop
endfacet
facet normal 0.319948 -0.774788 -0.545286
  outer loop
    vertex 5.991203376025029 -0.7335379638012942 0.6169202367009767
    vertex 6.097178893191481 -0.7977286482345167 0.770309125629749
    vertex 5.909823349991693 -0.8580772741275122 0.7461262571959558
  endloop
endfacet
facet normal -0.0112419 -0.993716 -0.111369
  outer loop
    vertex 2.982435360720743 -1.13211915137671 0.8139080000502619
    vertex 3.073647282379152 -1.151564497157113 0.9782061098756596
    vertex 2.877581258203368 -1.149425709488996 0.9789138137448453
  endloop
endfacet
facet normal 0.321874 -0.79044 -0.521154
  outer loop
    vertex 6.097178893191481 -0.7977286482345167 0.770309125629749
    vertex 6.01575915522535 -0.9156066045993574 0.8988094346929016
    vertex 5.909823349991693 -0.8580772741275122 0.7461262571959558
  endloop
endfacet
facet normal 0.503669 -0.523551 -0.687177
  outer loop
    vertex 7.453379692739869 -0.4747558073149375 1.311497594424157
    vertex 7.301754038814003 -0.4510235915395889 1.18228183120669
    vertex 7.459849284744083 -0.3041989784869774 1.186294696615582
  endloop
endfacet
facet normal 0.652613 -0.410614 -0.636783
  outer loop
    vertex 7.688218296131093 0 1.192453379123872
    vertex 7.585933593240901 -0.1580675368902696 1.18955189837363
    vertex 7.572061568971987 0 1.073409163823596
  endloop
endfacet
facet normal -0.00408793 -0.990753 -0.135617
  outer loop
    vertex 4.349125453358336 -1.174131786712947 1.047827439791337
    vertex 4.319430865099418 -1.148343743603311 0.8603267988029704
    vertex 4.533054360534761 -1.158682457550024 0.9294174294399484
  endloop
endfacet
facet normal -0.0029615 -0.99225 -0.124221
  outer loop
    vertex 2.995387774647232 -1.093281367313224 0.4979949042469748
    vertex 2.889495386270858 -1.112848907603527 0.6568210022858298
    vertex 2.801718475227174 -1.092330374937698 0.4950157618491192
  endloop
endfacet
facet normal 0.266979 -0.829599 -0.490395
  outer loop
    vertex 5.621195522505005 -0.8504730543600352 0.5638251765639775
    vertex 5.718944556073779 -0.9126992352029857 0.7223091641499604
    vertex 5.529485488256567 -0.9598957003776896 0.6990065517169045
  endloop
endfacet
facet normal -0.0110673 -0.994112 -0.107788
  outer loop
    vertex 3.073647282379152 -1.151564497157113 0.9782061098756596
    vertex 3.26765743063909 -1.153657707186764 0.9775911932604715
    vertex 3.164385909758018 -1.170669862534749 1.145095436615941
  endloop
endfacet
facet normal 0.26757 -0.850758 -0.452346
  outer loop
    vertex 5.718944556073779 -0.9126992352029857 0.7223091641499604
    vertex 5.626406130735141 -1.014496382690759 0.8590279619795796
    vertex 5.529485488256567 -0.9598957003776896 0.6990065517169045
  endloop
endfacet
facet normal 0.256109 -0.844442 -0.470453
  outer loop
    vertex 6.07967872300981 -1.044366750441293 1.162936495721528
    vertex 6.125359270131955 -0.9512767963716373 1.020711960185163
    vertex 6.267062269092889 -0.9901842623269954 1.167690596833976
  endloop
endfacet
facet normal -0.0132527 -0.993999 -0.108581
  outer loop
    vertex 3.653675636892324 -1.19544251733832 1.311497594424157
    vertex 3.556729570295877 -1.17562752170649 1.141935195888857
    vertex 3.752404393203616 -1.178198610833875 1.141589367612082
  endloop
endfacet
facet normal 0.198909 -0.88765 -0.415347
  outer loop
    vertex 5.244508618038401 -0.9444050423796255 0.5120168635012787
    vertex 5.339355882662097 -1.000189761543578 0.6766580953740657
    vertex 5.143361601660173 -1.033937175654133 0.6549192714774263
  endloop
endfacet
facet normal 0.458636 -0.635793 -0.620822
  outer loop
    vertex 6.999071477659536 -0.3848678357394454 0.9012557273481482
    vertex 6.829060435747575 -0.4829470304673729 0.8761034275056996
    vertex 6.872995779607398 -0.3336677026532431 0.7556818054183697
  endloop
endfacet
facet normal -0.00952166 -0.996231 -0.0862099
  outer loop
    vertex 1.374344618049013 -1.116229838049654 0.8022439638819983
    vertex 1.274148294121678 -1.12978935059892 0.9700024536201706
    vertex 1.173658665318907 -1.114055592972147 0.7992838981995931
  endloop
endfacet
facet normal -0.00924729 -0.995177 -0.0976599
  outer loop
    vertex 2.184107097410179 -1.124489874711178 0.8092355168812855
    vertex 2.074657735977739 -1.139534845393895 0.9729108584128933
    vertex 1.972928950477163 -1.121791011557817 0.801729676162185
  endloop
endfacet
facet normal 0.0964749 -0.950623 -0.294972
  outer loop
    vertex 5.039126042074372 -1.103260804811212 0.8057691516552661
    vertex 4.839168755988482 -1.11785744528726 0.7874116695405236
    vertex 4.949749502819258 -1.059180369185733 0.6344770486345943
  endloop
endfacet
facet normal 0.19718 -0.909632 -0.365635
  outer loop
    vertex 5.339355882662097 -1.000189761543578 0.6766580953740657
    vertex 5.234044470630296 -1.081600836323344 0.8224012596966316
    vertex 5.143361601660173 -1.033937175654133 0.6549192714774263
  endloop
endfacet
facet normal -0.00846461 -0.993571 -0.112894
  outer loop
    vertex 2.982435360720743 -1.13211915137671 0.8139080000502619
    vertex 3.178103107934116 -1.133853878755217 0.8145043466225916
    vertex 3.073647282379152 -1.151564497157113 0.9782061098756596
  endloop
endfacet
facet normal -0.0138148 -0.99555 -0.09322
  outer loop
    vertex 1.971451267982106 -1.153945937755925 1.142109886039097
    vertex 2.074657735977739 -1.139534845393895 0.9729108584128933
    vertex 2.17202205746771 -1.156834551078574 1.143235357486579
  endloop
endfacet
facet normal 0.496416 -0.612958 -0.614698
  outer loop
    vertex 7.203366317772862 -0.1312879071150196 0.8130966199106275
    vertex 7.161089161476562 -0.2812516640334748 0.9284938944455623
    vertex 7.039760915689057 -0.2350851838155032 0.7844760824148943
  endloop
endfacet
facet normal -0.0138428 -0.99578 -0.0907271
  outer loop
    vertex 1.971451267982106 -1.153945937755925 1.142109886039097
    vertex 1.771551495500626 -1.151058960216964 1.140923629335387
    vertex 1.872209123260474 -1.136980668746365 0.9710488045561096
  endloop
endfacet
facet normal -0.0139425 -0.996409 -0.0835152
  outer loop
    vertex 1.176487167631404 -1.142781760587562 1.141317380369752
    vertex 1.274148294121678 -1.12978935059892 0.9700024536201706
    vertex 1.374912751899065 -1.145555645615477 1.141285884776909
  endloop
endfacet
facet normal -0.0139666 -0.996602 -0.0811767
  outer loop
    vertex 1.176487167631404 -1.142781760587562 1.141317380369752
    vertex 0.9787312591989215 -1.140030422611469 1.141563647831361
    vertex 1.075392084416414 -1.127429993367403 0.9702381597989713
  endloop
endfacet
facet normal -0.00555835 -0.991621 -0.129059
  outer loop
    vertex 3.189061955626333 -1.094405036291234 0.501993632965717
    vertex 3.27886934396194 -1.115512520262165 0.6603051763591175
    vertex 3.085246850341913 -1.114192315796407 0.6585004027135617
  endloop
endfacet
facet normal 0.00365969 -0.989101 -0.147193
  outer loop
    vertex 4.131999098682717 -1.139815459333888 0.8054052228258093
    vertex 4.052056019808286 -1.12185591894651 0.6827336173534446
    vertex 4.247054526267422 -1.125100764576219 0.7093865332970819
  endloop
endfacet
facet normal -0.0136503 -0.994518 -0.10367
  outer loop
    vertex 2.967729995278972 -1.167963153863778 1.144874897148154
    vertex 2.770147423199592 -1.165322085176914 1.145554736012131
    vertex 2.877581258203368 -1.149425709488996 0.9789138137448453
  endloop
endfacet
facet normal -0.00415045 -0.996831 -0.0794425
  outer loop
    vertex 0.6607488504178778 -1.084888996245146 0.4984491870422605
    vertex 0.5698027537939206 -1.09702059341378 0.6554259037767758
    vertex 0.4758737130184056 -1.084192383802491 0.4993669632015282
  endloop
endfacet
facet normal -0.0100011 -0.992008 -0.125781
  outer loop
    vertex 4.545973195397365 -1.188359062125544 1.14132211692564
    vertex 4.746076597820103 -1.190367246434499 1.14124962393593
    vertex 4.644758370949101 -1.210932219957389 1.311497594424154
  endloop
endfacet
facet normal 0.40665 -0.68268 -0.607111
  outer loop
    vertex 6.528665815296131 -0.5117481980098331 0.6999349697944705
    vertex 6.467178878554948 -0.655540975655128 0.8204412975617743
    vertex 6.352187001568654 -0.5919145440860671 0.6718722119823735
  endloop
endfacet
facet normal 0.390815 -0.6891 -0.61025
  outer loop
    vertex 6.767987929160224 -0.6303665141167328 0.988141086688257
    vertex 6.58602706148131 -0.7135155609739694 0.9655028528861336
    vertex 6.647252894897797 -0.5745807882912497 0.8478266141130795
  endloop
endfacet
facet normal 0.401403 -0.688495 -0.604028
  outer loop
    vertex 6.58602706148131 -0.7135155609739694 0.9655028528861336
    vertex 6.467178878554948 -0.655540975655128 0.8204412975617743
    vertex 6.647252894897797 -0.5745807882912497 0.8478266141130795
  endloop
endfacet
facet normal -0.0089679 -0.997125 -0.0752454
  outer loop
    vertex 0.2614714422832223 -1.101883449548552 0.753002117458182
    vertex 0.4062290490680405 -1.095318544268136 0.6487538390584883
    vertex 0.4453383933539048 -1.109646603555023 0.8339629858954594
  endloop
endfacet
facet normal 0.423798 -0.644895 -0.636008
  outer loop
    vertex 7.133601571777474 -0.7080723590968269 1.311497594424155
    vertex 7.148447305803558 -0.5682429696024172 1.179606568393297
    vertex 7.299217717390347 -0.5992364664025223 1.311497594424157
  endloop
endfacet
facet normal 0.361022 -0.744844 -0.561133
  outer loop
    vertex 6.172989461783682 -0.6659170886548613 0.6441183483636915
    vertex 6.097178893191481 -0.7977286482345167 0.770309125629749
    vertex 5.991203376025029 -0.7335379638012942 0.6169202367009767
  endloop
endfacet
facet normal 0.473646 -0.61794 -0.627543
  outer loop
    vertex 7.039760915689057 -0.2350851838155032 0.7844760824148943
    vertex 6.999071477659536 -0.3848678357394454 0.9012557273481482
    vertex 6.872995779607398 -0.3336677026532431 0.7556818054183697
  endloop
endfacet
facet normal -0.00416069 -0.996653 -0.0816395
  outer loop
    vertex 0.5605400559134065 -1.070809154995095 0.331669890137703
    vertex 0.6607488504178778 -1.084888996245146 0.4984491870422605
    vertex 0.4758737130184056 -1.084192383802491 0.4993669632015282
  endloop
endfacet
facet normal 0.347983 -0.759023 -0.550265
  outer loop
    vertex 6.206747804467568 -0.8547521151294553 0.9182563868818769
    vertex 6.097178893191481 -0.7977286482345167 0.770309125629749
    vertex 6.282450401938115 -0.730360743954527 0.7945475454085948
  endloop
endfacet
facet normal 0.311886 -0.803105 -0.50769
  outer loop
    vertex 5.80715022469429 -0.7949406069465532 0.5902157845835529
    vertex 5.718944556073779 -0.9126992352029857 0.7223091641499604
    vertex 5.621195522505005 -0.8504730543600352 0.5638251765639775
  endloop
endfacet
facet normal -0.0135015 -0.993921 -0.109269
  outer loop
    vertex 3.164385909758018 -1.170669862534749 1.145095436615941
    vertex 3.26765743063909 -1.153657707186764 0.9775911932604715
    vertex 3.360545334169156 -1.173206424853228 1.143930463591323
  endloop
endfacet
facet normal 0.12005 -0.939499 -0.320827
  outer loop
    vertex 4.8617661928777 -1.01234518671803 0.46440396734594
    vertex 4.949749502819258 -1.059180369185733 0.6344770486345943
    vertex 4.753664442825899 -1.077650811022247 0.6151921972477999
  endloop
endfacet
facet normal -0.0103901 -0.991678 -0.12832
  outer loop
    vertex 3.951345078971493 -1.138269676479644 0.8013882036190585
    vertex 4.019844063242937 -1.160556103384305 0.9680747994922516
    vertex 3.838289860219295 -1.1589379888941 0.9702702838189436
  endloop
endfacet
facet normal 0.452158 -0.619115 -0.642067
  outer loop
    vertex 6.999071477659536 -0.3848678357394454 0.9012557273481482
    vertex 6.959107822201908 -0.5350632744405539 1.017939032950497
    vertex 6.829060435747575 -0.4829470304673729 0.8761034275056996
  endloop
endfacet
facet normal 0.295819 -0.820374 -0.489365
  outer loop
    vertex 5.821369306248297 -0.9686255042996895 0.877979625394274
    vertex 5.718944556073779 -0.9126992352029857 0.7223091641499604
    vertex 5.909823349991693 -0.8580772741275122 0.7461262571959558
  endloop
endfacet
facet normal -0.00627982 -0.995626 -0.0932197
  outer loop
    vertex 1.281370814391884 -1.088129286178293 0.5059647559564957
    vertex 1.274818385043058 -1.102932671197564 0.6645125417773565
    vertex 1.075651088623438 -1.098373185513381 0.6292323787299026
  endloop
endfacet
facet normal -0.013698 -0.994797 -0.100955
  outer loop
    vertex 2.770147423199592 -1.165322085176914 1.145554736012131
    vertex 2.571575797767231 -1.162538055885071 1.145064414895507
    vertex 2.678733483424238 -1.147175847645297 0.9791476503506975
  endloop
endfacet
facet normal -0.0130975 -0.99255 -0.121135
  outer loop
    vertex 3.947627813010373 -1.180799814361055 1.141754332761474
    vertex 4.019844063242937 -1.160556103384305 0.9680747994922516
    vertex 4.149768699707766 -1.183396585709445 1.141175510567261
  endloop
endfacet
facet normal 0.0581736 -0.96779 -0.244946
  outer loop
    vertex 4.474132124468719 -1.05131434003501 0.4243346670493071
    vertex 4.559179408260758 -1.089763823119631 0.5964480223168588
    vertex 4.365218331639903 -1.096760955569615 0.5780290531265139
  endloop
endfacet
facet normal -0.0102987 -0.992721 -0.119992
  outer loop
    vertex 3.838289860219295 -1.1589379888941 0.9702702838189436
    vertex 4.019844063242937 -1.160556103384305 0.9680747994922516
    vertex 3.947627813010373 -1.180799814361055 1.141754332761474
  endloop
endfacet
facet normal 0.333578 -0.759038 -0.559095
  outer loop
    vertex 6.39610770275383 -0.7879472726127943 0.9405402812568242
    vertex 6.206747804467568 -0.8547521151294553 0.9182563868818769
    vertex 6.282450401938115 -0.730360743954527 0.7945475454085948
  endloop
endfacet
facet normal -0.00558697 -0.991463 -0.130265
  outer loop
    vertex 3.951345078971493 -1.138269676479644 0.8013882036190585
    vertex 4.131999098682717 -1.139815459333888 0.8054052228258093
    vertex 4.019844063242937 -1.160556103384305 0.9680747994922516
  endloop
endfacet
facet normal 0.155729 -0.933979 -0.321607
  outer loop
    vertex 5.039126042074372 -1.103260804811212 0.8057691516552661
    vertex 4.949749502819258 -1.059180369185733 0.6344770486345943
    vertex 5.143361601660173 -1.033937175654133 0.6549192714774263
  endloop
endfacet
facet normal -0.0140051 -0.996779 -0.0789642
  outer loop
    vertex 0.8877037125281292 -1.125462022593303 0.9738087033883791
    vertex 0.9787312591989215 -1.140030422611469 1.141563647831361
    vertex 0.7825160254600227 -1.137447418822493 1.143758595333453
  endloop
endfacet
facet normal -0.0138867 -0.995999 -0.0882844
  outer loop
    vertex 1.673210577178481 -1.134647366909017 0.9712414393421734
    vertex 1.771551495500626 -1.151058960216964 1.140923629335387
    vertex 1.573299452653006 -1.148327480769879 1.141291960999294
  endloop
endfacet
facet normal 0.117334 -0.952611 -0.280653
  outer loop
    vertex 4.949749502819258 -1.059180369185733 0.6344770486345943
    vertex 4.839168755988482 -1.11785744528726 0.7874116695405236
    vertex 4.753664442825899 -1.077650811022247 0.6151921972477999
  endloop
endfacet
facet normal 0.277275 -0.819687 -0.50123
  outer loop
    vertex 6.01575915522535 -0.9156066045993574 0.8988094346929016
    vertex 5.821369306248297 -0.9686255042996895 0.877979625394274
    vertex 5.909823349991693 -0.8580772741275122 0.7461262571959558
  endloop
endfacet
facet normal -0.0156048 -0.993162 -0.115696
  outer loop
    vertex 4.050108210936058 -1.201671882536161 1.311497594424155
    vertex 4.149768699707766 -1.183396585709445 1.141175510567261
    vertex 4.248805843045648 -1.204793869083414 1.311497594424155
  endloop
endfacet
facet normal -0.0130883 -0.993366 -0.114245
  outer loop
    vertex 4.050108210936058 -1.201671882536161 1.311497594424155
    vertex 3.947627813010373 -1.180799814361055 1.141754332761474
    vertex 4.149768699707766 -1.183396585709445 1.141175510567261
  endloop
endfacet
facet normal 0.259901 -0.859142 -0.440824
  outer loop
    vertex 5.433614512451141 -0.9003636151879236 0.5376753701783172
    vertex 5.339355882662097 -1.000189761543578 0.6766580953740657
    vertex 5.244508618038401 -0.9444050423796255 0.5120168635012787
  endloop
endfacet
facet normal -0.0137414 -0.995059 -0.0983336
  outer loop
    vertex 2.48006455380413 -1.144813538051954 0.9784942303248949
    vertex 2.571575797767231 -1.162538055885071 1.145064414895507
    vertex 2.372084139038687 -1.159693900061346 1.144161362812026
  endloop
endfacet
facet normal 0.209666 -0.879559 -0.427102
  outer loop
    vertex 5.626406130735141 -1.014496382690759 0.8590279619795796
    vertex 5.433698451582242 -1.052579770866057 0.8428546100300572
    vertex 5.529485488256567 -0.9598957003776896 0.6990065517169045
  endloop
endfacet
facet normal -0.0140246 -0.997188 -0.0736172
  outer loop
    vertex 0.3826869837674078 -1.13165226649962 1.14142531013473
    vertex 0.5846368784699851 -1.134679935186044 1.143963934194075
    vertex 0.4822150497241189 -1.145607595875431 1.311497594424157
  endloop
endfacet
facet normal -0.0139902 -0.996894 -0.0775011
  outer loop
    vertex 0.7825160254600227 -1.137447418822493 1.143758595333453
    vertex 0.9787312591989215 -1.140030422611469 1.141563647831361
    vertex 0.8786476232080314 -1.151836961057624 1.311497594424157
  endloop
endfacet
facet normal -0.0139446 -0.996582 -0.0814282
  outer loop
    vertex 1.176487167631404 -1.142781760587562 1.141317380369752
    vertex 1.374912751899065 -1.145555645615477 1.141285884776909
    vertex 1.275080196690355 -1.158066326240716 1.311497594424157
  endloop
endfacet
facet normal -0.0138848 -0.996245 -0.085453
  outer loop
    vertex 1.573299452653006 -1.148327480769879 1.141291960999294
    vertex 1.771551495500626 -1.151058960216964 1.140923629335387
    vertex 1.671512770171156 -1.164295691424705 1.311497594424157
  endloop
endfacet
facet normal -0.0138399 -0.995883 -0.0895896
  outer loop
    vertex 1.971451267982106 -1.153945937755925 1.142109886039097
    vertex 2.17202205746771 -1.156834551078574 1.143235357486579
    vertex 2.067945343572521 -1.170525056608367 1.311497594424157
  endloop
endfacet
facet normal -0.0134743 -0.994558 -0.103311
  outer loop
    vertex 3.257243064029413 -1.189213152163081 1.311497594424157
    vertex 3.164385909758018 -1.170669862534749 1.145095436615941
    vertex 3.360545334169156 -1.173206424853228 1.143930463591323
  endloop
endfacet
facet normal 0.187049 -0.918045 -0.349579
  outer loop
    vertex 5.053873381163217 -0.9819608573324139 0.4874010958370131
    vertex 4.949749502819258 -1.059180369185733 0.6344770486345943
    vertex 4.8617661928777 -1.01234518671803 0.46440396734594
  endloop
endfacet
facet normal -0.0108393 -0.99379 -0.11074
  outer loop
    vertex 3.360545334169156 -1.173206424853228 1.143930463591323
    vertex 3.26765743063909 -1.153657707186764 0.9775911932604715
    vertex 3.461710307017857 -1.155486740399731 0.9750111595173154
  endloop
endfacet
facet normal -0.0140073 -0.997328 -0.0716992
  outer loop
    vertex 0.2839987628842742 -1.142492913283141 1.311497594424157
    vertex 0.1850814358291247 -1.128792154164882 1.140246173562572
    vertex 0.3826869837674078 -1.13165226649962 1.14142531013473
  endloop
endfacet
facet normal 0.132337 -0.932178 -0.336942
  outer loop
    vertex 5.234044470630296 -1.081600836323344 0.8224012596966316
    vertex 5.039126042074372 -1.103260804811212 0.8057691516552661
    vertex 5.143361601660173 -1.033937175654133 0.6549192714774263
  endloop
endfacet
facet normal -0.012065 -0.996768 -0.0794208
  outer loop
    vertex 0.7008193350288667 -1.123364059616796 0.9758682169892554
    vertex 0.7933415286158165 -1.111268636779026 0.810009886678887
    vertex 0.8877037125281292 -1.125462022593303 0.9738087033883791
  endloop
endfacet
facet normal -0.00944152 -0.995629 -0.0929187
  outer loop
    vertex 1.374344618049013 -1.116229838049654 0.8022439638819983
    vertex 1.476725155379411 -1.102471027357008 0.6444145435502748
    vertex 1.572755614320799 -1.117855150932229 0.7994986344279664
  endloop
endfacet
facet normal -0.0137676 -0.995486 -0.0938999
  outer loop
    vertex 2.372084139038687 -1.159693900061346 1.144161362812026
    vertex 2.571575797767231 -1.162538055885071 1.145064414895507
    vertex 2.464377917064986 -1.176754421794293 1.311497594424154
  endloop
endfacet
facet normal -0.0137166 -0.995273 -0.0961387
  outer loop
    vertex 2.662594203789616 -1.179869104386232 1.311497594424155
    vertex 2.571575797767231 -1.162538055885071 1.145064414895507
    vertex 2.770147423199592 -1.165322085176914 1.145554736012131
  endloop
endfacet
facet normal -0.0136395 -0.995048 -0.0984535
  outer loop
    vertex 2.860810490526324 -1.182983786978358 1.311497594424156
    vertex 2.770147423199592 -1.165322085176914 1.145554736012131
    vertex 2.967729995278972 -1.167963153863778 1.144874897148154
  endloop
endfacet
facet normal -0.00903595 -0.994261 -0.106596
  outer loop
    vertex 2.184107097410179 -1.124489874711178 0.8092355168812855
    vertex 2.296795077824915 -1.10879966191508 0.6533344653653298
    vertex 2.387575524629477 -1.126753000185263 0.8130968983131539
  endloop
endfacet
facet normal -0.0118255 -0.995831 -0.0904508
  outer loop
    vertex 1.473666109168149 -1.132241421955446 0.9708411871072484
    vertex 1.572755614320799 -1.117855150932229 0.7994986344279664
    vertex 1.673210577178481 -1.134647366909017 0.9712414393421734
  endloop
endfacet
facet normal -0.0115481 -0.994701 -0.102159
  outer loop
    vertex 2.27866278765029 -1.142256100401113 0.9763594656255372
    vertex 2.387575524629477 -1.126753000185263 0.8130968983131539
    vertex 2.48006455380413 -1.144813538051954 0.9784942303248949
  endloop
endfacet
facet normal -0.0105771 -0.992188 -0.124304
  outer loop
    vertex 3.651554129742241 -1.157236646532908 0.9725796923773355
    vertex 3.757247339999114 -1.137438603732445 0.8055587875855243
    vertex 3.838289860219295 -1.1589379888941 0.9702702838189436
  endloop
endfacet
facet normal -0.0140227 -0.996948 -0.0768046
  outer loop
    vertex 0.5846368784699851 -1.134679935186044 1.143963934194075
    vertex 0.7008193350288667 -1.123364059616796 0.9758682169892554
    vertex 0.7825160254600227 -1.137447418822493 1.143758595333453
  endloop
endfacet
facet normal -0.0131298 -0.992902 -0.11821
  outer loop
    vertex 3.752404393203616 -1.178198610833875 1.141589367612082
    vertex 3.838289860219295 -1.1589379888941 0.9702702838189436
    vertex 3.947627813010373 -1.180799814361055 1.141754332761474
  endloop
endfacet
facet normal -0.0139163 -0.996208 -0.0858813
  outer loop
    vertex 1.374912751899065 -1.145555645615477 1.141285884776909
    vertex 1.473666109168149 -1.132241421955446 0.9708411871072484
    vertex 1.573299452653006 -1.148327480769879 1.141291960999294
  endloop
endfacet
facet normal -0.013782 -0.995309 -0.0957585
  outer loop
    vertex 2.17202205746771 -1.156834551078574 1.143235357486579
    vertex 2.27866278765029 -1.142256100401113 0.9763594656255372
    vertex 2.372084139038687 -1.159693900061346 1.144161362812026
  endloop
endfacet
facet normal -0.008838 -0.993521 -0.113309
  outer loop
    vertex 2.587169019456188 -1.128737172113108 0.814765081313646
    vertex 2.693193241223157 -1.111516727446111 0.65550182750051
    vertex 2.785844992552068 -1.130515639640647 0.8148625604928754
  endloop
endfacet
facet normal 0.234985 -0.880808 -0.411047
  outer loop
    vertex 5.433698451582242 -1.052579770866057 0.8428546100300572
    vertex 5.339355882662097 -1.000189761543578 0.6766580953740657
    vertex 5.529485488256567 -0.9598957003776896 0.6990065517169045
  endloop
endfacet
facet normal -0.0152228 -0.992316 -0.12279
  outer loop
    vertex 4.446542090584159 -1.207891439321277 1.311497594424156
    vertex 4.545973195397365 -1.188359062125544 1.14132211692564
    vertex 4.644758370949101 -1.210932219957389 1.311497594424154
  endloop
endfacet
facet normal -0.00695613 -0.991998 -0.12606
  outer loop
    vertex 3.757247339999114 -1.137438603732445 0.8055587875855243
    vertex 3.951345078971493 -1.138269676479644 0.8013882036190585
    vertex 3.838289860219295 -1.1589379888941 0.9702702838189436
  endloop
endfacet
facet normal -0.00939096 -0.995982 -0.0890556
  outer loop
    vertex 1.473666109168149 -1.132241421955446 0.9708411871072484
    vertex 1.374344618049013 -1.116229838049654 0.8022439638819983
    vertex 1.572755614320799 -1.117855150932229 0.7994986344279664
  endloop
endfacet
facet normal -0.00934249 -0.995725 -0.0918928
  outer loop
    vertex 1.572755614320799 -1.117855150932229 0.7994986344279664
    vertex 1.770292633252606 -1.119929571520909 0.8018934320867454
    vertex 1.673210577178481 -1.134647366909017 0.9712414393421734
  endloop
endfacet
facet normal -0.00902168 -0.994582 -0.103558
  outer loop
    vertex 2.387575524629477 -1.126753000185263 0.8130968983131539
    vertex 2.587169019456188 -1.128737172113108 0.814765081313646
    vertex 2.48006455380413 -1.144813538051954 0.9784942303248949
  endloop
endfacet
facet normal -0.00915705 -0.994887 -0.100581
  outer loop
    vertex 2.27866278765029 -1.142256100401113 0.9763594656255372
    vertex 2.184107097410179 -1.124489874711178 0.8092355168812855
    vertex 2.387575524629477 -1.126753000185263 0.8130968983131539
  endloop
endfacet
facet normal -0.0120481 -0.996899 -0.0777614
  outer loop
    vertex 0.7008193350288667 -1.123364059616796 0.9758682169892554
    vertex 0.8877037125281292 -1.125462022593303 0.9738087033883791
    vertex 0.7825160254600227 -1.137447418822493 1.143758595333453
  endloop
endfacet
facet normal -0.00783052 -0.992426 -0.122594
  outer loop
    vertex 3.651554129742241 -1.157236646532908 0.9725796923773355
    vertex 3.563144198447637 -1.136495834282552 0.8103249301543068
    vertex 3.757247339999114 -1.137438603732445 0.8055587875855243
  endloop
endfacet
facet normal -0.0118358 -0.99613 -0.08709
  outer loop
    vertex 1.473666109168149 -1.132241421955446 0.9708411871072484
    vertex 1.673210577178481 -1.134647366909017 0.9712414393421734
    vertex 1.573299452653006 -1.148327480769879 1.141291960999294
  endloop
endfacet
facet normal -0.0116098 -0.995221 -0.0969587
  outer loop
    vertex 2.27866278765029 -1.142256100401113 0.9763594656255372
    vertex 2.48006455380413 -1.144813538051954 0.9784942303248949
    vertex 2.372084139038687 -1.159693900061346 1.144161362812026
  endloop
endfacet
facet normal -0.00966707 -0.996684 -0.0807949
  outer loop
    vertex 0.7933415286158165 -1.111268636779026 0.810009886678887
    vertex 0.9870510355938193 -1.112570687659194 0.8028947058937328
    vertex 0.8877037125281292 -1.125462022593303 0.9738087033883791
  endloop
endfacet
facet normal -0.0104938 -0.993087 -0.116909
  outer loop
    vertex 3.752404393203616 -1.178198610833875 1.141589367612082
    vertex 3.651554129742241 -1.157236646532908 0.9725796923773355
    vertex 3.838289860219295 -1.1589379888941 0.9702702838189436
  endloop
endfacet
facet normal 0.392037 -0.695267 -0.602421
  outer loop
    vertex 6.959920327151768 -0.8035625695216879 1.311497594424156
    vertex 6.825323549283135 -0.7621871321852318 1.176153905224724
    vertex 6.993357373662936 -0.6673240864985792 1.176021681520543
  endloop
endfacet
facet normal 0.257969 -0.852218 -0.455165
  outer loop
    vertex 6.218863376124595 -1.081580800747266 1.311497594424157
    vertex 6.07967872300981 -1.044366750441293 1.162936495721528
    vertex 6.267062269092889 -0.9901842623269954 1.167690596833976
  endloop
endfacet
facet normal -0.0131461 -0.993692 -0.111368
  outer loop
    vertex 3.752404393203616 -1.178198610833875 1.141589367612082
    vertex 3.947627813010373 -1.180799814361055 1.141754332761474
    vertex 3.851891924208215 -1.198557199941861 1.311497594424157
  endloop
endfacet
facet normal 0.187296 -0.90855 -0.373441
  outer loop
    vertex 5.831448175687164 -1.165167671625201 1.311497594424156
    vertex 5.715641809813713 -1.126676100654079 1.15976932760403
    vertex 5.895362334911237 -1.089482074291825 1.159416532232832
  endloop
endfacet
facet normal -0.0140228 -0.997043 -0.0755521
  outer loop
    vertex 0.6804313363877275 -1.148722278465181 1.311497594424157
    vertex 0.5846368784699851 -1.134679935186044 1.143963934194075
    vertex 0.7825160254600227 -1.137447418822493 1.143758595333453
  endloop
endfacet
facet normal -0.0139664 -0.996741 -0.0794546
  outer loop
    vertex 1.076863909889657 -1.154951643648118 1.311497594424157
    vertex 0.9787312591989215 -1.140030422611469 1.141563647831361
    vertex 1.176487167631404 -1.142781760587562 1.141317380369752
  endloop
endfacet
facet normal -0.0139193 -0.996417 -0.0834252
  outer loop
    vertex 1.47329648339027 -1.161181008831959 1.311497594424157
    vertex 1.374912751899065 -1.145555645615477 1.141285884776909
    vertex 1.573299452653006 -1.148327480769879 1.141291960999294
  endloop
endfacet
facet normal -0.0138661 -0.996068 -0.0875033
  outer loop
    vertex 1.869729056886149 -1.167410374016644 1.311497594424157
    vertex 1.771551495500626 -1.151058960216964 1.140923629335387
    vertex 1.971451267982106 -1.153945937755925 1.142109886039097
  endloop
endfacet
facet normal -0.0138062 -0.995689 -0.0917201
  outer loop
    vertex 2.266161630286591 -1.173639739200755 1.311497594424157
    vertex 2.17202205746771 -1.156834551078574 1.143235357486579
    vertex 2.372084139038687 -1.159693900061346 1.144161362812026
  endloop
endfacet
facet normal -0.0135792 -0.99481 -0.100835
  outer loop
    vertex 2.967729995278972 -1.167963153863778 1.144874897148154
    vertex 3.164385909758018 -1.170669862534749 1.145095436615941
    vertex 3.059026777293393 -1.186098469570963 1.311497594424155
  endloop
endfacet
facet normal 0.383152 -0.696892 -0.606248
  outer loop
    vertex 6.959920327151768 -0.8035625695216879 1.311497594424156
    vertex 6.993357373662936 -0.6673240864985792 1.176021681520543
    vertex 7.133601571777474 -0.7080723590968269 1.311497594424155
  endloop
endfacet
facet normal 0.460924 -0.587648 -0.664996
  outer loop
    vertex 7.299217717390347 -0.5992364664025223 1.311497594424157
    vertex 7.148447305803558 -0.5682429696024172 1.179606568393297
    vertex 7.301754038814003 -0.4510235915395889 1.18228183120669
  endloop
endfacet
facet normal 0.315491 -0.782099 -0.537389
  outer loop
    vertex 6.596764789696481 -0.9621434666814406 1.311497594424155
    vertex 6.639208183603583 -0.851399586587453 1.175242181838918
    vertex 6.78058773844537 -0.887990971932534 1.311497594424154
  endloop
endfacet
facet normal 0.247101 -0.853162 -0.459408
  outer loop
    vertex 6.218863376124595 -1.081580800747266 1.311497594424157
    vertex 6.267062269092889 -0.9901842623269954 1.167690596833976
    vertex 6.409261732759357 -1.026435755851892 1.311497594424155
  endloop
endfacet
facet normal -0.0146146 -0.991605 -0.128478
  outer loop
    vertex 4.644758370949101 -1.210932219957389 1.311497594424154
    vertex 4.746076597820103 -1.190367246434499 1.14124962393593
    vertex 4.842979465120324 -1.213853674760839 1.311497594424157
  endloop
endfacet
facet normal 0.0341141 -0.973388 -0.226612
  outer loop
    vertex 5.239438863209127 -1.215496118566457 1.311497594424157
    vertex 5.32841818357833 -1.172764879687842 1.141344746473646
    vertex 5.437545063910101 -1.208553126275206 1.311497594424157
  endloop
endfacet
facet normal 0.173417 -0.90883 -0.379413
  outer loop
    vertex 5.831448175687164 -1.165167671625201 1.311497594424156
    vertex 5.895362334911237 -1.089482074291825 1.159416532232832
    vertex 6.026155638447094 -1.128014916768806 1.311497594424157
  endloop
endfacet
facet normal -0.0156701 -0.997234 -0.072658
  outer loop
    vertex 0.2839987628842742 -1.142492913283141 1.311497594424157
    vertex 0.3826869837674078 -1.13165226649962 1.14142531013473
    vertex 0.4822150497241189 -1.145607595875431 1.311497594424157
  endloop
endfacet
facet normal -0.0156723 -0.997372 -0.070741
  outer loop
    vertex 0.08578247623866982 -1.139378230694133 1.311497594424157
    vertex 0.1850814358291247 -1.128792154164882 1.140246173562572
    vertex 0.2839987628842742 -1.142492913283141 1.311497594424157
  endloop
endfacet
facet normal -0.0117298 -0.989438 -0.144478
  outer loop
    vertex 4.842979465120324 -1.213853674760839 1.311497594424157
    vertex 4.945932679379905 -1.1908271098155 1.14544465157792
    vertex 5.041203927426932 -1.2162036249673 1.311497594424157
  endloop
endfacet
facet normal -0.0156655 -0.996943 -0.0765451
  outer loop
    vertex 0.6804313363877275 -1.148722278465181 1.311497594424157
    vertex 0.7825160254600227 -1.137447418822493 1.143758595333453
    vertex 0.8786476232080314 -1.151836961057624 1.311497594424157
  endloop
endfacet
facet normal -0.0156607 -0.996637 -0.080439
  outer loop
    vertex 1.076863909889657 -1.154951643648118 1.311497594424157
    vertex 1.176487167631404 -1.142781760587562 1.141317380369752
    vertex 1.275080196690355 -1.158066326240716 1.311497594424157
  endloop
endfacet
facet normal -0.0156555 -0.996306 -0.0844369
  outer loop
    vertex 1.47329648339027 -1.161181008831959 1.311497594424157
    vertex 1.573299452653006 -1.148327480769879 1.141291960999294
    vertex 1.671512770171156 -1.164295691424705 1.311497594424157
  endloop
endfacet
facet normal -0.0156499 -0.995947 -0.0885649
  outer loop
    vertex 1.869729056886149 -1.167410374016644 1.311497594424157
    vertex 1.971451267982106 -1.153945937755925 1.142109886039097
    vertex 2.067945343572521 -1.170525056608367 1.311497594424157
  endloop
endfacet
facet normal -0.0156437 -0.995555 -0.0928721
  outer loop
    vertex 2.266161630286591 -1.173639739200755 1.311497594424157
    vertex 2.372084139038687 -1.159693900061346 1.144161362812026
    vertex 2.464377917064986 -1.176754421794293 1.311497594424154
  endloop
endfacet
facet normal -0.0156404 -0.995345 -0.0950941
  outer loop
    vertex 2.464377917064986 -1.176754421794293 1.311497594424154
    vertex 2.571575797767231 -1.162538055885071 1.145064414895507
    vertex 2.662594203789616 -1.179869104386232 1.311497594424155
  endloop
endfacet
facet normal -0.015637 -0.995125 -0.0973703
  outer loop
    vertex 2.662594203789616 -1.179869104386232 1.311497594424155
    vertex 2.770147423199592 -1.165322085176914 1.145554736012131
    vertex 2.860810490526324 -1.182983786978358 1.311497594424156
  endloop
endfacet
facet normal -0.0156333 -0.994893 -0.0997189
  outer loop
    vertex 2.860810490526324 -1.182983786978358 1.311497594424156
    vertex 2.967729995278972 -1.167963153863778 1.144874897148154
    vertex 3.059026777293393 -1.186098469570963 1.311497594424155
  endloop
endfacet
facet normal -0.0156254 -0.994389 -0.104621
  outer loop
    vertex 3.257243064029413 -1.189213152163081 1.311497594424157
    vertex 3.360545334169156 -1.173206424853228 1.143930463591323
    vertex 3.4554593508675 -1.192327834756801 1.311497594424154
  endloop
endfacet
facet normal -0.0156164 -0.993816 -0.109936
  outer loop
    vertex 3.653675636892324 -1.19544251733832 1.311497594424157
    vertex 3.752404393203616 -1.178198610833875 1.141589367612082
    vertex 3.851891924208215 -1.198557199941861 1.311497594424157
  endloop
endfacet
facet normal -0.00900675 -0.997504 -0.0700303
  outer loop
    vertex 0.1016146449727802 -1.092769992094698 0.6437505224460798
    vertex 0.2614714422832223 -1.101883449548552 0.753002117458182
    vertex 0.09656308615951981 -1.106653679384717 0.8421579888401367
  endloop
endfacet
facet normal -0.00845536 -0.99751 -0.0700167
  outer loop
    vertex -0.06129102618548414 -1.096993716001538 0.7235976897140584
    vertex 0.1016146449727802 -1.092769992094698 0.6437505224460798
    vertex 0.09656308615951981 -1.106653679384717 0.8421579888401367
  endloop
endfacet
facet normal -0.0115034 -0.994966 -0.0995532
  outer loop
    vertex 2.678733483424238 -1.147175847645297 0.9791476503506975
    vertex 2.571575797767231 -1.162538055885071 1.145064414895507
    vertex 2.48006455380413 -1.144813538051954 0.9784942303248949
  endloop
endfacet
facet normal -0.0156114 -0.993502 -0.112738
  outer loop
    vertex 3.851891924208215 -1.198557199941861 1.311497594424157
    vertex 3.947627813010373 -1.180799814361055 1.141754332761474
    vertex 4.050108210936058 -1.201671882536161 1.311497594424155
  endloop
endfacet
facet normal -0.0156678 -0.997089 -0.0746153
  outer loop
    vertex 0.4822150497241189 -1.145607595875431 1.311497594424157
    vertex 0.5846368784699851 -1.134679935186044 1.143963934194075
    vertex 0.6804313363877275 -1.148722278465181 1.311497594424157
  endloop
endfacet
facet normal -0.0156632 -0.996793 -0.0784793
  outer loop
    vertex 0.8786476232080314 -1.151836961057624 1.311497594424157
    vertex 0.9787312591989215 -1.140030422611469 1.141563647831361
    vertex 1.076863909889657 -1.154951643648118 1.311497594424157
  endloop
endfacet
facet normal -0.0156582 -0.996474 -0.0824254
  outer loop
    vertex 1.275080196690355 -1.158066326240716 1.311497594424157
    vertex 1.374912751899065 -1.145555645615477 1.141285884776909
    vertex 1.47329648339027 -1.161181008831959 1.311497594424157
  endloop
endfacet
facet normal -0.0156528 -0.996131 -0.0864809
  outer loop
    vertex 1.671512770171156 -1.164295691424705 1.311497594424157
    vertex 1.771551495500626 -1.151058960216964 1.140923629335387
    vertex 1.869729056886149 -1.167410374016644 1.311497594424157
  endloop
endfacet
facet normal -0.0156469 -0.995756 -0.0906969
  outer loop
    vertex 2.067945343572521 -1.170525056608367 1.311497594424157
    vertex 2.17202205746771 -1.156834551078574 1.143235357486579
    vertex 2.266161630286591 -1.173639739200755 1.311497594424157
  endloop
endfacet
facet normal -0.0156295 -0.994649 -0.102119
  outer loop
    vertex 3.059026777293393 -1.186098469570963 1.311497594424155
    vertex 3.164385909758018 -1.170669862534749 1.145095436615941
    vertex 3.257243064029413 -1.189213152163081 1.311497594424157
  endloop
endfacet
facet normal -0.00884794 -0.994263 -0.106597
  outer loop
    vertex 2.587169019456188 -1.128737172113108 0.814765081313646
    vertex 2.785844992552068 -1.130515639640647 0.8148625604928754
    vertex 2.678733483424238 -1.147175847645297 0.9791476503506975
  endloop
endfacet
facet normal -0.00710492 -0.997709 -0.067272
  outer loop
    vertex -0.0441716260346386 -1.083902567995457 0.5276352128559298
    vertex 0.1016146449727802 -1.092769992094698 0.6437505224460798
    vertex -0.06129102618548414 -1.096993716001538 0.7235976897140584
  endloop
endfacet
facet normal -0.0103235 -0.997663 -0.0675419
  outer loop
    vertex -0.06129102618548414 -1.096993716001538 0.7235976897140584
    vertex 0.09656308615951981 -1.106653679384717 0.8421579888401367
    vertex -0.07840885496396999 -1.110083275555435 0.9195604099520059
  endloop
endfacet
facet normal 0.0637333 -0.964365 -0.256785
  outer loop
    vertex 4.839168755988482 -1.11785744528726 0.7874116695405236
    vertex 4.64933357421067 -1.126127139448515 0.7713521987375976
    vertex 4.753664442825899 -1.077650811022247 0.6151921972477999
  endloop
endfacet
facet normal -0.0135648 -0.994226 -0.106443
  outer loop
    vertex 2.967729995278972 -1.167963153863778 1.144874897148154
    vertex 3.073647282379152 -1.151564497157113 0.9782061098756596
    vertex 3.164385909758018 -1.170669862534749 1.145095436615941
  endloop
endfacet
facet normal -0.0114782 -0.99439 -0.105147
  outer loop
    vertex 2.587169019456188 -1.128737172113108 0.814765081313646
    vertex 2.678733483424238 -1.147175847645297 0.9791476503506975
    vertex 2.48006455380413 -1.144813538051954 0.9784942303248949
  endloop
endfacet
facet normal -0.00959796 -0.996219 -0.0863412
  outer loop
    vertex 0.9870510355938193 -1.112570687659194 0.8028947058937328
    vertex 1.075651088623438 -1.098373185513381 0.6292323787299026
    vertex 1.173658665318907 -1.114055592972147 0.7992838981995931
  endloop
endfacet
facet normal -0.0102144 -0.997321 -0.0724334
  outer loop
    vertex 0.2614714422832223 -1.101883449548552 0.753002117458182
    vertex 0.4453383933539048 -1.109646603555023 0.8339629858954594
    vertex 0.2795094060224992 -1.117124148223143 0.9603044460279264
  endloop
endfacet
facet normal -0.00922054 -0.994991 -0.0995366
  outer loop
    vertex 1.770292633252606 -1.119929571520909 0.8018934320867454
    vertex 1.858455139360777 -1.104206494614423 0.6365549262499556
    vertex 1.972928950477163 -1.121791011557817 0.801729676162185
  endloop
endfacet
facet normal -0.0103069 -0.997321 -0.0724254
  outer loop
    vertex 0.2614714422832223 -1.101883449548552 0.753002117458182
    vertex 0.2795094060224992 -1.117124148223143 0.9603044460279264
    vertex 0.09656308615951981 -1.106653679384717 0.8421579888401367
  endloop
endfacet
facet normal 0.0497297 -0.977411 -0.205412
  outer loop
    vertex 4.279363948262178 -1.061988782983433 0.4066788027809049
    vertex 4.163929961073584 -1.099286610249602 0.5562066780687628
    vertex 4.084314169803507 -1.068425413506254 0.3900851358064725
  endloop
endfacet
facet normal -0.010925 -0.992982 -0.117761
  outer loop
    vertex 3.461710307017857 -1.155486740399731 0.9750111595173154
    vertex 3.26765743063909 -1.153657707186764 0.9775911932604715
    vertex 3.36944428711492 -1.135259223523086 0.813008879361194
  endloop
endfacet
facet normal -1.95137e-08 -0.996831 -0.0795531
  outer loop
    vertex 0.5605400559134065 -1.070809154995095 0.331669890137703
    vertex 0.4758737130184056 -1.084192383802491 0.4993669632015282
    vertex 0.3646768148578919 -1.070809151342916 0.3316698924179987
  endloop
endfacet
facet normal 0.074338 -0.969398 -0.233967
  outer loop
    vertex 4.474132124468719 -1.05131434003501 0.4243346670493071
    vertex 4.365218331639903 -1.096760955569615 0.5780290531265139
    vertex 4.279363948262178 -1.061988782983433 0.4066788027809049
  endloop
endfacet
facet normal -0.00799284 -0.992813 -0.11941
  outer loop
    vertex 3.461710307017857 -1.155486740399731 0.9750111595173154
    vertex 3.36944428711492 -1.135259223523086 0.813008879361194
    vertex 3.563144198447637 -1.136495834282552 0.8103249301543068
  endloop
endfacet
facet normal -6.94855e-09 -0.994624 -0.103555
  outer loop
    vertex 1.539856245740948 -1.070809170300826 0.3316698619498774
    vertex 1.46794151409148 -1.087012287170427 0.4872975439418034
    vertex 1.343993006925668 -1.07080917284005 0.3316698994810738
  endloop
endfacet
facet normal 2.16187e-07 -0.992344 -0.123505
  outer loop
    vertex 2.519172219123868 -1.070809007261717 0.3316688179696368
    vertex 2.410533773108268 -1.090464726735883 0.4895991829666549
    vertex 2.323309205753023 -1.070809163728377 0.3316697323097885
  endloop
endfacet
facet normal -0.000168488 -0.991444 -0.130536
  outer loop
    vertex 2.910897291404156 -1.07091635532519 0.3322312339361436
    vertex 2.801718475227174 -1.092330374937698 0.4950157618491192
    vertex 2.715035689220752 -1.070809051308874 0.3316690455794653
  endloop
endfacet
facet normal -2.35736e-09 -0.993289 -0.115661
  outer loop
    vertex 2.127445960038701 -1.070809183642387 0.3316698687883969
    vertex 2.00934504519292 -1.087946339126196 0.4788430731181577
    vertex 1.93158272318361 -1.07080919023236 0.3316699293748501
  endloop
endfacet
facet normal -1.39544e-08 -0.99425 -0.107083
  outer loop
    vertex 1.735719492650095 -1.070809170987241 0.3316698427993574
    vertex 1.640230806428082 -1.089365702706471 0.5039646950094308
    vertex 1.539856245740948 -1.070809170300826 0.3316698619498774
  endloop
endfacet
facet normal -1.88323e-08 -0.995099 -0.0988855
  outer loop
    vertex 1.343993006925668 -1.07080917284005 0.3316698994810738
    vertex 1.281370814391884 -1.088129286178293 0.5059647559564957
    vertex 1.14812977387416 -1.07080916958137 0.3316699039897163
  endloop
endfacet
facet normal -2.27771e-08 -0.996047 -0.0888236
  outer loop
    vertex 0.9522665304921444 -1.070809163623751 0.3316698931282963
    vertex 0.8543349063782355 -1.085875646121837 0.5006219750516012
    vertex 0.7564032915670102 -1.070809158703655 0.3316698881807832
  endloop
endfacet
facet normal 0.000786973 -0.990547 -0.13717
  outer loop
    vertex 3.302513914775203 -1.072005930509045 0.3408930480495057
    vertex 3.189061955626333 -1.094405036291234 0.501993632965717
    vertex 3.106735889718224 -1.071374324979662 0.3352087882728159
  endloop
endfacet
facet normal 0.00788383 -0.988611 -0.150287
  outer loop
    vertex 3.693714966020766 -1.072790391235723 0.3608877532412661
    vertex 3.579227984976048 -1.097104910608978 0.5148263766629559
    vertex 3.498186358997348 -1.072614437961156 0.3494731871113335
  endloop
endfacet
facet normal 0.0308952 -0.98289 -0.181585
  outer loop
    vertex 4.084314169803507 -1.068425413506254 0.3900851358064725
    vertex 3.968298160446934 -1.099492048663103 0.5385047419978394
    vertex 3.88908963648147 -1.071710232358344 0.3746494488503067
  endloop
endfacet
facet normal -0.0113747 -0.994697 -0.10222
  outer loop
    vertex 2.877581258203368 -1.149425709488996 0.9789138137448453
    vertex 2.770147423199592 -1.165322085176914 1.145554736012131
    vertex 2.678733483424238 -1.147175847645297 0.9791476503506975
  endloop
endfacet
facet normal 0.144139 -0.941559 -0.30445
  outer loop
    vertex 4.8617661928777 -1.01234518671803 0.46440396734594
    vertex 4.753664442825899 -1.077650811022247 0.6151921972477999
    vertex 4.66838248498067 -1.035173234685239 0.4434479123077804
  endloop
endfacet
facet normal 0.0356471 -0.97577 -0.215874
  outer loop
    vertex 4.365218331639903 -1.096760955569615 0.5780290531265139
    vertex 4.163929961073584 -1.099286610249602 0.5562066780687628
    vertex 4.279363948262178 -1.061988782983433 0.4066788027809049
  endloop
endfacet
facet normal 0.226483 -0.889454 -0.39696
  outer loop
    vertex 5.244508618038401 -0.9444050423796255 0.5120168635012787
    vertex 5.143361601660173 -1.033937175654133 0.6549192714774263
    vertex 5.053873381163217 -0.9819608573324139 0.4874010958370131
  endloop
endfacet
facet normal 0.209921 -0.899044 -0.384257
  outer loop
    vertex 5.626406130735141 -1.014496382690759 0.8590279619795796
    vertex 5.523104608950295 -1.099728038533815 1.002009976830674
    vertex 5.433698451582242 -1.052579770866057 0.8428546100300572
  endloop
endfacet
facet normal 0.287402 -0.830452 -0.47723
  outer loop
    vertex 5.621195522505005 -0.8504730543600352 0.5638251765639775
    vertex 5.529485488256567 -0.9598957003776896 0.6990065517169045
    vertex 5.433614512451141 -0.9003636151879236 0.5376753701783172
  endloop
endfacet
facet normal 0.0141014 -0.981343 -0.191745
  outer loop
    vertex 4.729449271918269 -1.15877727031975 0.9443460557533461
    vertex 4.533054360534761 -1.158682457550024 0.9294174294399484
    vertex 4.64933357421067 -1.126127139448515 0.7713521987375976
  endloop
endfacet
facet normal 0.130482 -0.945759 -0.297515
  outer loop
    vertex 5.234044470630296 -1.081600836323344 0.8224012596966316
    vertex 5.128541107273254 -1.144547696692711 0.9762295824094998
    vertex 5.039126042074372 -1.103260804811212 0.8057691516552661
  endloop
endfacet
facet normal 0.336185 -0.774941 -0.535207
  outer loop
    vertex 5.991203376025029 -0.7335379638012942 0.6169202367009767
    vertex 5.909823349991693 -0.8580772741275122 0.7461262571959558
    vertex 5.80715022469429 -0.7949406069465532 0.5902157845835529
  endloop
endfacet
facet normal 0.385203 -0.71308 -0.585778
  outer loop
    vertex 6.352187001568654 -0.5919145440860671 0.6718722119823735
    vertex 6.282450401938115 -0.730360743954527 0.7945475454085948
    vertex 6.172989461783682 -0.6659170886548613 0.6441183483636915
  endloop
endfacet
facet normal 0.425074 -0.658787 -0.620735
  outer loop
    vertex 6.702455224877047 -0.4258300061447134 0.727759394131485
    vertex 6.647252894897797 -0.5745807882912497 0.8478266141130795
    vertex 6.528665815296131 -0.5117481980098331 0.6999349697944705
  endloop
endfacet
facet normal 0.158356 -0.915928 -0.368781
  outer loop
    vertex 5.143361601660173 -1.033937175654133 0.6549192714774263
    vertex 4.949749502819258 -1.059180369185733 0.6344770486345943
    vertex 5.053873381163217 -0.9819608573324139 0.4874010958370131
  endloop
endfacet
facet normal -0.00436959 -0.995927 -0.0900568
  outer loop
    vertex 1.075651088623438 -1.098373185513381 0.6292323787299026
    vertex 1.050198144430594 -1.083373859619348 0.4645916589493978
    vertex 1.281370814391884 -1.088129286178293 0.5059647559564957
  endloop
endfacet
facet normal 0.294403 -0.802556 -0.518875
  outer loop
    vertex 5.909823349991693 -0.8580772741275122 0.7461262571959558
    vertex 5.718944556073779 -0.9126992352029857 0.7223091641499604
    vertex 5.80715022469429 -0.7949406069465532 0.5902157845835529
  endloop
endfacet
facet normal 0.345543 -0.744999 -0.570593
  outer loop
    vertex 6.282450401938115 -0.730360743954527 0.7945475454085948
    vertex 6.097178893191481 -0.7977286482345167 0.770309125629749
    vertex 6.172989461783682 -0.6659170886548613 0.6441183483636915
  endloop
endfacet
facet normal 0.0604311 -0.975383 -0.212076
  outer loop
    vertex 4.839168755988482 -1.11785744528726 0.7874116695405236
    vertex 4.729449271918269 -1.15877727031975 0.9443460557533461
    vertex 4.64933357421067 -1.126127139448515 0.7713521987375976
  endloop
endfacet
facet normal 0.400043 -0.683114 -0.611
  outer loop
    vertex 6.647252894897797 -0.5745807882912497 0.8478266141130795
    vertex 6.467178878554948 -0.655540975655128 0.8204412975617743
    vertex 6.528665815296131 -0.5117481980098331 0.6999349697944705
  endloop
endfacet
facet normal -0.00408241 -0.994945 -0.100337
  outer loop
    vertex 1.343993006925668 -1.07080917284005 0.3316698994810738
    vertex 1.46794151409148 -1.087012287170427 0.4872975439418034
    vertex 1.281370814391884 -1.088129286178293 0.5059647559564957
  endloop
endfacet
facet normal -0.00341513 -0.994454 -0.105115
  outer loop
    vertex 1.640230806428082 -1.089365702706471 0.5039646950094308
    vertex 1.46794151409148 -1.087012287170427 0.4872975439418034
    vertex 1.539856245740948 -1.070809170300826 0.3316698619498774
  endloop
endfacet
facet normal -0.0106997 -0.992589 -0.121051
  outer loop
    vertex 3.651554129742241 -1.157236646532908 0.9725796923773355
    vertex 3.461710307017857 -1.155486740399731 0.9750111595173154
    vertex 3.563144198447637 -1.136495834282552 0.8103249301543068
  endloop
endfacet
facet normal 0.483607 -0.585041 -0.651039
  outer loop
    vertex 7.161089161476562 -0.2812516640334748 0.9284938944455623
    vertex 7.139769777015633 -0.42310385981524 1.040129617730606
    vertex 6.999071477659536 -0.3848678357394454 0.9012557273481482
  endloop
endfacet
facet normal 0.495799 -0.61373 -0.614425
  outer loop
    vertex 7.161089161476562 -0.2812516640334748 0.9284938944455623
    vertex 6.999071477659536 -0.3848678357394454 0.9012557273481482
    vertex 7.039760915689057 -0.2350851838155032 0.7844760824148943
  endloop
endfacet
facet normal 0.0183225 -0.981399 -0.191101
  outer loop
    vertex 4.084314169803507 -1.068425413506254 0.3900851358064725
    vertex 4.163929961073584 -1.099286610249602 0.5562066780687628
    vertex 3.968298160446934 -1.099492048663103 0.5385047419978394
  endloop
endfacet
facet normal 0.0373045 -0.974377 -0.221806
  outer loop
    vertex 4.64933357421067 -1.126127139448515 0.7713521987375976
    vertex 4.464403762064852 -1.129531619918692 0.7552053551956075
    vertex 4.559179408260758 -1.089763823119631 0.5964480223168588
  endloop
endfacet
facet normal 0.072735 -0.959925 -0.270655
  outer loop
    vertex 5.128541107273254 -1.144547696692711 0.9762295824094998
    vertex 4.927763581901197 -1.152710448829931 0.9512238257796551
    vertex 5.039126042074372 -1.103260804811212 0.8057691516552661
  endloop
endfacet
facet normal -0.011974 -0.996718 -0.080061
  outer loop
    vertex 1.075392084416414 -1.127429993367403 0.9702381597989713
    vertex 0.9787312591989215 -1.140030422611469 1.141563647831361
    vertex 0.8877037125281292 -1.125462022593303 0.9738087033883791
  endloop
endfacet
facet normal -0.00863989 -0.993923 -0.109737
  outer loop
    vertex 2.785844992552068 -1.130515639640647 0.8148625604928754
    vertex 2.982435360720743 -1.13211915137671 0.8139080000502619
    vertex 2.877581258203368 -1.149425709488996 0.9789138137448453
  endloop
endfacet
facet normal 0.000596237 -0.990572 -0.136993
  outer loop
    vertex 4.842979465120324 -1.213853674760839 1.311497594424157
    vertex 4.746076597820103 -1.190367246434499 1.14124962393593
    vertex 4.945932679379905 -1.1908271098155 1.14544465157792
  endloop
endfacet
facet normal -0.0134035 -0.993589 -0.112255
  outer loop
    vertex 3.461710307017857 -1.155486740399731 0.9750111595173154
    vertex 3.556729570295877 -1.17562752170649 1.141935195888857
    vertex 3.360545334169156 -1.173206424853228 1.143930463591323
  endloop
endfacet
facet normal 0.235493 -0.857972 -0.456538
  outer loop
    vertex 5.529485488256567 -0.9598957003776896 0.6990065517169045
    vertex 5.339355882662097 -1.000189761543578 0.6766580953740657
    vertex 5.433614512451141 -0.9003636151879236 0.5376753701783172
  endloop
endfacet
facet normal -0.011764 -0.995917 -0.0895067
  outer loop
    vertex 1.872209123260474 -1.136980668746365 0.9710488045561096
    vertex 1.771551495500626 -1.151058960216964 1.140923629335387
    vertex 1.673210577178481 -1.134647366909017 0.9712414393421734
  endloop
endfacet
facet normal 0.105813 -0.958061 -0.266313
  outer loop
    vertex 4.66838248498067 -1.035173234685239 0.4434479123077804
    vertex 4.559179408260758 -1.089763823119631 0.5964480223168588
    vertex 4.474132124468719 -1.05131434003501 0.4243346670493071
  endloop
endfacet
facet normal -0.0119271 -0.99653 -0.0823754
  outer loop
    vertex 1.075392084416414 -1.127429993367403 0.9702381597989713
    vertex 1.274148294121678 -1.12978935059892 0.9700024536201706
    vertex 1.176487167631404 -1.142781760587562 1.141317380369752
  endloop
endfacet
facet normal 0.0836916 -0.966156 -0.244007
  outer loop
    vertex 4.64933357421067 -1.126127139448515 0.7713521987375976
    vertex 4.559179408260758 -1.089763823119631 0.5964480223168588
    vertex 4.753664442825899 -1.077650811022247 0.6151921972477999
  endloop
endfacet
facet normal 0.0010635 -0.987876 -0.155243
  outer loop
    vertex 3.693714966020766 -1.072790391235723 0.3608877532412661
    vertex 3.77397659508803 -1.098491606918157 0.5249846050949627
    vertex 3.579227984976048 -1.097104910608978 0.5148263766629559
  endloop
endfacet
facet normal -0.0117164 -0.995694 -0.0919524
  outer loop
    vertex 1.872209123260474 -1.136980668746365 0.9710488045561096
    vertex 2.074657735977739 -1.139534845393895 0.9729108584128933
    vertex 1.971451267982106 -1.153945937755925 1.142109886039097
  endloop
endfacet
facet normal 0.128723 -0.933372 -0.335032
  outer loop
    vertex 5.63508950672698 -1.192247808173307 1.311497594424157
    vertex 5.715641809813713 -1.126676100654079 1.15976932760403
    vertex 5.831448175687164 -1.165167671625201 1.311497594424156
  endloop
endfacet
facet normal 0.212573 -0.882207 -0.420147
  outer loop
    vertex 6.026155638447094 -1.128014916768806 1.311497594424157
    vertex 6.07967872300981 -1.044366750441293 1.162936495721528
    vertex 6.218863376124595 -1.081580800747266 1.311497594424157
  endloop
endfacet
facet normal -0.0113746 -0.994061 -0.108224
  outer loop
    vertex 2.785844992552068 -1.130515639640647 0.8148625604928754
    vertex 2.877581258203368 -1.149425709488996 0.9789138137448453
    vertex 2.678733483424238 -1.147175847645297 0.9791476503506975
  endloop
endfacet
facet normal -0.00954386 -0.996467 -0.0834433
  outer loop
    vertex 0.9870510355938193 -1.112570687659194 0.8028947058937328
    vertex 1.173658665318907 -1.114055592972147 0.7992838981995931
    vertex 1.075392084416414 -1.127429993367403 0.9702381597989713
  endloop
endfacet
facet normal -1.97078e-08 -0.996455 -0.0841227
  outer loop
    vertex 0.7564032915670102 -1.070809158703655 0.3316698881807832
    vertex 0.6607488504178778 -1.084888996245146 0.4984491870422605
    vertex 0.5605400559134065 -1.070809154995095 0.331669890137703
  endloop
endfacet
facet normal -0.00922096 -0.995455 -0.0947876
  outer loop
    vertex 1.770292633252606 -1.119929571520909 0.8018934320867454
    vertex 1.972928950477163 -1.121791011557817 0.801729676162185
    vertex 1.872209123260474 -1.136980668746365 0.9710488045561096
  endloop
endfacet
facet normal 0.0169204 -0.986516 -0.162786
  outer loop
    vertex 3.88908963648147 -1.071710232358344 0.3746494488503067
    vertex 3.77397659508803 -1.098491606918157 0.5249846050949627
    vertex 3.693714966020766 -1.072790391235723 0.3608877532412661
  endloop
endfacet
facet normal 0.461031 -0.617654 -0.637146
  outer loop
    vertex 7.139769777015633 -0.42310385981524 1.040129617730606
    vertex 6.959107822201908 -0.5350632744405539 1.017939032950497
    vertex 6.999071477659536 -0.3848678357394454 0.9012557273481482
  endloop
endfacet
facet normal -0.00312266 -0.991837 -0.12747
  outer loop
    vertex 3.189061955626333 -1.094405036291234 0.501993632965717
    vertex 3.085246850341913 -1.114192315796407 0.6585004027135617
    vertex 2.995387774647232 -1.093281367313224 0.4979949042469748
  endloop
endfacet
facet normal 0.0864917 -0.956254 -0.279459
  outer loop
    vertex 4.753664442825899 -1.077650811022247 0.6151921972477999
    vertex 4.559179408260758 -1.089763823119631 0.5964480223168588
    vertex 4.66838248498067 -1.035173234685239 0.4434479123077804
  endloop
endfacet
facet normal -0.00278124 -0.990199 -0.139634
  outer loop
    vertex 3.302513914775203 -1.072005930509045 0.3408930480495057
    vertex 3.38506234940427 -1.095659431028337 0.5069850943478124
    vertex 3.189061955626333 -1.094405036291234 0.501993632965717
  endloop
endfacet
facet normal -0.0120119 -0.996548 -0.0821476
  outer loop
    vertex 0.9870510355938193 -1.112570687659194 0.8028947058937328
    vertex 1.075392084416414 -1.127429993367403 0.9702381597989713
    vertex 0.8877037125281292 -1.125462022593303 0.9738087033883791
  endloop
endfacet
facet normal -0.000286799 -0.99104 -0.133566
  outer loop
    vertex 3.106735889718224 -1.071374324979662 0.3352087882728159
    vertex 2.995387774647232 -1.093281367313224 0.4979949042469748
    vertex 2.910897291404156 -1.07091635532519 0.3322312339361436
  endloop
endfacet
facet normal -0.00283223 -0.991207 -0.132291
  outer loop
    vertex 2.910897291404156 -1.07091635532519 0.3322312339361436
    vertex 2.995387774647232 -1.093281367313224 0.4979949042469748
    vertex 2.801718475227174 -1.092330374937698 0.4950157618491192
  endloop
endfacet
facet normal -2.06887e-08 -0.997194 -0.0748606
  outer loop
    vertex 0.3646768148578919 -1.070809151342916 0.3316698924179987
    vertex 0.2875717170364473 -1.083720446307257 0.5036572113536976
    vertex 0.1688135762963095 -1.070809147271277 0.3316698923103263
  endloop
endfacet
facet normal -0.0117636 -0.995572 -0.0932674
  outer loop
    vertex 1.770292633252606 -1.119929571520909 0.8018934320867454
    vertex 1.872209123260474 -1.136980668746365 0.9710488045561096
    vertex 1.673210577178481 -1.134647366909017 0.9712414393421734
  endloop
endfacet
facet normal -0.00614281 -0.994092 -0.108368
  outer loop
    vertex 2.00934504519292 -1.087946339126196 0.4788430731181577
    vertex 2.089178387974178 -1.107298415626648 0.6518394998801251
    vertex 1.858455139360777 -1.104206494614423 0.6365549262499556
  endloop
endfacet
facet normal -0.00295376 -0.990792 -0.135357
  outer loop
    vertex 3.189061955626333 -1.094405036291234 0.501993632965717
    vertex 2.995387774647232 -1.093281367313224 0.4979949042469748
    vertex 3.106735889718224 -1.071374324979662 0.3352087882728159
  endloop
endfacet
facet normal -0.0132546 -0.993244 -0.115281
  outer loop
    vertex 3.752404393203616 -1.178198610833875 1.141589367612082
    vertex 3.556729570295877 -1.17562752170649 1.141935195888857
    vertex 3.651554129742241 -1.157236646532908 0.9725796923773355
  endloop
endfacet
facet normal 0.00677899 -0.985361 -0.170346
  outer loop
    vertex 3.968298160446934 -1.099492048663103 0.5385047419978394
    vertex 3.77397659508803 -1.098491606918157 0.5249846050949627
    vertex 3.88908963648147 -1.071710232358344 0.3746494488503067
  endloop
endfacet
facet normal 0.00317197 -0.989785 -0.142534
  outer loop
    vertex 3.498186358997348 -1.072614437961156 0.3494731871113335
    vertex 3.38506234940427 -1.095659431028337 0.5069850943478124
    vertex 3.302513914775203 -1.072005930509045 0.3408930480495057
  endloop
endfacet
facet normal 0.34892 -0.741134 -0.573564
  outer loop
    vertex 6.78058773844537 -0.887990971932534 1.311497594424154
    vertex 6.825323549283135 -0.7621871321852318 1.176153905224724
    vertex 6.959920327151768 -0.8035625695216879 1.311497594424156
  endloop
endfacet
facet normal 0.324466 -0.780969 -0.533675
  outer loop
    vertex 6.596764789696481 -0.9621434666814406 1.311497594424155
    vertex 6.45343554827028 -0.926486527411039 1.172176122247563
    vertex 6.639208183603583 -0.851399586587453 1.175242181838918
  endloop
endfacet
facet normal 0.0376546 -0.973074 -0.227398
  outer loop
    vertex 4.839168755988482 -1.11785744528726 0.7874116695405236
    vertex 4.927763581901197 -1.152710448829931 0.9512238257796551
    vertex 4.729449271918269 -1.15877727031975 0.9443460557533461
  endloop
endfacet
facet normal -0.0127765 -0.997621 -0.0677475
  outer loop
    vertex -0.07840885496396999 -1.110083275555435 0.9195604099520059
    vertex 0.0781807884997905 -1.119612468383619 1.030352054498225
    vertex -0.09552556720610249 -1.123171717483359 1.115523302369398
  endloop
endfacet
facet normal -0.00648602 -0.994927 -0.100387
  outer loop
    vertex 1.640230806428082 -1.089365702706471 0.5039646950094308
    vertex 1.671528812445723 -1.105684565023755 0.6636773402996233
    vertex 1.476725155379411 -1.102471027357008 0.6444145435502748
  endloop
endfacet
facet normal -0.0119761 -0.997485 -0.0698553
  outer loop
    vertex 0.2795094060224992 -1.117124148223143 0.9603044460279264
    vertex 0.0781807884997905 -1.119612468383619 1.030352054498225
    vertex 0.09656308615951981 -1.106653679384717 0.8421579888401367
  endloop
endfacet
facet normal -0.00147681 -0.989312 -0.145803
  outer loop
    vertex 3.579227984976048 -1.097104910608978 0.5148263766629559
    vertex 3.38506234940427 -1.095659431028337 0.5069850943478124
    vertex 3.498186358997348 -1.072614437961156 0.3494731871113335
  endloop
endfacet
facet normal -0.00410714 -0.996247 -0.0864607
  outer loop
    vertex 0.8543349063782355 -1.085875646121837 0.5006219750516012
    vertex 0.6607488504178778 -1.084888996245146 0.4984491870422605
    vertex 0.7564032915670102 -1.070809158703655 0.3316698881807832
  endloop
endfacet
facet normal -0.0119276 -0.996326 -0.0848025
  outer loop
    vertex 1.173658665318907 -1.114055592972147 0.7992838981995931
    vertex 1.274148294121678 -1.12978935059892 0.9700024536201706
    vertex 1.075392084416414 -1.127429993367403 0.9702381597989713
  endloop
endfacet
facet normal 0.151762 -0.921243 -0.358162
  outer loop
    vertex 5.523104608950295 -1.099728038533815 1.002009976830674
    vertex 5.327432785950421 -1.119401812793583 0.9697029281454776
    vertex 5.433698451582242 -1.052579770866057 0.8428546100300572
  endloop
endfacet
facet normal 0.281086 -0.819764 -0.498976
  outer loop
    vertex 6.409261732759357 -1.026435755851892 1.311497594424155
    vertex 6.45343554827028 -0.926486527411039 1.172176122247563
    vertex 6.596764789696481 -0.9621434666814406 1.311497594424155
  endloop
endfacet
facet normal 0.0336316 -0.983488 -0.17782
  outer loop
    vertex 4.533054360534761 -1.158682457550024 0.9294174294399484
    vertex 4.464403762064852 -1.129531619918692 0.7552053551956075
    vertex 4.64933357421067 -1.126127139448515 0.7713521987375976
  endloop
endfacet
facet normal 0.02152 -0.986377 -0.163087
  outer loop
    vertex 4.945932679379905 -1.1908271098155 1.14544465157792
    vertex 5.124678462340117 -1.188581411736583 1.15544853145836
    vertex 5.041203927426932 -1.2162036249673 1.311497594424157
  endloop
endfacet
facet normal 0.223714 -0.881533 -0.415754
  outer loop
    vertex 5.895362334911237 -1.089482074291825 1.159416532232832
    vertex 6.07967872300981 -1.044366750441293 1.162936495721528
    vertex 6.026155638447094 -1.128014916768806 1.311497594424157
  endloop
endfacet
facet normal -0.0116719 -0.995291 -0.0962308
  outer loop
    vertex 1.972928950477163 -1.121791011557817 0.801729676162185
    vertex 2.074657735977739 -1.139534845393895 0.9729108584128933
    vertex 1.872209123260474 -1.136980668746365 0.9710488045561096
  endloop
endfacet
facet normal 0.0609556 -0.975145 -0.213017
  outer loop
    vertex 5.239438863209127 -1.215496118566457 1.311497594424157
    vertex 5.124678462340117 -1.188581411736583 1.15544853145836
    vertex 5.32841818357833 -1.172764879687842 1.141344746473646
  endloop
endfacet
facet normal 0.291686 -0.818602 -0.494782
  outer loop
    vertex 6.267062269092889 -0.9901842623269954 1.167690596833976
    vertex 6.45343554827028 -0.926486527411039 1.172176122247563
    vertex 6.409261732759357 -1.026435755851892 1.311497594424155
  endloop
endfacet
facet normal 0.640857 -0.445293 -0.625313
  outer loop
    vertex 7.572061568971987 0 1.073409163823596
    vertex 7.471469837730936 -0.1293286212200685 1.062413408706885
    vertex 7.455904841812879 0 0.954364948523323
  endloop
endfacet
facet normal 0.0936939 -0.962282 -0.25541
  outer loop
    vertex 5.039126042074372 -1.103260804811212 0.8057691516552661
    vertex 4.927763581901197 -1.152710448829931 0.9512238257796551
    vertex 4.839168755988482 -1.11785744528726 0.7874116695405236
  endloop
endfacet
facet normal -0.0056349 -0.9912 -0.132251
  outer loop
    vertex 3.38506234940427 -1.095659431028337 0.5069850943478124
    vertex 3.470218140458529 -1.116998840397995 0.66329198658913
    vertex 3.27886934396194 -1.115512520262165 0.6603051763591175
  endloop
endfacet
facet normal -0.0033776 -0.994387 -0.105753
  outer loop
    vertex 1.858455139360777 -1.104206494614423 0.6365549262499556
    vertex 1.833651046320194 -1.086156929628633 0.4676288335593337
    vertex 2.00934504519292 -1.087946339126196 0.4788430731181577
  endloop
endfacet
facet normal -0.0042476 -0.997041 -0.0767534
  outer loop
    vertex 0.4758737130184056 -1.084192383802491 0.4993669632015282
    vertex 0.2875717170364473 -1.083720446307257 0.5036572113536976
    vertex 0.3646768148578919 -1.070809151342916 0.3316698924179987
  endloop
endfacet
facet normal -0.010615 -0.993444 -0.113825
  outer loop
    vertex 3.651554129742241 -1.157236646532908 0.9725796923773355
    vertex 3.556729570295877 -1.17562752170649 1.141935195888857
    vertex 3.461710307017857 -1.155486740399731 0.9750111595173154
  endloop
endfacet
facet normal -0.0134027 -0.997525 -0.0690207
  outer loop
    vertex 0.0781807884997905 -1.119612468383619 1.030352054498225
    vertex -0.01356450056425015 -1.131590857430037 1.221285803429756
    vertex -0.09552556720610249 -1.123171717483359 1.115523302369398
  endloop
endfacet
facet normal 0.471603 -0.584052 -0.660662
  outer loop
    vertex 7.299217717390347 -0.5992364664025223 1.311497594424157
    vertex 7.301754038814003 -0.4510235915395889 1.18228183120669
    vertex 7.453379692739869 -0.4747558073149375 1.311497594424157
  endloop
endfacet
facet normal -0.0113222 -0.997497 -0.0697922
  outer loop
    vertex 0.09656308615951981 -1.106653679384717 0.8421579888401367
    vertex 0.0781807884997905 -1.119612468383619 1.030352054498225
    vertex -0.07840885496396999 -1.110083275555435 0.9195604099520059
  endloop
endfacet
facet normal -0.0062418 -0.993281 -0.115563
  outer loop
    vertex 2.410533773108268 -1.090464726735883 0.4895991829666549
    vertex 2.497480901575293 -1.11020309024906 0.6545576788510722
    vertex 2.296795077824915 -1.10879966191508 0.6533344653653298
  endloop
endfacet
facet normal 0.109128 -0.943981 -0.311433
  outer loop
    vertex 5.234044470630296 -1.081600836323344 0.8224012596966316
    vertex 5.327432785950421 -1.119401812793583 0.9697029281454776
    vertex 5.128541107273254 -1.144547696692711 0.9762295824094998
  endloop
endfacet
facet normal -0.0030225 -0.991447 -0.130474
  outer loop
    vertex 3.38506234940427 -1.095659431028337 0.5069850943478124
    vertex 3.27886934396194 -1.115512520262165 0.6603051763591175
    vertex 3.189061955626333 -1.094405036291234 0.501993632965717
  endloop
endfacet
facet normal -0.00591084 -0.992433 -0.122644
  outer loop
    vertex 2.801718475227174 -1.092330374937698 0.4950157618491192
    vertex 2.889495386270858 -1.112848907603527 0.6568210022858298
    vertex 2.693193241223157 -1.111516727446111 0.65550182750051
  endloop
endfacet
facet normal 0.188179 -0.897432 -0.399004
  outer loop
    vertex 5.626406130735141 -1.014496382690759 0.8590279619795796
    vertex 5.726211468090301 -1.052977428476892 0.992649234131066
    vertex 5.523104608950295 -1.099728038533815 1.002009976830674
  endloop
endfacet
facet normal 0.357513 -0.740024 -0.569692
  outer loop
    vertex 6.639208183603583 -0.851399586587453 1.175242181838918
    vertex 6.825323549283135 -0.7621871321852318 1.176153905224724
    vertex 6.78058773844537 -0.887990971932534 1.311497594424154
  endloop
endfacet
facet normal -0.00321004 -0.993535 -0.113485
  outer loop
    vertex 2.296795077824915 -1.10879966191508 0.6533344653653298
    vertex 2.212895614318897 -1.089501024040643 0.4867525868304312
    vertex 2.410533773108268 -1.090464726735883 0.4895991829666549
  endloop
endfacet
facet normal -0.00643675 -0.994479 -0.104739
  outer loop
    vertex 2.184107097410179 -1.124489874711178 0.8092355168812855
    vertex 2.089178387974178 -1.107298415626648 0.6518394998801251
    vertex 2.296795077824915 -1.10879966191508 0.6533344653653298
  endloop
endfacet
facet normal -0.0145406 -0.997435 -0.0700887
  outer loop
    vertex 0.08578247623866982 -1.139378230694133 1.311497594424157
    vertex -0.01356450056425015 -1.131590857430037 1.221285803429756
    vertex 0.1850814358291247 -1.128792154164882 1.140246173562572
  endloop
endfacet
facet normal -0.0068036 -0.995807 -0.091223
  outer loop
    vertex 1.374344618049013 -1.116229838049654 0.8022439638819983
    vertex 1.274818385043058 -1.102932671197564 0.6645125417773565
    vertex 1.476725155379411 -1.102471027357008 0.6444145435502748
  endloop
endfacet
facet normal -0.00661951 -0.994832 -0.101322
  outer loop
    vertex 1.858455139360777 -1.104206494614423 0.6365549262499556
    vertex 2.089178387974178 -1.107298415626648 0.6518394998801251
    vertex 1.972928950477163 -1.121791011557817 0.801729676162185
  endloop
endfacet
facet normal -0.00727397 -0.996123 -0.0876717
  outer loop
    vertex 1.075651088623438 -1.098373185513381 0.6292323787299026
    vertex 1.274818385043058 -1.102932671197564 0.6645125417773565
    vertex 1.173658665318907 -1.114055592972147 0.7992838981995931
  endloop
endfacet
facet normal 0.101259 -0.95849 -0.266541
  outer loop
    vertex 5.32841818357833 -1.172764879687842 1.141344746473646
    vertex 5.532923666880195 -1.159285632214829 1.170564563204685
    vertex 5.437545063910101 -1.208553126275206 1.311497594424157
  endloop
endfacet
facet normal 0.00351552 -0.985008 -0.172475
  outer loop
    vertex 5.041203927426932 -1.2162036249673 1.311497594424157
    vertex 5.124678462340117 -1.188581411736583 1.15544853145836
    vertex 5.239438863209127 -1.215496118566457 1.311497594424157
  endloop
endfacet
facet normal -0.00304491 -0.99268 -0.120735
  outer loop
    vertex 2.693193241223157 -1.111516727446111 0.65550182750051
    vertex 2.607289486916234 -1.09140797665703 0.4923352965559691
    vertex 2.801718475227174 -1.092330374937698 0.4950157618491192
  endloop
endfacet
facet normal -0.00596874 -0.993353 -0.114957
  outer loop
    vertex 2.693193241223157 -1.111516727446111 0.65550182750051
    vertex 2.889495386270858 -1.112848907603527 0.6568210022858298
    vertex 2.785844992552068 -1.130515639640647 0.8148625604928754
  endloop
endfacet
facet normal -0.00629289 -0.994116 -0.108138
  outer loop
    vertex 2.296795077824915 -1.10879966191508 0.6533344653653298
    vertex 2.497480901575293 -1.11020309024906 0.6545576788510722
    vertex 2.387575524629477 -1.126753000185263 0.8130968983131539
  endloop
endfacet
facet normal -0.00613203 -0.993742 -0.111531
  outer loop
    vertex 2.587169019456188 -1.128737172113108 0.814765081313646
    vertex 2.497480901575293 -1.11020309024906 0.6545576788510722
    vertex 2.693193241223157 -1.111516727446111 0.65550182750051
  endloop
endfacet
facet normal -0.0036175 -0.997748 -0.0669806
  outer loop
    vertex -0.02704988940399665 -1.070809253055108 0.331671469029183
    vertex 0.1142219182184094 -1.080833796050835 0.4733679884658478
    vertex -0.0441716260346386 -1.083902567995457 0.5276352128559298
  endloop
endfacet
facet normal -0.00709142 -0.995513 -0.0943623
  outer loop
    vertex 1.476725155379411 -1.102471027357008 0.6444145435502748
    vertex 1.671528812445723 -1.105684565023755 0.6636773402996233
    vertex 1.572755614320799 -1.117855150932229 0.7994986344279664
  endloop
endfacet
facet normal -0.00301024 -0.992084 -0.125544
  outer loop
    vertex 2.519172219123868 -1.070809007261717 0.3316688179696368
    vertex 2.607289486916234 -1.09140797665703 0.4923352965559691
    vertex 2.410533773108268 -1.090464726735883 0.4895991829666549
  endloop
endfacet
facet normal -0.00635405 -0.995164 -0.0980245
  outer loop
    vertex 1.770292633252606 -1.119929571520909 0.8018934320867454
    vertex 1.671528812445723 -1.105684565023755 0.6636773402996233
    vertex 1.858455139360777 -1.104206494614423 0.6365549262499556
  endloop
endfacet
facet normal -0.00308508 -0.992547 -0.121826
  outer loop
    vertex 2.410533773108268 -1.090464726735883 0.4895991829666549
    vertex 2.212895614318897 -1.089501024040643 0.4867525868304312
    vertex 2.323309205753023 -1.070809163728377 0.3316697323097885
  endloop
endfacet
facet normal -0.0029979 -0.993005 -0.118033
  outer loop
    vertex 2.127445960038701 -1.070809183642387 0.3316698687883969
    vertex 2.212895614318897 -1.089501024040643 0.4867525868304312
    vertex 2.00934504519292 -1.087946339126196 0.4788430731181577
  endloop
endfacet
facet normal -0.00682293 -0.996363 -0.0849371
  outer loop
    vertex 0.9870510355938193 -1.112570687659194 0.8028947058937328
    vertex 0.8785494225115436 -1.099971804698596 0.6638181417158532
    vertex 1.075651088623438 -1.098373185513381 0.6292323787299026
  endloop
endfacet
facet normal -0.00292464 -0.991628 -0.129097
  outer loop
    vertex 2.801718475227174 -1.092330374937698 0.4950157618491192
    vertex 2.607289486916234 -1.09140797665703 0.4923352965559691
    vertex 2.715035689220752 -1.070809051308874 0.3316690455794653
  endloop
endfacet
facet normal -0.00404225 -0.994001 -0.109296
  outer loop
    vertex 1.735719492650095 -1.070809170987241 0.3316698427993574
    vertex 1.833651046320194 -1.086156929628633 0.4676288335593337
    vertex 1.640230806428082 -1.089365702706471 0.5039646950094308
  endloop
endfacet
facet normal -0.00282994 -0.993455 -0.114185
  outer loop
    vertex 2.00934504519292 -1.087946339126196 0.4788430731181577
    vertex 1.833651046320194 -1.086156929628633 0.4676288335593337
    vertex 1.93158272318361 -1.07080919023236 0.3316699293748501
  endloop
endfacet
facet normal 0.330424 -0.774842 -0.538924
  outer loop
    vertex 6.45343554827028 -0.926486527411039 1.172176122247563
    vertex 6.323557401991438 -0.88922488178278 1.038972318891979
    vertex 6.513591919669608 -0.8183770349534898 1.053623980779328
  endloop
endfacet
facet normal -0.0124471 -0.997384 -0.0712055
  outer loop
    vertex 0.1850814358291247 -1.128792154164882 1.140246173562572
    vertex 0.0781807884997905 -1.119612468383619 1.030352054498225
    vertex 0.2795094060224992 -1.117124148223143 0.9603044460279264
  endloop
endfacet
facet normal -0.00943486 -0.992257 -0.123846
  outer loop
    vertex 4.019844063242937 -1.160556103384305 0.9680747994922516
    vertex 4.199695024558266 -1.161520774792687 0.9621023161642788
    vertex 4.149768699707766 -1.183396585709445 1.141175510567261
  endloop
endfacet
facet normal -0.00404786 -0.995829 -0.0911504
  outer loop
    vertex 0.9522665304921444 -1.070809163623751 0.3316698931282963
    vertex 1.050198144430594 -1.083373859619348 0.4645916589493978
    vertex 0.8543349063782355 -1.085875646121837 0.5006219750516012
  endloop
endfacet
facet normal -0.00321267 -0.995332 -0.0964527
  outer loop
    vertex 1.281370814391884 -1.088129286178293 0.5059647559564957
    vertex 1.050198144430594 -1.083373859619348 0.4645916589493978
    vertex 1.14812977387416 -1.07080916958137 0.3316699039897163
  endloop
endfacet
facet normal 0.421904 -0.647732 -0.634382
  outer loop
    vertex 6.959107822201908 -0.5350632744405539 1.017939032950497
    vertex 6.883138369737567 -0.6442308982405607 1.078879453479169
    vertex 6.767987929160224 -0.6303665141167328 0.988141086688257
  endloop
endfacet
facet normal -0.0126886 -0.992168 -0.124265
  outer loop
    vertex 4.545973195397365 -1.188359062125544 1.14132211692564
    vertex 4.34789124257304 -1.19247265617307 1.194392240572455
    vertex 4.349125453358336 -1.174131786712947 1.047827439791337
  endloop
endfacet
facet normal -0.0121646 -0.997069 -0.0755286
  outer loop
    vertex 0.5846368784699851 -1.134679935186044 1.143963934194075
    vertex 0.4902058249394081 -1.12225441724666 0.9951409342346109
    vertex 0.7008193350288667 -1.123364059616796 0.9758682169892554
  endloop
endfacet
facet normal -0.0142005 -0.993089 -0.116503
  outer loop
    vertex 4.149768699707766 -1.183396585709445 1.141175510567261
    vertex 4.34789124257304 -1.19247265617307 1.194392240572455
    vertex 4.248805843045648 -1.204793869083414 1.311497594424155
  endloop
endfacet
facet normal 0.147471 -0.93402 -0.325359
  outer loop
    vertex 5.63508950672698 -1.192247808173307 1.311497594424157
    vertex 5.532923666880195 -1.159285632214829 1.170564563204685
    vertex 5.715641809813713 -1.126676100654079 1.15976932760403
  endloop
endfacet
facet normal -0.0117497 -0.992608 -0.120795
  outer loop
    vertex 4.446542090584159 -1.207891439321277 1.311497594424156
    vertex 4.34789124257304 -1.19247265617307 1.194392240572455
    vertex 4.545973195397365 -1.188359062125544 1.14132211692564
  endloop
endfacet
facet normal -0.00984187 -0.996727 -0.0802454
  outer loop
    vertex 0.6146629599237861 -1.109742340244025 0.8129662018462083
    vertex 0.7263254792803385 -1.098192778326899 0.6558141774231497
    vertex 0.7933415286158165 -1.111268636779026 0.810009886678887
  endloop
endfacet
facet normal -0.00557255 -0.990851 -0.134843
  outer loop
    vertex 4.319430865099418 -1.148343743603311 0.8603267988029704
    vertex 4.199695024558266 -1.161520774792687 0.9621023161642788
    vertex 4.131999098682717 -1.139815459333888 0.8054052228258093
  endloop
endfacet
facet normal 0.360425 -0.736606 -0.572281
  outer loop
    vertex 6.513591919669608 -0.8183770349534898 1.053623980779328
    vertex 6.700859090795298 -0.7372550839124573 1.067150254228759
    vertex 6.639208183603583 -0.851399586587453 1.175242181838918
  endloop
endfacet
facet normal 0.289338 -0.810739 -0.508906
  outer loop
    vertex 6.267062269092889 -0.9901842623269954 1.167690596833976
    vertex 6.323557401991438 -0.88922488178278 1.038972318891979
    vertex 6.45343554827028 -0.926486527411039 1.172176122247563
  endloop
endfacet
facet normal 0.169505 -0.923384 -0.344426
  outer loop
    vertex 5.433698451582242 -1.052579770866057 0.8428546100300572
    vertex 5.327432785950421 -1.119401812793583 0.9697029281454776
    vertex 5.234044470630296 -1.081600836323344 0.8224012596966316
  endloop
endfacet
facet normal 0.426257 -0.644236 -0.635032
  outer loop
    vertex 6.993357373662936 -0.6673240864985792 1.176021681520543
    vertex 7.148447305803558 -0.5682429696024172 1.179606568393297
    vertex 7.133601571777474 -0.7080723590968269 1.311497594424155
  endloop
endfacet
facet normal -0.00423592 -0.997081 -0.0762362
  outer loop
    vertex 0.4758737130184056 -1.084192383802491 0.4993669632015282
    vertex 0.4062290490680405 -1.095318544268136 0.6487538390584883
    vertex 0.2875717170364473 -1.083720446307257 0.5036572113536976
  endloop
endfacet
facet normal -0.00414406 -0.995209 -0.0976869
  outer loop
    vertex 1.476725155379411 -1.102471027357008 0.6444145435502748
    vertex 1.46794151409148 -1.087012287170427 0.4872975439418034
    vertex 1.640230806428082 -1.089365702706471 0.5039646950094308
  endloop
endfacet
facet normal -2.93531e-08 -0.997507 -0.0705702
  outer loop
    vertex 0.1688135762963095 -1.070809147271277 0.3316698923103263
    vertex 0.1142219182184094 -1.080833796050835 0.4733679884658478
    vertex -0.02704988940399665 -1.070809253055108 0.331671469029183
  endloop
endfacet
facet normal -0.00520077 -0.990618 -0.136558
  outer loop
    vertex 3.579227984976048 -1.097104910608978 0.5148263766629559
    vertex 3.662770464151993 -1.118642488891651 0.6678820291318736
    vertex 3.470218140458529 -1.116998840397995 0.66329198658913
  endloop
endfacet
facet normal -0.00195675 -0.99095 -0.134221
  outer loop
    vertex 3.579227984976048 -1.097104910608978 0.5148263766629559
    vertex 3.470218140458529 -1.116998840397995 0.66329198658913
    vertex 3.38506234940427 -1.095659431028337 0.5069850943478124
  endloop
endfacet
facet normal -0.00434439 -0.997523 -0.0702032
  outer loop
    vertex 0.1016146449727802 -1.092769992094698 0.6437505224460798
    vertex 0.1142219182184094 -1.080833796050835 0.4733679884658478
    vertex 0.2875717170364473 -1.083720446307257 0.5036572113536976
  endloop
endfacet
facet normal -0.00980896 -0.996892 -0.0781714
  outer loop
    vertex 0.7008193350288667 -1.123364059616796 0.9758682169892554
    vertex 0.6146629599237861 -1.109742340244025 0.8129662018462083
    vertex 0.7933415286158165 -1.111268636779026 0.810009886678887
  endloop
endfacet
facet normal -0.00825295 -0.99232 -0.123425
  outer loop
    vertex 3.178103107934116 -1.133853878755217 0.8145043466225916
    vertex 3.27886934396194 -1.115512520262165 0.6603051763591175
    vertex 3.36944428711492 -1.135259223523086 0.813008879361194
  endloop
endfacet
facet normal 0.246103 -0.866908 -0.433478
  outer loop
    vertex 5.821369306248297 -0.9686255042996895 0.877979625394274
    vertex 5.726211468090301 -1.052977428476892 0.992649234131066
    vertex 5.626406130735141 -1.014496382690759 0.8590279619795796
  endloop
endfacet
facet normal -0.00385127 -0.989777 -0.142572
  outer loop
    vertex 3.77397659508803 -1.098491606918157 0.5249846050949627
    vertex 3.858596848871739 -1.120250750638742 0.6737572411166625
    vertex 3.662770464151993 -1.118642488891651 0.6678820291318736
  endloop
endfacet
facet normal -0.00563287 -0.992546 -0.12174
  outer loop
    vertex 3.085246850341913 -1.114192315796407 0.6585004027135617
    vertex 3.27886934396194 -1.115512520262165 0.6603051763591175
    vertex 3.178103107934116 -1.133853878755217 0.8145043466225916
  endloop
endfacet
facet normal 0.0789473 -0.956474 -0.280936
  outer loop
    vertex 5.437545063910101 -1.208553126275206 1.311497594424157
    vertex 5.532923666880195 -1.159285632214829 1.170564563204685
    vertex 5.63508950672698 -1.192247808173307 1.311497594424157
  endloop
endfacet
facet normal 0.298679 -0.80159 -0.517923
  outer loop
    vertex 6.206747804467568 -0.8547521151294553 0.9182563868818769
    vertex 6.323557401991438 -0.88922488178278 1.038972318891979
    vertex 6.125359270131955 -0.9512767963716373 1.020711960185163
  endloop
endfacet
facet normal 0.000223698 -0.990227 -0.139464
  outer loop
    vertex 3.77397659508803 -1.098491606918157 0.5249846050949627
    vertex 3.662770464151993 -1.118642488891651 0.6678820291318736
    vertex 3.579227984976048 -1.097104910608978 0.5148263766629559
  endloop
endfacet
facet normal 0.231347 -0.86535 -0.444577
  outer loop
    vertex 5.821369306248297 -0.9686255042996895 0.877979625394274
    vertex 5.925910624818674 -1.006321535387416 1.005753956789846
    vertex 5.726211468090301 -1.052977428476892 0.992649234131066
  endloop
endfacet
facet normal -0.00415306 -0.996581 -0.0825212
  outer loop
    vertex 0.8543349063782355 -1.085875646121837 0.5006219750516012
    vertex 0.7263254792803385 -1.098192778326899 0.6558141774231497
    vertex 0.6607488504178778 -1.084888996245146 0.4984491870422605
  endloop
endfacet
facet normal -0.00904392 -0.994621 -0.103182
  outer loop
    vertex 1.972928950477163 -1.121791011557817 0.801729676162185
    vertex 2.089178387974178 -1.107298415626648 0.6518394998801251
    vertex 2.184107097410179 -1.124489874711178 0.8092355168812855
  endloop
endfacet
facet normal -0.00973486 -0.991058 -0.133073
  outer loop
    vertex 4.131999098682717 -1.139815459333888 0.8054052228258093
    vertex 4.199695024558266 -1.161520774792687 0.9621023161642788
    vertex 4.019844063242937 -1.160556103384305 0.9680747994922516
  endloop
endfacet
facet normal 0.359341 -0.733283 -0.577208
  outer loop
    vertex 6.58602706148131 -0.7135155609739694 0.9655028528861336
    vertex 6.700859090795298 -0.7372550839124573 1.067150254228759
    vertex 6.513591919669608 -0.8183770349534898 1.053623980779328
  endloop
endfacet
facet normal -0.000435759 -0.988382 -0.15199
  outer loop
    vertex 4.131999098682717 -1.139815459333888 0.8054052228258093
    vertex 4.247054526267422 -1.125100764576219 0.7093865332970819
    vertex 4.319430865099418 -1.148343743603311 0.8603267988029704
  endloop
endfacet
facet normal 0.0206933 -0.980975 -0.193026
  outer loop
    vertex 4.464403762064852 -1.129531619918692 0.7552053551956075
    vertex 4.247054526267422 -1.125100764576219 0.7093865332970819
    vertex 4.365218331639903 -1.096760955569615 0.5780290531265139
  endloop
endfacet
facet normal -0.00947301 -0.995959 -0.0893087
  outer loop
    vertex 1.173658665318907 -1.114055592972147 0.7992838981995931
    vertex 1.274818385043058 -1.102932671197564 0.6645125417773565
    vertex 1.374344618049013 -1.116229838049654 0.8022439638819983
  endloop
endfacet
facet normal 0.307722 -0.802332 -0.511439
  outer loop
    vertex 6.206747804467568 -0.8547521151294553 0.9182563868818769
    vertex 6.125359270131955 -0.9512767963716373 1.020711960185163
    vertex 6.01575915522535 -0.9156066045993574 0.8988094346929016
  endloop
endfacet
facet normal -0.0057573 -0.992155 -0.124884
  outer loop
    vertex 3.27886934396194 -1.115512520262165 0.6603051763591175
    vertex 3.470218140458529 -1.116998840397995 0.66329198658913
    vertex 3.36944428711492 -1.135259223523086 0.813008879361194
  endloop
endfacet
facet normal 0.0321734 -0.982578 -0.183045
  outer loop
    vertex 4.365218331639903 -1.096760955569615 0.5780290531265139
    vertex 4.247054526267422 -1.125100764576219 0.7093865332970819
    vertex 4.163929961073584 -1.099286610249602 0.5562066780687628
  endloop
endfacet
facet normal 0.363012 -0.733574 -0.574536
  outer loop
    vertex 6.58602706148131 -0.7135155609739694 0.9655028528861336
    vertex 6.513591919669608 -0.8183770349534898 1.053623980779328
    vertex 6.39610770275383 -0.7879472726127943 0.9405402812568242
  endloop
endfacet
facet normal -0.00727109 -0.996893 -0.078431
  outer loop
    vertex 0.5698027537939206 -1.09702059341378 0.6554259037767758
    vertex 0.7263254792803385 -1.098192778326899 0.6558141774231497
    vertex 0.6146629599237861 -1.109742340244025 0.8129662018462083
  endloop
endfacet
facet normal 0.392163 -0.692018 -0.606069
  outer loop
    vertex 6.825323549283135 -0.7621871321852318 1.176153905224724
    vertex 6.700859090795298 -0.7372550839124573 1.067150254228759
    vertex 6.883138369737567 -0.6442308982405607 1.078879453479169
  endloop
endfacet
facet normal -0.00843518 -0.992727 -0.120095
  outer loop
    vertex 2.982435360720743 -1.13211915137671 0.8139080000502619
    vertex 3.085246850341913 -1.114192315796407 0.6585004027135617
    vertex 3.178103107934116 -1.133853878755217 0.8145043466225916
  endloop
endfacet
facet normal 0.322283 -0.775174 -0.543358
  outer loop
    vertex 6.45343554827028 -0.926486527411039 1.172176122247563
    vertex 6.513591919669608 -0.8183770349534898 1.053623980779328
    vertex 6.639208183603583 -0.851399586587453 1.175242181838918
  endloop
endfacet
facet normal -0.00598567 -0.990784 -0.13532
  outer loop
    vertex 4.349125453358336 -1.174131786712947 1.047827439791337
    vertex 4.199695024558266 -1.161520774792687 0.9621023161642788
    vertex 4.319430865099418 -1.148343743603311 0.8603267988029704
  endloop
endfacet
facet normal -7.52807e-08 -0.991881 -0.127169
  outer loop
    vertex 2.715035689220752 -1.070809051308874 0.3316690455794653
    vertex 2.607289486916234 -1.09140797665703 0.4923352965559691
    vertex 2.519172219123868 -1.070809007261717 0.3316688179696368
  endloop
endfacet
facet normal 0.00646414 -0.985849 -0.167509
  outer loop
    vertex 4.319430865099418 -1.148343743603311 0.8603267988029704
    vertex 4.464403762064852 -1.129531619918692 0.7552053551956075
    vertex 4.533054360534761 -1.158682457550024 0.9294174294399484
  endloop
endfacet
facet normal 1.75612e-08 -0.992815 -0.119662
  outer loop
    vertex 2.323309205753023 -1.070809163728377 0.3316697323097885
    vertex 2.212895614318897 -1.089501024040643 0.4867525868304312
    vertex 2.127445960038701 -1.070809183642387 0.3316698687883969
  endloop
endfacet
facet normal -0.0080845 -0.991943 -0.126425
  outer loop
    vertex 3.36944428711492 -1.135259223523086 0.813008879361194
    vertex 3.470218140458529 -1.116998840397995 0.66329198658913
    vertex 3.563144198447637 -1.136495834282552 0.8103249301543068
  endloop
endfacet
facet normal -0.00579887 -0.992952 -0.118377
  outer loop
    vertex 2.982435360720743 -1.13211915137671 0.8139080000502619
    vertex 2.889495386270858 -1.112848907603527 0.6568210022858298
    vertex 3.085246850341913 -1.114192315796407 0.6585004027135617
  endloop
endfacet
facet normal -0.0089613 -0.993895 -0.109965
  outer loop
    vertex 2.387575524629477 -1.126753000185263 0.8130968983131539
    vertex 2.497480901575293 -1.11020309024906 0.6545576788510722
    vertex 2.587169019456188 -1.128737172113108 0.814765081313646
  endloop
endfacet
facet normal -0.00866723 -0.993129 -0.116702
  outer loop
    vertex 2.785844992552068 -1.130515639640647 0.8148625604928754
    vertex 2.889495386270858 -1.112848907603527 0.6568210022858298
    vertex 2.982435360720743 -1.13211915137671 0.8139080000502619
  endloop
endfacet
facet normal -4.80552e-08 -0.993689 -0.112173
  outer loop
    vertex 1.93158272318361 -1.07080919023236 0.3316699293748501
    vertex 1.833651046320194 -1.086156929628633 0.4676288335593337
    vertex 1.735719492650095 -1.070809170987241 0.3316698427993574
  endloop
endfacet
facet normal -0.00928935 -0.995343 -0.0959456
  outer loop
    vertex 1.572755614320799 -1.117855150932229 0.7994986344279664
    vertex 1.671528812445723 -1.105684565023755 0.6636773402996233
    vertex 1.770292633252606 -1.119929571520909 0.8018934320867454
  endloop
endfacet
facet normal -0.00541232 -0.991748 -0.128088
  outer loop
    vertex 3.470218140458529 -1.116998840397995 0.66329198658913
    vertex 3.662770464151993 -1.118642488891651 0.6678820291318736
    vertex 3.563144198447637 -1.136495834282552 0.8103249301543068
  endloop
endfacet
facet normal -0.00973527 -0.996529 -0.08268
  outer loop
    vertex 0.7933415286158165 -1.111268636779026 0.810009886678887
    vertex 0.8785494225115436 -1.099971804698596 0.6638181417158532
    vertex 0.9870510355938193 -1.112570687659194 0.8028947058937328
  endloop
endfacet
facet normal -0.00111986 -0.988289 -0.152592
  outer loop
    vertex 3.968298160446934 -1.099492048663103 0.5385047419978394
    vertex 4.052056019808286 -1.12185591894651 0.6827336173534446
    vertex 3.858596848871739 -1.120250750638742 0.6737572411166625
  endloop
endfacet
facet normal -0.00473588 -0.997519 -0.0702319
  outer loop
    vertex -0.0441716260346386 -1.083902567995457 0.5276352128559298
    vertex 0.1142219182184094 -1.080833796050835 0.4733679884658478
    vertex 0.1016146449727802 -1.092769992094698 0.6437505224460798
  endloop
endfacet
facet normal 0.266385 -0.833832 -0.483491
  outer loop
    vertex 6.01575915522535 -0.9156066045993574 0.8988094346929016
    vertex 6.125359270131955 -0.9512767963716373 1.020711960185163
    vertex 5.925910624818674 -1.006321535387416 1.005753956789846
  endloop
endfacet
facet normal 0.42273 -0.647902 -0.633658
  outer loop
    vertex 6.993357373662936 -0.6673240864985792 1.176021681520543
    vertex 6.883138369737567 -0.6442308982405607 1.078879453479169
    vertex 6.959107822201908 -0.5350632744405539 1.017939032950497
  endloop
endfacet
facet normal 0.00517742 -0.989034 -0.147599
  outer loop
    vertex 3.968298160446934 -1.099492048663103 0.5385047419978394
    vertex 3.858596848871739 -1.120250750638742 0.6737572411166625
    vertex 3.77397659508803 -1.098491606918157 0.5249846050949627
  endloop
endfacet
facet normal -2.50636e-08 -0.995562 -0.0941075
  outer loop
    vertex 1.14812977387416 -1.07080916958137 0.3316699039897163
    vertex 1.050198144430594 -1.083373859619348 0.4645916589493978
    vertex 0.9522665304921444 -1.070809163623751 0.3316698931282963
  endloop
endfacet
facet normal -0.00800468 -0.991499 -0.12987
  outer loop
    vertex 3.563144198447637 -1.136495834282552 0.8103249301543068
    vertex 3.662770464151993 -1.118642488891651 0.6678820291318736
    vertex 3.757247339999114 -1.137438603732445 0.8055587875855243
  endloop
endfacet
facet normal -0.00416616 -0.99118 -0.13246
  outer loop
    vertex 3.662770464151993 -1.118642488891651 0.6678820291318736
    vertex 3.858596848871739 -1.120250750638742 0.6737572411166625
    vertex 3.757247339999114 -1.137438603732445 0.8055587875855243
  endloop
endfacet
facet normal 0.392694 -0.693285 -0.604274
  outer loop
    vertex 6.883138369737567 -0.6442308982405607 1.078879453479169
    vertex 6.700859090795298 -0.7372550839124573 1.067150254228759
    vertex 6.767987929160224 -0.6303665141167328 0.988141086688257
  endloop
endfacet
facet normal 0.278597 -0.83511 -0.474315
  outer loop
    vertex 6.01575915522535 -0.9156066045993574 0.8988094346929016
    vertex 5.925910624818674 -1.006321535387416 1.005753956789846
    vertex 5.821369306248297 -0.9686255042996895 0.877979625394274
  endloop
endfacet
facet normal 0.0157046 -0.986648 -0.162108
  outer loop
    vertex 4.163929961073584 -1.099286610249602 0.5562066780687628
    vertex 4.052056019808286 -1.12185591894651 0.6827336173534446
    vertex 3.968298160446934 -1.099492048663103 0.5385047419978394
  endloop
endfacet
facet normal -0.00713696 -0.99086 -0.134703
  outer loop
    vertex 3.757247339999114 -1.137438603732445 0.8055587875855243
    vertex 3.858596848871739 -1.120250750638742 0.6737572411166625
    vertex 3.951345078971493 -1.138269676479644 0.8013882036190585
  endloop
endfacet
facet normal -0.00726246 -0.996669 -0.0812329
  outer loop
    vertex 0.6607488504178778 -1.084888996245146 0.4984491870422605
    vertex 0.7263254792803385 -1.098192778326899 0.6558141774231497
    vertex 0.5698027537939206 -1.09702059341378 0.6554259037767758
  endloop
endfacet
facet normal -0.0140144 -0.997133 -0.0743601
  outer loop
    vertex 0.3826869837674078 -1.13165226649962 1.14142531013473
    vertex 0.4902058249394081 -1.12225441724666 0.9951409342346109
    vertex 0.5846368784699851 -1.134679935186044 1.143963934194075
  endloop
endfacet
facet normal -0.00720797 -0.996958 -0.0776126
  outer loop
    vertex 0.5698027537939206 -1.09702059341378 0.6554259037767758
    vertex 0.4062290490680405 -1.095318544268136 0.6487538390584883
    vertex 0.4758737130184056 -1.084192383802491 0.4993669632015282
  endloop
endfacet
facet normal -0.00179006 -0.990358 -0.138518
  outer loop
    vertex 3.858596848871739 -1.120250750638742 0.6737572411166625
    vertex 4.052056019808286 -1.12185591894651 0.6827336173534446
    vertex 3.951345078971493 -1.138269676479644 0.8013882036190585
  endloop
endfacet
facet normal 0.328885 -0.768725 -0.54854
  outer loop
    vertex 6.513591919669608 -0.8183770349534898 1.053623980779328
    vertex 6.323557401991438 -0.88922488178278 1.038972318891979
    vertex 6.39610770275383 -0.7879472726127943 0.9405402812568242
  endloop
endfacet
facet normal 0.390223 -0.69206 -0.607272
  outer loop
    vertex 6.825323549283135 -0.7621871321852318 1.176153905224724
    vertex 6.883138369737567 -0.6442308982405607 1.078879453479169
    vertex 6.993357373662936 -0.6673240864985792 1.176021681520543
  endloop
endfacet
facet normal -0.00532495 -0.98993 -0.141459
  outer loop
    vertex 3.951345078971493 -1.138269676479644 0.8013882036190585
    vertex 4.052056019808286 -1.12185591894651 0.6827336173534446
    vertex 4.131999098682717 -1.139815459333888 0.8054052228258093
  endloop
endfacet
facet normal -0.00400959 -0.997389 -0.0721066
  outer loop
    vertex 0.2875717170364473 -1.083720446307257 0.5036572113536976
    vertex 0.1142219182184094 -1.080833796050835 0.4733679884658478
    vertex 0.1688135762963095 -1.070809147271277 0.3316698923103263
  endloop
endfacet
facet normal -0.0071752 -0.996355 -0.0849961
  outer loop
    vertex 0.8785494225115436 -1.099971804698596 0.6638181417158532
    vertex 0.7263254792803385 -1.098192778326899 0.6558141774231497
    vertex 0.8543349063782355 -1.085875646121837 0.5006219750516012
  endloop
endfacet
facet normal 0.335354 -0.769068 -0.544125
  outer loop
    vertex 6.39610770275383 -0.7879472726127943 0.9405402812568242
    vertex 6.323557401991438 -0.88922488178278 1.038972318891979
    vertex 6.206747804467568 -0.8547521151294553 0.9182563868818769
  endloop
endfacet
facet normal -0.0155545 -0.992935 -0.117632
  outer loop
    vertex 4.248805843045648 -1.204793869083414 1.311497594424155
    vertex 4.34789124257304 -1.19247265617307 1.194392240572455
    vertex 4.446542090584159 -1.207891439321277 1.311497594424156
  endloop
endfacet
facet normal 0.392021 -0.693231 -0.604773
  outer loop
    vertex 6.767987929160224 -0.6303665141167328 0.988141086688257
    vertex 6.700859090795298 -0.7372550839124573 1.067150254228759
    vertex 6.58602706148131 -0.7135155609739694 0.9655028528861336
  endloop
endfacet
facet normal 0.35595 -0.736709 -0.574943
  outer loop
    vertex 6.639208183603583 -0.851399586587453 1.175242181838918
    vertex 6.700859090795298 -0.7372550839124573 1.067150254228759
    vertex 6.825323549283135 -0.7621871321852318 1.176153905224724
  endloop
endfacet
facet normal -0.00737243 -0.996661 -0.0813131
  outer loop
    vertex 0.7933415286158165 -1.111268636779026 0.810009886678887
    vertex 0.7263254792803385 -1.098192778326899 0.6558141774231497
    vertex 0.8785494225115436 -1.099971804698596 0.6638181417158532
  endloop
endfacet
facet normal 0.0132631 -0.987288 -0.15839
  outer loop
    vertex 4.319430865099418 -1.148343743603311 0.8603267988029704
    vertex 4.247054526267422 -1.125100764576219 0.7093865332970819
    vertex 4.464403762064852 -1.129531619918692 0.7552053551956075
  endloop
endfacet
facet normal -0.00948788 -0.998026 -0.0620836
  outer loop
    vertex -0.1126416175976883 -1.136260017054413 1.311486295786768
    vertex -0.01356450056425015 -1.131590857430037 1.221285803429756
    vertex -0.1125378724168347 -1.136261530269553 1.311494766723925
  endloop
endfacet
facet normal -0.00803389 -0.998136 -0.0604941
  outer loop
    vertex -0.1125378724168347 -1.136261530269553 1.311494766723925
    vertex -0.01356450056425015 -1.131590857430037 1.221285803429756
    vertex -0.1124338106207139 -1.136262539229682 1.311497594424157
  endloop
endfacet
facet normal -1.06031e-08 7.72358e-08 -1
  outer loop
    vertex 0.1718679980477902 1.024696239431075 0.3316698887163727
    vertex -0.02720315864679641 1.047749537179731 0.3316698926076866
    vertex 0.168813577998568 1.070809149478074 0.331669892310327
  endloop
endfacet
facet normal 0.174397 0.0146088 -0.984567
  outer loop
    vertex 6.984161223060511 0.2230065961082336 0.7744484576082166
    vertex 7.039760975835343 0.2350852272276582 0.7844760938793747
    vertex 7.074449614578872 0.1690122055741394 0.7896401320778281
  endloop
endfacet
facet normal 0.135867 -0.000370381 -0.990727
  outer loop
    vertex 5.330655488434607 0.8790571205967728 0.5235636721250788
    vertex 5.433614559989445 0.9003636650372255 0.5376753767536584
    vertex 5.460885195766798 0.8472819136956038 0.5414350799108923
  endloop
endfacet
facet normal 0.159534 -0.00549099 -0.987177
  outer loop
    vertex 6.805381693200262 0.3243015272032648 0.7448070304876739
    vertex 6.872995839932059 0.3336677491732442 0.7556818149615649
    vertex 6.849308472578899 0.3001204566953845 0.7520403843187664
  endloop
endfacet
facet normal 0.159982 -0.00581491 -0.987103
  outer loop
    vertex 6.849308472578899 0.3001204566953845 0.7520403843187664
    vertex 6.872995839932059 0.3336677491732442 0.7556818149615649
    vertex 6.893038961801312 0.2755857752548658 0.7592723939890059
  endloop
endfacet
facet normal 0.0661274 0.000140083 -0.997811
  outer loop
    vertex 3.707076734985269 1.025565429292959 0.3617666399020735
    vertex 3.69371499827118 1.072790433997999 0.3608877553358886
    vertex 3.724996494306251 1.025482675341042 0.3629542139174945
  endloop
endfacet
facet normal 0.199136 0.041121 -0.979109
  outer loop
    vertex 7.203366377055115 0.1312879463349937 0.8130966327335648
    vertex 7.339748114653773 0 0.8353207332230479
    vertex 7.339421945387874 0.0002168249097138382 0.8352635016276776
  endloop
endfacet
facet normal 0.032933 -0.00630816 -0.999438
  outer loop
    vertex 3.157850190962638 1.025281759446218 0.3364210602551483
    vertex 3.302513943679871 1.072005968298967 0.3408930491008567
    vertex 3.356808203608793 1.025708494316178 0.3429743468427133
  endloop
endfacet
facet normal 0.0437865 0.00643875 -0.99902
  outer loop
    vertex 3.302513943679871 1.072005968298967 0.3408930491008567
    vertex 3.498186389575501 1.072614478220203 0.3494731886798581
    vertex 3.356808203608793 1.025708494316178 0.3429743468427133
  endloop
endfacet
facet normal 0.0598666 -0.00163864 -0.998205
  outer loop
    vertex 3.532001648271708 1.02590375760732 0.3512660811295671
    vertex 3.69371499827118 1.072790433997999 0.3608877553358886
    vertex 3.707076734985269 1.025565429292959 0.3617666399020735
  endloop
endfacet
facet normal 0.0707749 0.00252938 -0.997489
  outer loop
    vertex 3.742914950602199 1.025388411684104 0.3641604539044849
    vertex 3.889089670418782 1.071710277470469 0.3746494514073203
    vertex 3.858058298282923 1.02446815444659 0.3723278880181865
  endloop
endfacet
facet normal 0.0702852 0.00408111 -0.997519
  outer loop
    vertex 3.69371499827118 1.072790433997999 0.3608877553358886
    vertex 3.889089670418782 1.071710277470469 0.3746494514073203
    vertex 3.742914950602199 1.025388411684104 0.3641604539044849
  endloop
endfacet
facet normal 0.0812552 -0.00208578 -0.996691
  outer loop
    vertex 3.974353240300263 1.022869143669206 0.3812159175266962
    vertex 4.084314205451804 1.068425460619163 0.3900851387416745
    vertex 4.14683376422633 1.018929073629666 0.3952856211865191
  endloop
endfacet
facet normal 0.0788813 0.00368019 -0.996877
  outer loop
    vertex 3.974353240300263 1.022869143669206 0.3812159175266962
    vertex 3.889089670418782 1.071710277470469 0.3746494514073203
    vertex 4.084314205451804 1.068425460619163 0.3900851387416745
  endloop
endfacet
facet normal 0.128889 0.00427479 -0.99165
  outer loop
    vertex 5.053873425219344 0.9819609066877877 0.4874011013480067
    vertex 5.244508663798341 0.9444050918898861 0.512016869603829
    vertex 5.172994757997834 0.9132943190699869 0.5025877949714337
  endloop
endfacet
facet normal 0.138343 -0.000943599 -0.990384
  outer loop
    vertex 5.460885195766798 0.8472819136956038 0.5414350799108923
    vertex 5.621195571874906 0.8504731045992715 0.5638251834936689
    vertex 5.65135421538363 0.7955124401452689 0.5680902935817044
  endloop
endfacet
facet normal 0.138307 0.000907019 -0.990389
  outer loop
    vertex 5.460885195766798 0.8472819136956038 0.5414350799108923
    vertex 5.433614559989445 0.9003636650372255 0.5376753767536584
    vertex 5.621195571874906 0.8504731045992715 0.5638251834936689
  endloop
endfacet
facet normal 0.153478 -0.000451882 -0.988152
  outer loop
    vertex 6.211288350661386 0.6043996679581535 0.6499823334405368
    vertex 6.352187057288893 0.5919145926811971 0.6718722208218326
    vertex 6.39300123370912 0.5279168242568208 0.6782406842781562
  endloop
endfacet
facet normal 0.156875 0.00176757 -0.987617
  outer loop
    vertex 6.39300123370912 0.5279168242568208 0.6782406842781562
    vertex 6.352187057288893 0.5919145926811971 0.6718722208218326
    vertex 6.401048391935185 0.5243478098403318 0.6795125227963477
  endloop
endfacet
facet normal 0.158351 0.00295761 -0.987378
  outer loop
    vertex 6.352187057288893 0.5919145926811971 0.6718722208218326
    vertex 6.528665872453748 0.5117482457593561 0.6999349790723246
    vertex 6.409089676494193 0.5207657690095572 0.6807848901618242
  endloop
endfacet
facet normal 0.159362 -0.00420648 -0.987211
  outer loop
    vertex 6.805381693200262 0.3243015272032648 0.7448070304876739
    vertex 6.702455283864277 0.4258300536895816 0.7277594033388284
    vertex 6.872995839932059 0.3336677491732442 0.7556818149615649
  endloop
endfacet
facet normal 0.173862 0.0171171 -0.984621
  outer loop
    vertex 6.893038961801312 0.2755857752548658 0.7592723939890059
    vertex 7.039760975835343 0.2350852272276582 0.7844760938793747
    vertex 6.984161223060511 0.2230065961082336 0.7744484576082166
  endloop
endfacet
facet normal 0.168556 -0.00276859 -0.985688
  outer loop
    vertex 6.893038961801312 0.2755857752548658 0.7592723939890059
    vertex 6.872995839932059 0.3336677491732442 0.7556818149615649
    vertex 7.039760975835343 0.2350852272276582 0.7844760938793747
  endloop
endfacet
facet normal 0.184684 0.0201638 -0.982591
  outer loop
    vertex 7.074449614578872 0.1690122055741394 0.7896401320778281
    vertex 7.039760975835343 0.2350852272276582 0.7844760938793747
    vertex 7.203366377055115 0.1312879463349937 0.8130966327335648
  endloop
endfacet
facet normal 0.192572 0.034045 -0.980692
  outer loop
    vertex 7.207625621827484 0.08604593679145511 0.8123624021776124
    vertex 7.203366377055115 0.1312879463349937 0.8130966327335648
    vertex 7.339095767624377 0.0004336368991004233 0.8352062695133858
  endloop
endfacet
facet normal 0.19912 0.0411035 -0.979113
  outer loop
    vertex 7.339095767624377 0.0004336368991004233 0.8352062695133858
    vertex 7.203366377055115 0.1312879463349937 0.8130966327335648
    vertex 7.339421945387874 0.0002168249097138382 0.8352635016276776
  endloop
endfacet
facet normal -5.2749e-06 0.712136 -0.702042
  outer loop
    vertex 0.168813577998568 1.070809149478074 0.331669892310327
    vertex -0.0271280882748553 1.070807552453654 0.3316697445603542
    vertex -0.02704988940372854 1.070809253054905 0.3316714690261778
  endloop
endfacet
facet normal -3.45442e-06 -1.25853e-05 -1
  outer loop
    vertex 2.519172241252578 1.07080903592451 0.3316688179691645
    vertex 2.560686204948825 1.024696114915165 0.3316692549077318
    vertex 2.361618020017939 1.024696250400351 0.3316699425709324
  endloop
endfacet
facet normal -1.23691e-05 3.68623e-05 -1
  outer loop
    vertex 2.715035713052107 1.070809082171014 0.3316690455728275
    vertex 2.759754404145216 1.024695629711978 0.3316667925956307
    vertex 2.560686204948825 1.024696114915165 0.3316692549077318
  endloop
endfacet
facet normal 0.00530508 -0.00513621 -0.999973
  outer loop
    vertex 2.910897316935527 1.070916388437463 0.3322312341550942
    vertex 2.958818383606941 1.024862902008749 0.3327220130400815
    vertex 2.759754404145216 1.024695629711978 0.3316667925956307
  endloop
endfacet
facet normal 0.00286876 0.00283085 -0.999992
  outer loop
    vertex 2.715035713052107 1.070809082171014 0.3316690455728275
    vertex 2.910897316935527 1.070916388437463 0.3322312341550942
    vertex 2.759754404145216 1.024695629711978 0.3316667925956307
  endloop
endfacet
facet normal 0.0185936 -0.00567644 -0.999811
  outer loop
    vertex 3.106735916940885 1.071374360395577 0.3352087888712169
    vertex 3.157850190962638 1.025281759446218 0.3364210602551483
    vertex 2.958818383606941 1.024862902008749 0.3327220130400815
  endloop
endfacet
facet normal 0.0151901 0.00515078 -0.999871
  outer loop
    vertex 2.910897316935527 1.070916388437463 0.3322312341550942
    vertex 3.106735916940885 1.071374360395577 0.3352087888712169
    vertex 2.958818383606941 1.024862902008749 0.3327220130400815
  endloop
endfacet
facet normal 0.0290025 0.00587304 -0.999562
  outer loop
    vertex 3.302513943679871 1.072005968298967 0.3408930491008567
    vertex 3.157850190962638 1.025281759446218 0.3364210602551483
    vertex 3.106735916940885 1.071374360395577 0.3352087888712169
  endloop
endfacet
facet normal 0.084849 0.00248518 -0.996391
  outer loop
    vertex 4.084314205451804 1.068425460619163 0.3900851387416745
    vertex 4.279363985637759 1.061988831536396 0.4066788060523511
    vertex 4.14683376422633 1.018929073629666 0.3952856211865191
  endloop
endfacet
facet normal 0.119554 0.00445232 -0.992818
  outer loop
    vertex 4.861766235292957 1.012345236164975 0.4644039721792577
    vertex 5.053873425219344 0.9819609066877877 0.4874011013480067
    vertex 5.004080295948237 0.9444812220516308 0.481236975147956
  endloop
endfacet
facet normal 0.135161 0.0031043 -0.990819
  outer loop
    vertex 5.244508663798341 0.9444050918898861 0.512016869603829
    vertex 5.433614559989445 0.9003636650372255 0.5376753767536584
    vertex 5.330655488434607 0.8790571205967728 0.5235636721250788
  endloop
endfacet
facet normal 0.140598 -0.00179853 -0.990065
  outer loop
    vertex 5.65135421538363 0.7955124401452689 0.5680902935817044
    vertex 5.807150275863856 0.7949406573716891 0.5902157918502436
    vertex 5.840114706954471 0.7379435307377444 0.5950005807358877
  endloop
endfacet
facet normal 0.140606 0.000322977 -0.990066
  outer loop
    vertex 5.621195571874906 0.8504731045992715 0.5638251834936689
    vertex 5.807150275863856 0.7949406573716891 0.5902157918502436
    vertex 5.65135421538363 0.7955124401452689 0.5680902935817044
  endloop
endfacet
facet normal 0.1435 -0.00261592 -0.989647
  outer loop
    vertex 5.840114706954471 0.7379435307377444 0.5950005807358877
    vertex 5.991203428884891 0.7335380140439615 0.6169202443746798
    vertex 6.026878171216344 0.6743406661551424 0.6222495939294053
  endloop
endfacet
facet normal 0.143574 -4.1893e-05 -0.98964
  outer loop
    vertex 5.840114706954471 0.7379435307377444 0.5950005807358877
    vertex 5.807150275863856 0.7949406573716891 0.5902157918502436
    vertex 5.991203428884891 0.7335380140439615 0.6169202443746798
  endloop
endfacet
facet normal 0.147899 -0.00219642 -0.989
  outer loop
    vertex 6.026878171216344 0.6743406661551424 0.6222495939294053
    vertex 6.172989516156806 0.6659171382558389 0.6441183565743123
    vertex 6.211288350661386 0.6043996679581535 0.6499823334405368
  endloop
endfacet
facet normal 0.148033 0.000175795 -0.988982
  outer loop
    vertex 5.991203428884891 0.7335380140439615 0.6169202443746798
    vertex 6.172989516156806 0.6659171382558389 0.6441183565743123
    vertex 6.026878171216344 0.6743406661551424 0.6222495939294053
  endloop
endfacet
facet normal 0.153644 0.00146361 -0.988125
  outer loop
    vertex 6.172989516156806 0.6659171382558389 0.6441183565743123
    vertex 6.352187057288893 0.5919145926811971 0.6718722208218326
    vertex 6.211288350661386 0.6043996679581535 0.6499823334405368
  endloop
endfacet
facet normal 0.158777 0.00142339 -0.987313
  outer loop
    vertex 6.542919422442994 0.4588215381851033 0.7021508887124734
    vertex 6.528665872453748 0.5117482457593561 0.6999349790723246
    vertex 6.702455283864277 0.4258300536895816 0.7277594033388284
  endloop
endfacet
facet normal 1.35072e-09 1.8046e-07 -1
  outer loop
    vertex -0.02720315864679641 1.047749537179731 0.3316698926076866
    vertex 0.1718679980477902 1.024696239431075 0.3316698887163727
    vertex -0.02720247665068934 1.024696238066145 0.3316698884474836
  endloop
endfacet
facet normal 0.0472803 -0.00411206 -0.998873
  outer loop
    vertex 3.356808203608793 1.025708494316178 0.3429743468427133
    vertex 3.498186389575501 1.072614478220203 0.3494731886798581
    vertex 3.532001648271708 1.02590375760732 0.3512660811295671
  endloop
endfacet
facet normal 0.0671706 0.000832985 -0.997741
  outer loop
    vertex 3.724996494306251 1.025482675341042 0.3629542139174945
    vertex 3.69371499827118 1.072790433997999 0.3608877553358886
    vertex 3.742914950602199 1.025388411684104 0.3641604539044849
  endloop
endfacet
facet normal 0.0761656 -0.00103099 -0.997095
  outer loop
    vertex 3.858058298282923 1.02446815444659 0.3723278880181865
    vertex 3.889089670418782 1.071710277470469 0.3746494514073203
    vertex 3.973148448065617 1.022889706906936 0.38112097758979
  endloop
endfacet
facet normal 0.0786012 0.00318824 -0.996901
  outer loop
    vertex 3.973148448065617 1.022889706906936 0.38112097758979
    vertex 3.889089670418782 1.071710277470469 0.3746494514073203
    vertex 3.973750844878234 1.022879436312534 0.3811684410586939
  endloop
endfacet
facet normal 0.0786236 0.0032272 -0.996899
  outer loop
    vertex 3.973750844878234 1.022879436312534 0.3811684410586939
    vertex 3.889089670418782 1.071710277470469 0.3746494514073203
    vertex 3.974353240300263 1.022869143669206 0.3812159175266962
  endloop
endfacet
facet normal 0.124901 -0.00275787 -0.992165
  outer loop
    vertex 5.004080295948237 0.9444812220516308 0.481236975147956
    vertex 5.053873425219344 0.9819609066877877 0.4874011013480067
    vertex 5.172994757997834 0.9132943190699869 0.5025877949714337
  endloop
endfacet
facet normal 0.129779 0.00219673 -0.991541
  outer loop
    vertex 5.172994757997834 0.9132943190699869 0.5025877949714337
    vertex 5.244508663798341 0.9444050918898861 0.512016869603829
    vertex 5.186341352181136 0.9105830493863133 0.5043286669644921
  endloop
endfacet
facet normal 0.130162 0.00152548 -0.991492
  outer loop
    vertex 5.186341352181136 0.9105830493863133 0.5043286669644921
    vertex 5.244508663798341 0.9444050918898861 0.512016869603829
    vertex 5.199680274942027 0.9078381135502953 0.5060755683788059
  endloop
endfacet
facet normal 0.132143 -0.0009457 -0.99123
  outer loop
    vertex 5.199680274942027 0.9078381135502953 0.5060755683788059
    vertex 5.244508663798341 0.9444050918898861 0.512016869603829
    vertex 5.330655488434607 0.8790571205967728 0.5235636721250788
  endloop
endfacet
facet normal 0.157137 0.00196208 -0.987575
  outer loop
    vertex 6.401048391935185 0.5243478098403318 0.6795125227963477
    vertex 6.352187057288893 0.5919145926811971 0.6718722208218326
    vertex 6.409089676494193 0.5207657690095572 0.6807848901618242
  endloop
endfacet
facet normal 0.158228 0.0012719 -0.987402
  outer loop
    vertex 6.409089676494193 0.5207657690095572 0.6807848901618242
    vertex 6.528665872453748 0.5117482457593561 0.6999349790723246
    vertex 6.542919422442994 0.4588215381851033 0.7021508887124734
  endloop
endfacet
facet normal 0.15873 -0.00486324 -0.98731
  outer loop
    vertex 6.675023654163589 0.3932753293304353 0.7235095647780787
    vertex 6.702455283864277 0.4258300536895816 0.7277594033388284
    vertex 6.805381693200262 0.3243015272032648 0.7448070304876739
  endloop
endfacet
facet normal 0.188438 0.0336691 -0.981508
  outer loop
    vertex 7.074449614578872 0.1690122055741394 0.7896401320778281
    vertex 7.203366377055115 0.1312879463349937 0.8130966327335648
    vertex 7.207625621827484 0.08604593679145511 0.8123624021776124
  endloop
endfacet
facet normal 8.26577e-06 -7.02755e-05 -1
  outer loop
    vertex 0.168813577998568 1.070809149478074 0.331669892310327
    vertex -0.02720315864679641 1.047749537179731 0.3316698926076866
    vertex -0.02720599183416923 1.07080283442855 0.3316682725011582
  endloop
endfacet
facet normal -1.70799e-06 0.297872 -0.954606
  outer loop
    vertex -0.02720599183416923 1.07080283442855 0.3316682725011582
    vertex -0.0271280882748553 1.070807552453654 0.3316697445603542
    vertex 0.168813577998568 1.070809149478074 0.331669892310327
  endloop
endfacet
facet normal 1.24094e-10 7.97542e-08 -1
  outer loop
    vertex 0.1718679980477902 1.024696239431075 0.3316698887163727
    vertex 0.3646768182623939 1.070809155756444 0.3316698924179987
    vertex 0.3709361809418352 1.024696239470728 0.3316698887410758
  endloop
endfacet
facet normal 5.49727e-10 7.79745e-08 -1
  outer loop
    vertex 0.168813577998568 1.070809149478074 0.331669892310327
    vertex 0.3646768182623939 1.070809155756444 0.3316698924179987
    vertex 0.1718679980477902 1.024696239431075 0.3316698887163727
  endloop
endfacet
facet normal 2.34289e-10 2.93238e-08 -1
  outer loop
    vertex 0.5605400610201305 1.070809161615215 0.3316698901377029
    vertex 0.5700043705736069 1.024696239514518 0.3316698887877154
    vertex 0.3709361809418352 1.024696239470728 0.3316698887410758
  endloop
endfacet
facet normal -1.16423e-08 7.81571e-08 -1
  outer loop
    vertex 0.3646768182623939 1.070809155756444 0.3316698924179987
    vertex 0.5605400610201305 1.070809161615215 0.3316698901377029
    vertex 0.3709361809418352 1.024696239470728 0.3316698887410758
  endloop
endfacet
facet normal -3.26546e-10 -1.18419e-08 -1
  outer loop
    vertex 0.7564032983759819 1.070809167530156 0.3316698881807832
    vertex 0.7690725440420999 1.024696239536028 0.3316698887227105
    vertex 0.5700043705736069 1.024696239514518 0.3316698887877154
  endloop
endfacet
facet normal -9.99126e-09 2.72251e-08 -1
  outer loop
    vertex 0.5605400610201305 1.070809161615215 0.3316698901377029
    vertex 0.7564032983759819 1.070809167530156 0.3316698881807832
    vertex 0.5700043705736069 1.024696239514518 0.3316698887877154
  endloop
endfacet
facet normal -4.99769e-10 9.75245e-08 -1
  outer loop
    vertex 0.9522665390033705 1.070809174656352 0.3316698931282968
    vertex 0.9681407313438202 1.024696239550365 0.3316698886232223
    vertex 0.7690725440420999 1.024696239536028 0.3316698887227105
  endloop
endfacet
facet normal 2.526e-08 -4.81213e-09 -1
  outer loop
    vertex 0.9522665390033705 1.070809174656352 0.3316698931282968
    vertex 0.7690725440420999 1.024696239536028 0.3316698887227105
    vertex 0.7564032983759819 1.070809167530156 0.3316698881807832
  endloop
endfacet
facet normal 1.62475e-09 3.26894e-07 -1
  outer loop
    vertex 1.148129784087575 1.07080918281972 0.3316699039897167
    vertex 1.16720892154876 1.02469623964756 0.3316698889466581
    vertex 0.9681407313438202 1.024696239550365 0.3316698886232223
  endloop
endfacet
facet normal 5.54541e-08 1.16786e-07 -1
  outer loop
    vertex 1.148129784087575 1.07080918281972 0.3316699039897167
    vertex 0.9681407313438202 1.024696239550365 0.3316698886232223
    vertex 0.9522665390033705 1.070809174656352 0.3316698931282968
  endloop
endfacet
facet normal -3.59528e-09 2.42231e-07 -1
  outer loop
    vertex 1.34399301884134 1.07080918828373 0.3316698994810724
    vertex 1.366277105298927 1.024696239539398 0.3316698882309529
    vertex 1.16720892154876 1.02469623964756 0.3316698889466581
  endloop
endfacet
facet normal -2.30194e-08 3.16698e-07 -1
  outer loop
    vertex 1.34399301884134 1.07080918828373 0.3316698994810724
    vertex 1.16720892154876 1.02469623964756 0.3316698889466581
    vertex 1.148129784087575 1.07080918281972 0.3316699039897167
  endloop
endfacet
facet normal 1.31454e-08 -6.19411e-07 -1
  outer loop
    vertex 1.539856259358896 1.070809187949343 0.3316698619498742
    vertex 1.565345291681966 1.024696240087282 0.3316698908477848
    vertex 1.366277105298927 1.024696239539398 0.3316698882309529
  endloop
endfacet
facet normal -1.91619e-07 1.51369e-07 -1
  outer loop
    vertex 1.34399301884134 1.07080918828373 0.3316698994810724
    vertex 1.539856259358896 1.070809187949343 0.3316698619498742
    vertex 1.366277105298927 1.024696239539398 0.3316698882309529
  endloop
endfacet
facet normal -4.50514e-08 -8.7552e-07 -1
  outer loop
    vertex 1.735719507970347 1.070809190840037 0.3316698427993595
    vertex 1.764413440914969 1.024696238351405 0.3316698818794891
    vertex 1.565345291681966 1.024696240087282 0.3316698908477848
  endloop
endfacet
facet normal -9.77749e-08 -6.80722e-07 -1
  outer loop
    vertex 1.735719507970347 1.070809190840037 0.3316698427993595
    vertex 1.565345291681966 1.024696240087282 0.3316698908477848
    vertex 1.539856259358896 1.070809187949343 0.3316698619498742
  endloop
endfacet
facet normal 1.40657e-07 5.20066e-07 -1
  outer loop
    vertex 1.93158274020596 1.070809212288807 0.3316699293748641
    vertex 1.963481656609681 1.02469624389984 0.3316699098798856
    vertex 1.764413440914969 1.024696238351405 0.3316698818794891
  endloop
endfacet
facet normal 4.4202e-07 -5.72439e-07 -1
  outer loop
    vertex 1.93158274020596 1.070809212288807 0.3316699293748641
    vertex 1.764413440914969 1.024696238351405 0.3316698818794891
    vertex 1.735719507970347 1.070809190840037 0.3316698427993595
  endloop
endfacet
facet normal -3.60732e-07 3.91552e-07 -1
  outer loop
    vertex 2.127445978763352 1.07080920790177 0.3316698687883576
    vertex 2.162549838256559 1.024696229778427 0.3316698380696257
    vertex 1.963481656609681 1.02469624389984 0.3316699098798856
  endloop
endfacet
facet normal -3.09331e-07 2.08784e-07 -1
  outer loop
    vertex 1.93158274020596 1.070809212288807 0.3316699293748641
    vertex 2.127445978763352 1.07080920790177 0.3316698687883576
    vertex 1.963481656609681 1.02469624389984 0.3316699098798856
  endloop
endfacet
facet normal 5.24953e-07 -4.12359e-06 -1
  outer loop
    vertex 2.323309226180014 1.070809190189954 0.3316697323098725
    vertex 2.361618020017939 1.024696250400351 0.3316699425709324
    vertex 2.162549838256559 1.024696229778427 0.3316698380696257
  endloop
endfacet
facet normal -6.96805e-07 1.35714e-07 -1
  outer loop
    vertex 2.127445978763352 1.07080920790177 0.3316698687883576
    vertex 2.323309226180014 1.070809190189954 0.3316697323098725
    vertex 2.162549838256559 1.024696229778427 0.3316698380696257
  endloop
endfacet
facet normal -4.66827e-06 -8.43791e-06 -1
  outer loop
    vertex 2.323309226180014 1.070809190189954 0.3316697323098725
    vertex 2.519172241252578 1.07080903592451 0.3316688179691645
    vertex 2.361618020017939 1.024696250400351 0.3316699425709324
  endloop
endfacet
facet normal 1.16205e-06 -8.42924e-06 -1
  outer loop
    vertex 2.519172241252578 1.07080903592451 0.3316688179691645
    vertex 2.715035713052107 1.070809082171014 0.3316690455728275
    vertex 2.560686204948825 1.024696114915165 0.3316692549077318
  endloop
endfacet
facet normal 0.0582749 0.0038695 -0.998293
  outer loop
    vertex 3.498186389575501 1.072614478220203 0.3494731886798581
    vertex 3.69371499827118 1.072790433997999 0.3608877553358886
    vertex 3.532001648271708 1.02590375760732 0.3512660811295671
  endloop
endfacet
facet normal 0.0861296 -0.00148501 -0.996283
  outer loop
    vertex 4.14683376422633 1.018929073629666 0.3952856211865191
    vertex 4.279363985637759 1.061988831536396 0.4066788060523511
    vertex 4.319169624488902 1.012537496907858 0.4101937520502961
  endloop
endfacet
facet normal 0.0911868 -0.00125173 -0.995833
  outer loop
    vertex 4.319169624488902 1.012537496907858 0.4101937520502961
    vertex 4.474132163561169 1.051314389365671 0.4243346707195909
    vertex 4.491274525568581 1.002877019543159 0.4259652522813758
  endloop
endfacet
facet normal 0.0903873 0.0019691 -0.995905
  outer loop
    vertex 4.279363985637759 1.061988831536396 0.4066788060523511
    vertex 4.474132163561169 1.051314389365671 0.4243346707195909
    vertex 4.319169624488902 1.012537496907858 0.4101937520502961
  endloop
endfacet
facet normal 0.0981689 0.000363011 -0.99517
  outer loop
    vertex 4.491274525568581 1.002877019543159 0.4259652522813758
    vertex 4.668382525756969 1.035173284253663 0.4434479164968196
    vertex 4.662973391061768 0.9889406257703872 0.4428974660131597
  endloop
endfacet
facet normal 0.0980198 0.00118838 -0.995184
  outer loop
    vertex 4.474132163561169 1.051314389365671 0.4243346707195909
    vertex 4.668382525756969 1.035173284253663 0.4434479164968196
    vertex 4.491274525568581 1.002877019543159 0.4259652522813758
  endloop
endfacet
facet normal 0.106692 -0.000644611 -0.994292
  outer loop
    vertex 4.662973391061768 0.9889406257703872 0.4428974660131597
    vertex 4.668382525756969 1.035173284253663 0.4434479164968196
    vertex 4.834013462892663 0.9697459677269684 0.461263252771991
  endloop
endfacet
facet normal 0.116274 -0.00252419 -0.993214
  outer loop
    vertex 4.834013462892663 0.9697459677269684 0.461263252771991
    vertex 4.861766235292957 1.012345236164975 0.4644039721792577
    vertex 5.004080295948237 0.9444812220516308 0.481236975147956
  endloop
endfacet
facet normal 0.108071 0.00288836 -0.994139
  outer loop
    vertex 4.668382525756969 1.035173284253663 0.4434479164968196
    vertex 4.861766235292957 1.012345236164975 0.4644039721792577
    vertex 4.834013462892663 0.9697459677269684 0.461263252771991
  endloop
endfacet
facet normal 0.15769 -0.00396401 -0.987481
  outer loop
    vertex 6.542919422442994 0.4588215381851033 0.7021508887124734
    vertex 6.702455283864277 0.4258300536895816 0.7277594033388284
    vertex 6.675023654163589 0.3932753293304353 0.7235095647780787
  endloop
endfacet
facet normal 0 0 1
  outer loop
    vertex 5.896626936020481 -0.9779710397614494 1.311497594424157
    vertex 6.073829895330661 -0.9045339114380117 1.311497594424157
    vertex 5.925851362896718 -0.753495187846017 1.311497594424157
  endloop
endfacet
facet normal 0 0 1
  outer loop
    vertex 7.371004126272947 0.276985580061349 1.311497594424157
    vertex 7.133039456471965 0.3145205318563193 1.311497594424157
    vertex 7.227931807353563 0.1246245588485166 1.311497594424157
  endloop
endfacet
facet normal -0 0 1
  outer loop
    vertex 7.219671364030925 -0.2169043949842011 1.311497594424157
    vertex 7.397460614280379 -0.2734071561274773 1.311497594424157
    vertex 7.332686750207464 -0.05939768401752987 1.311497594424157
  endloop
endfacet
facet normal 0 0 1
  outer loop
    vertex 7.332686750207464 -0.05939768401752987 1.311497594424157
    vertex 7.397460614280379 -0.2734071561274773 1.311497594424157
    vertex 7.516932928204302 -0.146411963526057 1.311497594424157
  endloop
endfacet
facet normal 0 0 1
  outer loop
    vertex 0.8839131317661566 -0.1283040386553849 1.311497594424157
    vertex 0.6858003589221917 -0.1255366192335727 1.311497594424157
    vertex 0.7823023467901622 -0.2956774558966676 1.311497594424157
  endloop
endfacet
facet normal 0 0 1
  outer loop
    vertex 6.258811415699307 0.883639712575975 1.311497594424157
    vertex 6.143720053847791 0.6724417221126688 1.311497594424157
    vertex 6.34307573224655 0.6664548265512289 1.311497594424157
  endloop
endfacet
facet normal 0 0 1
  outer loop
    vertex 7.371004126272947 0.276985580061349 1.311497594424157
    vertex 7.27824590070913 0.4372502571053418 1.311497594424157
    vertex 7.133039456471965 0.3145205318563193 1.311497594424157
  endloop
endfacet
facet normal 0 0 1
  outer loop
    vertex -0.1124338106207139 -0.9468846086311309 1.311497594424157
    vertex 0.07338327111972782 -0.8228539462625366 1.311497594424157
    vertex -0.1124338106207139 -0.7575076869049058 1.311497594424157
  endloop
endfacet
facet normal 0 0 1
  outer loop
    vertex 5.925851362896718 -0.753495187846017 1.311497594424157
    vertex 5.77656654975537 -0.8634006612439161 1.311497594424157
    vertex 5.896626936020481 -0.9779710397614494 1.311497594424157
  endloop
endfacet
facet normal 0 -0 1
  outer loop
    vertex 0.2865993993546389 -0.1154101142052741 1.311497594424157
    vertex 0.3968777617917162 0.04947493884385001 1.311497594424157
    vertex 0.2086502382030447 0.05854955364670444 1.311497594424157
  endloop
endfacet
facet normal 0 0 1
  outer loop
    vertex -0.1124338106207139 0.7575076869049034 1.311497594424157
    vertex 0.07076587729506255 0.821191682048543 1.311497594424157
    vertex -0.1124338106207139 0.9468846086311297 1.311497594424157
  endloop
endfacet
facet normal 0 0 1
  outer loop
    vertex 0.5830417048028022 -0.2925408597291224 1.311497594424157
    vertex 0.4874097470511847 -0.1213004349381623 1.311497594424157
    vertex 0.382868452499374 -0.2892369968918946 1.311497594424157
  endloop
endfacet
facet normal -0 0 1
  outer loop
    vertex -0.1124338106207139 -0.9468846086311309 1.311497594424157
    vertex 0.03493876705159411 -0.9934321265618506 1.311497594424157
    vertex 0.07338327111972782 -0.8228539462625366 1.311497594424157
  endloop
endfacet
facet normal 0 0 1
  outer loop
    vertex 0.2799205791758512 -0.4599358205052094 1.311497594424157
    vertex 0.1821609395208127 -0.2863551763871925 1.311497594424157
    vertex 0.06597431741321584 -0.4647478932710492 1.311497594424157
  endloop
endfacet
facet normal 0 0 1
  outer loop
    vertex 6.258811415699307 0.883639712575975 1.311497594424157
    vertex 6.037813645439226 0.8369943867821601 1.311497594424157
    vertex 6.143720053847791 0.6724417221126688 1.311497594424157
  endloop
endfacet
facet normal 0 -0 1
  outer loop
    vertex 0.5830417048028022 -0.2925408597291224 1.311497594424157
    vertex 0.6858003589221917 -0.1255366192335727 1.311497594424157
    vertex 0.4874097470511847 -0.1213004349381623 1.311497594424157
  endloop
endfacet
facet normal 0 -0 1
  outer loop
    vertex 0.1971430490659806 -0.6293451457996679 1.311497594424157
    vertex 0.2799205791758512 -0.4599358205052094 1.311497594424157
    vertex 0.06597431741321584 -0.4647478932710492 1.311497594424157
  endloop
endfacet
facet normal -0 0 1
  outer loop
    vertex 0.03795661191865281 0.4804034710742255 1.311497594424157
    vertex 0.2102625034387333 0.3830872591845005 1.311497594424157
    vertex 0.1927538794659011 0.6159682108087849 1.311497594424157
  endloop
endfacet
facet normal 0 0 1
  outer loop
    vertex 0.07076587729506255 0.821191682048543 1.311497594424157
    vertex 0.03493876688991797 0.993432126655019 1.311497594424157
    vertex -0.1124338106207139 0.9468846086311297 1.311497594424157
  endloop
endfacet
facet normal 0 0 1
  outer loop
    vertex 6.945867157390986 -0.4007787916760484 1.311497594424157
    vertex 6.971636320235744 -0.6147478225219769 1.311497594424157
    vertex 7.12385760436988 -0.5123190535992754 1.311497594424157
  endloop
endfacet
facet normal 0 0 1
  outer loop
    vertex 0.7823023467901622 -0.2956774558966676 1.311497594424157
    vertex 0.6858003589221917 -0.1255366192335727 1.311497594424157
    vertex 0.5830417048028022 -0.2925408597291224 1.311497594424157
  endloop
endfacet
facet normal 0 0 1
  outer loop
    vertex 0.7875022142243421 0.04031254607217538 1.311497594424157
    vertex 0.6858003589221917 -0.1255366192335727 1.311497594424157
    vertex 0.8839131317661566 -0.1283040386553849 1.311497594424157
  endloop
endfacet
facet normal 0 -0 1
  outer loop
    vertex 0.2102625034387333 0.3830872591845005 1.311497594424157
    vertex 0.3343060551236355 0.5094881577968915 1.311497594424157
    vertex 0.1927538794659011 0.6159682108087849 1.311497594424157
  endloop
endfacet
facet normal 0 0 1
  outer loop
    vertex 0.382868452499374 -0.2892369968918946 1.311497594424157
    vertex 0.4808985500290262 -0.4610007630948336 1.311497594424157
    vertex 0.5830417048028022 -0.2925408597291224 1.311497594424157
  endloop
endfacet
facet normal 0 0 1
  outer loop
    vertex 6.218863376124595 -1.081580800747266 1.311497594424157
    vertex 6.073829895330661 -0.9045339114380117 1.311497594424157
    vertex 6.026155638447094 -1.128014916768806 1.311497594424157
  endloop
endfacet
facet normal 0 0 1
  outer loop
    vertex 0.4874097470511847 -0.1213004349381623 1.311497594424157
    vertex 0.3968777617917162 0.04947493884385001 1.311497594424157
    vertex 0.2865993993546389 -0.1154101142052741 1.311497594424157
  endloop
endfacet
facet normal 0 0 1
  outer loop
    vertex 0.7812617652302746 0.9928466535780356 1.311497594424157
    vertex 0.6842192720986805 0.832912965392399 1.311497594424157
    vertex 0.8834897535176521 0.8390179206587851 1.311497594424157
  endloop
endfacet
facet normal 0 0 1
  outer loop
    vertex 0.8834897535176521 0.8390179206587851 1.311497594424157
    vertex 0.6842192720986805 0.832912965392399 1.311497594424157
    vertex 0.7873080507382625 0.6809053366299158 1.311497594424157
  endloop
endfacet
facet normal 0 -0 1
  outer loop
    vertex 0.1821609395208127 -0.2863551763871925 1.311497594424157
    vertex 0.2865993993546389 -0.1154101142052741 1.311497594424157
    vertex 0.06444030509640429 -0.104417072623276 1.311497594424157
  endloop
endfacet
facet normal -0 0 1
  outer loop
    vertex 5.637804490789648 0.8380966325027772 1.311497594424157
    vertex 5.836782875830425 0.8339945994259998 1.311497594424157
    vertex 5.733813134738599 1.004948718478609 1.311497594424157
  endloop
endfacet
facet normal 0 -0 1
  outer loop
    vertex 6.34307573224655 0.6664548265512289 1.311497594424157
    vertex 6.462575722457668 0.8253884463548717 1.311497594424157
    vertex 6.258811415699307 0.883639712575975 1.311497594424157
  endloop
endfacet
facet normal 0 0 1
  outer loop
    vertex 5.733813134738599 1.004948718478609 1.311497594424157
    vertex 5.836782875830425 0.8339945994259998 1.311497594424157
    vertex 5.926890807905387 0.9933467588984868 1.311497594424157
  endloop
endfacet
facet normal 0 0 1
  outer loop
    vertex 5.142378297163604 1.034637213047618 1.311497594424157
    vertex 5.045168362113452 0.8573535392771487 1.311497594424157
    vertex 5.243476388906501 0.8535418841970339 1.311497594424157
  endloop
endfacet
facet normal -0 0 1
  outer loop
    vertex 6.813222036103946 -0.5340671160008807 1.311497594424157
    vertex 6.971636320235744 -0.6147478225219769 1.311497594424157
    vertex 6.945867157390986 -0.4007787916760484 1.311497594424157
  endloop
endfacet
facet normal 0 0 1
  outer loop
    vertex 0.396489591499671 0.6596269568493491 1.311497594424157
    vertex 0.5906446946769029 0.6735786786930649 1.311497594424157
    vertex 0.4829617623132501 0.8224293718452096 1.311497594424157
  endloop
endfacet
facet normal -1.23112e-16 5.66178e-15 1
  outer loop
    vertex 0.7812617652302746 0.9928466535780356 1.311497594424157
    vertex 0.9802464735915829 0.9971734566254755 1.311497594424157
    vertex 0.8786476223294244 1.151836961048374 1.311497594424156
  endloop
endfacet
facet normal 0 0 1
  outer loop
    vertex 0.06444030509640429 -0.104417072623276 1.311497594424157
    vertex 0.01462959587295799 -0.2847572368136014 1.311497594424157
    vertex 0.1821609395208127 -0.2863551763871925 1.311497594424157
  endloop
endfacet
facet normal 0 0 1
  outer loop
    vertex 6.623570966166487 -0.7681101311563442 1.311497594424157
    vertex 6.792387329610494 -0.7065145810464486 1.311497594424157
    vertex 6.627233694816489 -0.5720399315097883 1.311497594424157
  endloop
endfacet
facet normal -0 0 1
  outer loop
    vertex 0.2086502382030447 0.05854955364670444 1.311497594424157
    vertex 0.3968777617917162 0.04947493884385001 1.311497594424157
    vertex 0.3118132237746651 0.2181223947281059 1.311497594424157
  endloop
endfacet
facet normal -0 0 1
  outer loop
    vertex 5.925851362896718 -0.753495187846017 1.311497594424157
    vertex 6.073829895330661 -0.9045339114380117 1.311497594424157
    vertex 6.142497976645926 -0.7219277249119638 1.311497594424157
  endloop
endfacet
facet normal -0 0 1
  outer loop
    vertex 0.2799205791758512 -0.4599358205052094 1.311497594424157
    vertex 0.4808985500290262 -0.4610007630948336 1.311497594424157
    vertex 0.382868452499374 -0.2892369968918946 1.311497594424157
  endloop
endfacet
facet normal 0 -0 1
  outer loop
    vertex 0.500546170958612 0.5207681385646248 1.311497594424157
    vertex 0.5906446946769029 0.6735786786930649 1.311497594424157
    vertex 0.396489591499671 0.6596269568493491 1.311497594424157
  endloop
endfacet
facet normal 0 0 1
  outer loop
    vertex 0.6858003589221917 -0.1255366192335727 1.311497594424157
    vertex 0.5910066485416331 0.04384677273815529 1.311497594424157
    vertex 0.4874097470511847 -0.1213004349381623 1.311497594424157
  endloop
endfacet
facet normal 0 -0 1
  outer loop
    vertex 0.4874097470511847 -0.1213004349381623 1.311497594424157
    vertex 0.5910066485416331 0.04384677273815529 1.311497594424157
    vertex 0.3968777617917162 0.04947493884385001 1.311497594424157
  endloop
endfacet
facet normal 0 -0 1
  outer loop
    vertex 6.026155638447094 -1.128014916768806 1.311497594424157
    vertex 6.073829895330661 -0.9045339114380117 1.311497594424157
    vertex 5.896626936020481 -0.9779710397614494 1.311497594424157
  endloop
endfacet
facet normal 0 0 1
  outer loop
    vertex 6.270756219686489 -0.8801287994945757 1.311497594424157
    vertex 6.073829895330661 -0.9045339114380117 1.311497594424157
    vertex 6.218863376124595 -1.081580800747266 1.311497594424157
  endloop
endfacet
facet normal 0 -0 1
  outer loop
    vertex 0.8834897535176521 0.8390179206587851 1.311497594424157
    vertex 0.9802464735915829 0.9971734566254755 1.311497594424157
    vertex 0.7812617652302746 0.9928466535780356 1.311497594424157
  endloop
endfacet
facet normal 0 0 1
  outer loop
    vertex 5.537603531868807 1.020193413977745 1.311497594424157
    vertex 5.441072443160329 0.8474489347050824 1.311497594424157
    vertex 5.637804490789648 0.8380966325027772 1.311497594424157
  endloop
endfacet
facet normal -6.51349e-15 6.03559e-15 1
  outer loop
    vertex 5.239438859120933 1.215496123176905 1.311497594424155
    vertex 5.340252429996281 1.029978450145582 1.311497594424157
    vertex 5.437545059757514 1.208553131769106 1.311497594424156
  endloop
endfacet
facet normal 0 0 1
  outer loop
    vertex 7.12385760436988 -0.5123190535992754 1.311497594424157
    vertex 7.12097329905609 -0.3435161002448096 1.311497594424157
    vertex 6.945867157390986 -0.4007787916760484 1.311497594424157
  endloop
endfacet
facet normal 0 0 1
  outer loop
    vertex 4.745949315286214 1.035630783335936 1.311497594424157
    vertex 4.648514259900065 0.8598315110732877 1.311497594424157
    vertex 4.846866488560092 0.8591511116904582 1.311497594424157
  endloop
endfacet
facet normal 0 0 1
  outer loop
    vertex 6.143720053847791 0.6724417221126688 1.311497594424157
    vertex 6.037813645439226 0.8369943867821601 1.311497594424157
    vertex 5.939402108431771 0.6666047302621363 1.311497594424157
  endloop
endfacet
facet normal -0 0 1
  outer loop
    vertex 6.627233694816489 -0.5720399315097883 1.311497594424157
    vertex 6.792387329610494 -0.7065145810464486 1.311497594424157
    vertex 6.813222036103946 -0.5340671160008807 1.311497594424157
  endloop
endfacet
facet normal 4.37709e-15 8.73755e-15 1
  outer loop
    vertex 4.842979462381423 1.21385367494777 1.311497594424156
    vertex 4.94409097485428 1.03613832408999 1.311497594424157
    vertex 5.041203923620898 1.216203622241009 1.311497594424155
  endloop
endfacet
facet normal 0 0 1
  outer loop
    vertex 4.745949315286214 1.035630783335936 1.311497594424157
    vertex 4.54764622154971 1.034474667820331 1.311497594424157
    vertex 4.648514259900065 0.8598315110732877 1.311497594424157
  endloop
endfacet
facet normal 0 0 1
  outer loop
    vertex 5.142378297163604 1.034637213047618 1.311497594424157
    vertex 4.94409097485428 1.03613832408999 1.311497594424157
    vertex 5.045168362113452 0.8573535392771487 1.311497594424157
  endloop
endfacet
facet normal 0 0 1
  outer loop
    vertex 6.037813645439226 0.8369943867821601 1.311497594424157
    vertex 5.836782875830425 0.8339945994259998 1.311497594424157
    vertex 5.939402108431771 0.6666047302621363 1.311497594424157
  endloop
endfacet
facet normal 0 -0 1
  outer loop
    vertex 5.243476388906501 0.8535418841970339 1.311497594424157
    vertex 5.340252429996281 1.029978450145582 1.311497594424157
    vertex 5.142378297163604 1.034637213047618 1.311497594424157
  endloop
endfacet
facet normal 0 -0 1
  outer loop
    vertex 6.270756219686489 -0.8801287994945757 1.311497594424157
    vertex 6.329082286669461 -0.7028881748363134 1.311497594424157
    vertex 6.142497976645926 -0.7219277249119638 1.311497594424157
  endloop
endfacet
facet normal 0 0 1
  outer loop
    vertex 4.648514259900065 0.8598315110732877 1.311497594424157
    vertex 4.54764622154971 1.034474667820331 1.311497594424157
    vertex 4.450423943166482 0.8597264235305488 1.311497594424157
  endloop
endfacet
facet normal 0 0 1
  outer loop
    vertex 6.142497976645926 -0.7219277249119638 1.311497594424157
    vertex 6.073829895330661 -0.9045339114380117 1.311497594424157
    vertex 6.270756219686489 -0.8801287994945757 1.311497594424157
  endloop
endfacet
facet normal 0 -0 1
  outer loop
    vertex 4.846866488560092 0.8591511116904582 1.311497594424157
    vertex 4.94409097485428 1.03613832408999 1.311497594424157
    vertex 4.745949315286214 1.035630783335936 1.311497594424157
  endloop
endfacet
facet normal 0 -0 1
  outer loop
    vertex 1.18433682223517 0.6892497087674925 1.311497594424157
    vertex 1.280988519472002 0.846680561788179 1.311497594424157
    vertex 1.082300719087113 0.8433122889470701 1.311497594424157
  endloop
endfacet
facet normal -0 0 1
  outer loop
    vertex 3.260083591166874 -0.5037532296262148 1.311497594424157
    vertex 3.459726749586046 -0.5065586589159651 1.311497594424157
    vertex 3.360548424873496 -0.333435138283724 1.311497594424157
  endloop
endfacet
facet normal 0 -0 1
  outer loop
    vertex 5.637804490789648 0.8380966325027772 1.311497594424157
    vertex 5.733813134738599 1.004948718478609 1.311497594424157
    vertex 5.537603531868807 1.020193413977745 1.311497594424157
  endloop
endfacet
facet normal 0 -0 1
  outer loop
    vertex 0.2799205791758512 -0.4599358205052094 1.311497594424157
    vertex 0.382868452499374 -0.2892369968918946 1.311497594424157
    vertex 0.1821609395208127 -0.2863551763871925 1.311497594424157
  endloop
endfacet
facet normal 0 -0 1
  outer loop
    vertex 4.450423943166482 0.8597264235305488 1.311497594424157
    vertex 4.54764622154971 1.034474667820331 1.311497594424157
    vertex 4.349689357665532 1.032835629893418 1.311497594424157
  endloop
endfacet
facet normal 0 0 1
  outer loop
    vertex 3.35909955618658 -0.676539886074603 1.311497594424157
    vertex 3.260083591166874 -0.5037532296262148 1.311497594424157
    vertex 3.159657661972648 -0.6736105116292926 1.311497594424157
  endloop
endfacet
facet normal 0 0 1
  outer loop
    vertex 4.349318472171186 -0.3461658728024314 1.311497594424157
    vertex 4.448265285915681 -0.5200626449238812 1.311497594424157
    vertex 4.547110702232927 -0.3492054736800634 1.311497594424157
  endloop
endfacet
facet normal 0 0 1
  outer loop
    vertex 4.645409210405719 -0.5231111743844005 1.311497594424157
    vertex 4.743773425785434 -0.6969627885519178 1.311497594424157
    vertex 4.842360123586443 -0.5253285881948223 1.311497594424157
  endloop
endfacet
facet normal 0 -0 1
  outer loop
    vertex 7.269093381977915 -0.4033564964455373 1.311497594424157
    vertex 7.397460614280379 -0.2734071561274773 1.311497594424157
    vertex 7.219671364030925 -0.2169043949842011 1.311497594424157
  endloop
endfacet
facet normal 0 -0 1
  outer loop
    vertex 3.35909955618658 -0.676539886074603 1.311497594424157
    vertex 3.459726749586046 -0.5065586589159651 1.311497594424157
    vertex 3.260083591166874 -0.5037532296262148 1.311497594424157
  endloop
endfacet
facet normal 8.3676e-17 1.10531e-14 1
  outer loop
    vertex 5.041203923620898 1.216203622241009 1.311497594424155
    vertex 4.94409097485428 1.03613832408999 1.311497594424157
    vertex 5.142378297163604 1.034637213047618 1.311497594424157
  endloop
endfacet
facet normal 0 0 1
  outer loop
    vertex 5.537603531868807 1.020193413977745 1.311497594424157
    vertex 5.340252429996281 1.029978450145582 1.311497594424157
    vertex 5.441072443160329 0.8474489347050824 1.311497594424157
  endloop
endfacet
facet normal 0 0 1
  outer loop
    vertex 4.349689357665532 1.032835629893418 1.311497594424157
    vertex 4.252335610792227 0.8593057999233757 1.311497594424157
    vertex 4.450423943166482 0.8597264235305488 1.311497594424157
  endloop
endfacet
facet normal 1.2006e-16 2.42144e-15 1
  outer loop
    vertex 5.437545059757514 1.208553131769106 1.311497594424156
    vertex 5.340252429996281 1.029978450145582 1.311497594424157
    vertex 5.537603531868807 1.020193413977745 1.311497594424157
  endloop
endfacet
facet normal 0 0 1
  outer loop
    vertex 1.477585206177149 -0.4770878849533706 1.311497594424157
    vertex 1.278996420263987 -0.4739368354157273 1.311497594424157
    vertex 1.377391861386569 -0.6464151878477682 1.311497594424157
  endloop
endfacet
facet normal -1.59789e-17 6.23811e-15 1
  outer loop
    vertex 4.745949315286214 1.035630783335936 1.311497594424157
    vertex 4.94409097485428 1.03613832408999 1.311497594424157
    vertex 4.842979462381423 1.21385367494777 1.311497594424156
  endloop
endfacet
facet normal 0 0 1
  outer loop
    vertex 5.926890807905387 0.9933467588984868 1.311497594424157
    vertex 5.836782875830425 0.8339945994259998 1.311497594424157
    vertex 6.037813645439226 0.8369943867821601 1.311497594424157
  endloop
endfacet
facet normal 0 0 1
  outer loop
    vertex 5.045168362113452 0.8573535392771487 1.311497594424157
    vertex 4.94409097485428 1.03613832408999 1.311497594424157
    vertex 4.846866488560092 0.8591511116904582 1.311497594424157
  endloop
endfacet
facet normal 2.28359e-16 9.69923e-15 1
  outer loop
    vertex 5.142378297163604 1.034637213047618 1.311497594424157
    vertex 5.340252429996281 1.029978450145582 1.311497594424157
    vertex 5.239438859120933 1.215496123176905 1.311497594424155
  endloop
endfacet
facet normal 0 0 1
  outer loop
    vertex 5.441072443160329 0.8474489347050824 1.311497594424157
    vertex 5.340252429996281 1.029978450145582 1.311497594424157
    vertex 5.243476388906501 0.8535418841970339 1.311497594424157
  endloop
endfacet
facet normal 0 0 1
  outer loop
    vertex 1.082300719087113 0.8433122889470701 1.311497594424157
    vertex 1.280988519472002 0.846680561788179 1.311497594424157
    vertex 1.17891507246557 1.001075271882938 1.311497594424157
  endloop
endfacet
facet normal 0 0 1
  outer loop
    vertex 3.159657661972648 -0.6736105116292926 1.311497594424157
    vertex 3.258571885762279 -0.8463758264695094 1.311497594424157
    vertex 3.35909955618658 -0.676539886074603 1.311497594424157
  endloop
endfacet
facet normal 0 -0 1
  outer loop
    vertex 6.815987577892547 0.4974849958500014 1.311497594424157
    vertex 6.970646493724588 0.6152951784184499 1.311497594424157
    vertex 6.807918111365555 0.6993803809251349 1.311497594424157
  endloop
endfacet
facet normal 0 0 1
  outer loop
    vertex 4.151757306346378 -0.3432583593344422 1.311497594424157
    vertex 3.954453470144198 -0.340582907375627 1.311497594424157
    vertex 4.053720619483559 -0.5142813172764082 1.311497594424157
  endloop
endfacet
facet normal 0 0 1
  outer loop
    vertex 4.053720619483559 -0.5142813172764082 1.311497594424157
    vertex 3.954453470144198 -0.340582907375627 1.311497594424157
    vertex 3.856702322111639 -0.5116166393390125 1.311497594424157
  endloop
endfacet
facet normal 0 -0 1
  outer loop
    vertex 3.158225010213197 -1.016126570346023 1.311497594424157
    vertex 3.258571885762279 -0.8463758264695094 1.311497594424157
    vertex 3.059411817935624 -0.8433570179531442 1.311497594424157
  endloop
endfacet
facet normal 0 0 1
  outer loop
    vertex 6.807918111365555 0.6993803809251349 1.311497594424157
    vertex 6.678397338879549 0.6193849635774016 1.311497594424157
    vertex 6.815987577892547 0.4974849958500014 1.311497594424157
  endloop
endfacet
facet normal 0 0 1
  outer loop
    vertex 4.151757306346378 -0.3432583593344422 1.311497594424157
    vertex 4.053720619483559 -0.5142813172764082 1.311497594424157
    vertex 4.250951045618109 -0.5171044423028222 1.311497594424157
  endloop
endfacet
facet normal 0 0 1
  outer loop
    vertex 1.178714797685773 -0.6432647628608481 1.311497594424157
    vertex 0.9797883935454795 -0.6400701344149484 1.311497594424157
    vertex 1.078623829676281 -0.8128280358758251 1.311497594424157
  endloop
endfacet
facet normal 0 0 1
  outer loop
    vertex 3.258571885762279 -0.8463758264695094 1.311497594424157
    vertex 3.357439688532106 -1.01925026651225 1.311497594424157
    vertex 3.457823860261389 -0.8494113241056737 1.311497594424157
  endloop
endfacet
facet normal 0 -0 1
  outer loop
    vertex 4.250951045618109 -0.5171044423028222 1.311497594424157
    vertex 4.349318472171186 -0.3461658728024314 1.311497594424157
    vertex 4.151757306346378 -0.3432583593344422 1.311497594424157
  endloop
endfacet
facet normal 0 0 1
  outer loop
    vertex 3.954453470144198 -0.340582907375627 1.311497594424157
    vertex 3.757231989942844 -0.3383259593633453 1.311497594424157
    vertex 3.856702322111639 -0.5116166393390125 1.311497594424157
  endloop
endfacet
facet normal 0 -0 1
  outer loop
    vertex 0.9787190328320673 -0.9824237031395502 1.311497594424157
    vertex 1.078623829676281 -0.8128280358758251 1.311497594424157
    vertex 0.8801711768715063 -0.8099044195100653 1.311497594424157
  endloop
endfacet
facet normal 0 0 1
  outer loop
    vertex 1.080123408039105 -0.4704926013242349 1.311497594424157
    vertex 0.9797883935454795 -0.6400701344149484 1.311497594424157
    vertex 1.178714797685773 -0.6432647628608481 1.311497594424157
  endloop
endfacet
facet normal 0 0 1
  outer loop
    vertex 3.856702322111639 -0.5116166393390125 1.311497594424157
    vertex 3.757231989942844 -0.3383259593633453 1.311497594424157
    vertex 3.658679500563795 -0.5090924152417589 1.311497594424157
  endloop
endfacet
facet normal 0 0 1
  outer loop
    vertex 3.059411817935624 -0.8433570179531442 1.311497594424157
    vertex 2.861745584940432 -0.8402949743010009 1.311497594424157
    vertex 2.960219159356834 -1.013157367465574 1.311497594424157
  endloop
endfacet
facet normal 0 0 1
  outer loop
    vertex 2.072198607871468 -0.4857411988172391 1.311497594424157
    vertex 1.97408360863009 -0.3133609527047934 1.311497594424157
    vertex 1.874093444802757 -0.4829367756108081 1.311497594424157
  endloop
endfacet
facet normal 1.24361e-15 -2.42915e-15 1
  outer loop
    vertex 6.971636320235744 -0.6147478225219769 1.311497594424157
    vertex 6.792387329610494 -0.7065145810464486 1.311497594424157
    vertex 6.959920327151768 -0.8035625695216879 1.311497594424156
  endloop
endfacet
facet normal 0 0 1
  outer loop
    vertex 2.960219159356834 -1.013157367465574 1.311497594424157
    vertex 2.861745584940432 -0.8402949743010009 1.311497594424157
    vertex 2.762204527176898 -1.010081701964142 1.311497594424157
  endloop
endfacet
facet normal 0 0 1
  outer loop
    vertex 1.379401300510341 -0.3048722360066978 1.311497594424157
    vertex 1.278996420263987 -0.4739368354157273 1.311497594424157
    vertex 1.477585206177149 -0.4770878849533706 1.311497594424157
  endloop
endfacet
facet normal 0 0 1
  outer loop
    vertex 1.078623829676281 -0.8128280358758251 1.311497594424157
    vertex 0.9797883935454795 -0.6400701344149484 1.311497594424157
    vertex 0.8801711768715063 -0.8099044195100653 1.311497594424157
  endloop
endfacet
facet normal 0 0 1
  outer loop
    vertex 1.874093444802757 -0.4829367756108081 1.311497594424157
    vertex 1.675866702527152 -0.4801007259973538 1.311497594424157
    vertex 1.774032587920321 -0.6524810712964921 1.311497594424157
  endloop
endfacet
facet normal 0 0 1
  outer loop
    vertex 2.17193355839062 -0.3161471006310173 1.311497594424157
    vertex 1.97408360863009 -0.3133609527047934 1.311497594424157
    vertex 2.072198607871468 -0.4857411988172391 1.311497594424157
  endloop
endfacet
facet normal 0 0 1
  outer loop
    vertex 3.360548424873496 -0.333435138283724 1.311497594424157
    vertex 3.459726749586046 -0.5065586589159651 1.311497594424157
    vertex 3.559186592382443 -0.3360109834812712 1.311497594424157
  endloop
endfacet
facet normal 0 0 1
  outer loop
    vertex 4.349689357665532 1.032835629893418 1.311497594424157
    vertex 4.151527844177815 1.031093354418916 1.311497594424157
    vertex 4.252335610792227 0.8593057999233757 1.311497594424157
  endloop
endfacet
facet normal -0 0 1
  outer loop
    vertex 3.059411817935624 -0.8433570179531442 1.311497594424157
    vertex 3.258571885762279 -0.8463758264695094 1.311497594424157
    vertex 3.159657661972648 -0.6736105116292926 1.311497594424157
  endloop
endfacet
facet normal 0 0 1
  outer loop
    vertex 4.252335610792227 0.8593057999233757 1.311497594424157
    vertex 4.151527844177815 1.031093354418916 1.311497594424157
    vertex 4.054535116860155 0.858688978198711 1.311497594424157
  endloop
endfacet
facet normal -0 0 1
  outer loop
    vertex 7.227931807353563 0.1246245588485166 1.311497594424157
    vertex 7.386213472497238 0.1001087214143517 1.311497594424157
    vertex 7.371004126272947 0.276985580061349 1.311497594424157
  endloop
endfacet
facet normal 0 0 1
  outer loop
    vertex 0.2865993993546389 -0.1154101142052741 1.311497594424157
    vertex 0.2086502382030447 0.05854955364670444 1.311497594424157
    vertex 0.06444030509640429 -0.104417072623276 1.311497594424157
  endloop
endfacet
facet normal 0 0 1
  outer loop
    vertex 0.3872879791347102 -0.6331832899803087 1.311497594424157
    vertex 0.2871922823382314 -0.8076030030412817 1.311497594424157
    vertex 0.4847370717840785 -0.8060499305273573 1.311497594424157
  endloop
endfacet
facet normal -0 0 1
  outer loop
    vertex 4.546891036283003 -0.6938627827068198 1.311497594424157
    vertex 4.743773425785434 -0.6969627885519178 1.311497594424157
    vertex 4.645409210405719 -0.5231111743844005 1.311497594424157
  endloop
endfacet
facet normal 0 0 1
  outer loop
    vertex 0.382868452499374 -0.2892369968918946 1.311497594424157
    vertex 0.2865993993546389 -0.1154101142052741 1.311497594424157
    vertex 0.1821609395208127 -0.2863551763871925 1.311497594424157
  endloop
endfacet
facet normal -0 0 1
  outer loop
    vertex 4.250951045618109 -0.5171044423028222 1.311497594424157
    vertex 4.448265285915681 -0.5200626449238812 1.311497594424157
    vertex 4.349318472171186 -0.3461658728024314 1.311497594424157
  endloop
endfacet
facet normal 0 -0 1
  outer loop
    vertex 4.054535116860155 0.858688978198711 1.311497594424157
    vertex 4.151527844177815 1.031093354418916 1.311497594424157
    vertex 3.953692950356456 1.029263967262681 1.311497594424157
  endloop
endfacet
facet normal 0 0 1
  outer loop
    vertex 0.3872879791347102 -0.6331832899803087 1.311497594424157
    vertex 0.1971430490659806 -0.6293451457996679 1.311497594424157
    vertex 0.2871922823382314 -0.8076030030412817 1.311497594424157
  endloop
endfacet
facet normal 0 0 1
  outer loop
    vertex 3.35909955618658 -0.676539886074603 1.311497594424157
    vertex 3.258571885762279 -0.8463758264695094 1.311497594424157
    vertex 3.457823860261389 -0.8494113241056737 1.311497594424157
  endloop
endfacet
facet normal 0 0 1
  outer loop
    vertex 0.8801711768715063 -0.8099044195100653 1.311497594424157
    vertex 0.7808068805069529 -0.9796030572837496 1.311497594424157
    vertex 0.9787190328320673 -0.9824237031395502 1.311497594424157
  endloop
endfacet
facet normal 0 -0 1
  outer loop
    vertex 3.658679500563795 -0.5090924152417589 1.311497594424157
    vertex 3.757231989942844 -0.3383259593633453 1.311497594424157
    vertex 3.559186592382443 -0.3360109834812712 1.311497594424157
  endloop
endfacet
facet normal 0 0 1
  outer loop
    vertex 0.3857777738222827 -0.9761625157073798 1.311497594424157
    vertex 0.2871922823382314 -0.8076030030412817 1.311497594424157
    vertex 0.1936796223634882 -0.9779549919776274 1.311497594424157
  endloop
endfacet
facet normal -0 0 1
  outer loop
    vertex 3.158225010213197 -1.016126570346023 1.311497594424157
    vertex 3.357439688532106 -1.01925026651225 1.311497594424157
    vertex 3.258571885762279 -0.8463758264695094 1.311497594424157
  endloop
endfacet
facet normal 0 -0 1
  outer loop
    vertex 5.13699552869419 -1.043577822294562 1.311497594424157
    vertex 5.234812421549289 -0.8703050241799823 1.311497594424157
    vertex 5.038157548188055 -0.8711781327524331 1.311497594424157
  endloop
endfacet
facet normal 0 0 1
  outer loop
    vertex 3.559186592382443 -0.3360109834812712 1.311497594424157
    vertex 3.459726749586046 -0.5065586589159651 1.311497594424157
    vertex 3.658679500563795 -0.5090924152417589 1.311497594424157
  endloop
endfacet
facet normal 0 0 1
  outer loop
    vertex 0.1938636928695365 0.9767960631381059 1.311497594424157
    vertex 0.07076587729506255 0.821191682048543 1.311497594424157
    vertex 0.2847292876248428 0.8100240336715008 1.311497594424157
  endloop
endfacet
facet normal 0 -0 1
  outer loop
    vertex 0.2839987628842742 -1.142492913283141 1.311497594424157
    vertex 0.3857777738222827 -0.9761625157073798 1.311497594424157
    vertex 0.1936796223634882 -0.9779549919776274 1.311497594424157
  endloop
endfacet
facet normal -0 0 1
  outer loop
    vertex 0.1938636928695365 0.9767960631381059 1.311497594424157
    vertex 0.2847292876248428 0.8100240336715008 1.311497594424157
    vertex 0.3847165852363849 0.9807168261154422 1.311497594424157
  endloop
endfacet
facet normal 0 0 1
  outer loop
    vertex 0.1938636928695365 0.9767960631381059 1.311497594424157
    vertex 0.3847165852363849 0.9807168261154422 1.311497594424157
    vertex 0.2839987625593446 1.14249291328055 1.311497594424157
  endloop
endfacet
facet normal 0 0 1
  outer loop
    vertex 0.2871922823382314 -0.8076030030412817 1.311497594424157
    vertex 0.07338327111972782 -0.8228539462625366 1.311497594424157
    vertex 0.1936796223634882 -0.9779549919776274 1.311497594424157
  endloop
endfacet
facet normal -0 0 1
  outer loop
    vertex 6.34307573224655 0.6664548265512289 1.311497594424157
    vertex 6.525571469996133 0.6410933008073558 1.311497594424157
    vertex 6.462575722457668 0.8253884463548717 1.311497594424157
  endloop
endfacet
facet normal 0 -0 1
  outer loop
    vertex 0.3872879791347102 -0.6331832899803087 1.311497594424157
    vertex 0.4808985500290262 -0.4610007630948336 1.311497594424157
    vertex 0.2799205791758512 -0.4599358205052094 1.311497594424157
  endloop
endfacet
facet normal 0 0 1
  outer loop
    vertex 0.4847370717840785 -0.8060499305273573 1.311497594424157
    vertex 0.2871922823382314 -0.8076030030412817 1.311497594424157
    vertex 0.3857777738222827 -0.9761625157073798 1.311497594424157
  endloop
endfacet
facet normal 0 0 1
  outer loop
    vertex 0.4087714768937999 0.3682859608122622 1.311497594424157
    vertex 0.3118132237746651 0.2181223947281059 1.311497594424157
    vertex 0.4985644886156654 0.210819062671765 1.311497594424157
  endloop
endfacet
facet normal 0 0 1
  outer loop
    vertex 1.775988771043559 -0.3106917098286336 1.311497594424157
    vertex 1.675866702527152 -0.4801007259973538 1.311497594424157
    vertex 1.874093444802757 -0.4829367756108081 1.311497594424157
  endloop
endfacet
facet normal 0 0 1
  outer loop
    vertex 5.038157548188055 -0.8711781327524331 1.311497594424157
    vertex 4.940776758938008 -1.043265298262981 1.311497594424157
    vertex 5.13699552869419 -1.043577822294562 1.311497594424157
  endloop
endfacet
facet normal 0 0 1
  outer loop
    vertex 0.5827282775222756 -0.6347144585921651 1.311497594424157
    vertex 0.4808985500290262 -0.4610007630948336 1.311497594424157
    vertex 0.3872879791347102 -0.6331832899803087 1.311497594424157
  endloop
endfacet
facet normal 0 0 1
  outer loop
    vertex 0.07076587729506255 0.821191682048543 1.311497594424157
    vertex 0.1927538794659011 0.6159682108087849 1.311497594424157
    vertex 0.2847292876248428 0.8100240336715008 1.311497594424157
  endloop
endfacet
facet normal 0 0 1
  outer loop
    vertex 0.5971364194514884 0.3674307519276878 1.311497594424157
    vertex 0.4087714768937999 0.3682859608122622 1.311497594424157
    vertex 0.4985644886156654 0.210819062671765 1.311497594424157
  endloop
endfacet
facet normal 0 0 1
  outer loop
    vertex 1.575761714016982 -0.6494957876272577 1.311497594424157
    vertex 1.477585206177149 -0.4770878849533706 1.311497594424157
    vertex 1.377391861386569 -0.6464151878477682 1.311497594424157
  endloop
endfacet
facet normal 0 0 1
  outer loop
    vertex 5.528848812114187 -0.7010119199485512 1.311497594424157
    vertex 5.429588964471662 -0.8680619292147602 1.311497594424157
    vertex 5.617821526272876 -0.8646773873351891 1.311497594424157
  endloop
endfacet
facet normal -9.57695e-17 1.03568e-14 1
  outer loop
    vertex 3.953692950356456 1.029263967262681 1.311497594424157
    vertex 4.151527844177815 1.031093354418916 1.311497594424157
    vertex 4.050108207713843 1.201671882485531 1.311497594424155
  endloop
endfacet
facet normal 0 0 1
  outer loop
    vertex 0.3872879791347102 -0.6331832899803087 1.311497594424157
    vertex 0.2799205791758512 -0.4599358205052094 1.311497594424157
    vertex 0.1971430490659806 -0.6293451457996679 1.311497594424157
  endloop
endfacet
facet normal 0 0 1
  outer loop
    vertex 1.581914183181977 0.6947517669321621 1.311497594424157
    vertex 1.482598203712478 0.5298981780829053 1.311497594424157
    vertex 1.68119301903971 0.5316261158686044 1.311497594424157
  endloop
endfacet
facet normal 0 0 1
  outer loop
    vertex 0.1971430490659806 -0.6293451457996679 1.311497594424157
    vertex 0.07338327111972782 -0.8228539462625366 1.311497594424157
    vertex 0.2871922823382314 -0.8076030030412817 1.311497594424157
  endloop
endfacet
facet normal 0 0 1
  outer loop
    vertex 0.9787190328320673 -0.9824237031395502 1.311497594424157
    vertex 0.7808068805069529 -0.9796030572837496 1.311497594424157
    vertex 0.8786476232080314 -1.151836961057624 1.311497594424157
  endloop
endfacet
facet normal 0 0 1
  outer loop
    vertex 3.955723337297513 -0.6851478770024235 1.311497594424157
    vertex 3.855942004617103 -0.8555049387798959 1.311497594424157
    vertex 4.054105271779728 -0.8586124375436944 1.311497594424157
  endloop
endfacet
facet normal 0 -0 1
  outer loop
    vertex 1.475549402728663 -0.8189863330215535 1.311497594424157
    vertex 1.575761714016982 -0.6494957876272577 1.311497594424157
    vertex 1.377391861386569 -0.6464151878477682 1.311497594424157
  endloop
endfacet
facet normal -3.49709e-17 -2.53008e-15 1
  outer loop
    vertex 7.80437502329019 0 1.311497594424157
    vertex 7.624271089199406 0.002489402749191516 1.311497594424157
    vertex 7.71016033635702 -0.1742212244673418 1.311497594424156
  endloop
endfacet
facet normal 2.08225e-15 -1.50102e-15 1
  outer loop
    vertex 7.71016033635702 -0.1742212244673418 1.311497594424156
    vertex 7.624271089199406 0.002489402749191516 1.311497594424157
    vertex 7.516932928204302 -0.146411963526057 1.311497594424157
  endloop
endfacet
facet normal 0 0 1
  outer loop
    vertex 0.5828438538395061 -0.9772666595394405 1.311497594424157
    vertex 0.4847370717840785 -0.8060499305273573 1.311497594424157
    vertex 0.3857777738222827 -0.9761625157073798 1.311497594424157
  endloop
endfacet
facet normal 0 0 1
  outer loop
    vertex 0.2839987628842742 -1.142492913283141 1.311497594424157
    vertex 0.1936796223634882 -0.9779549919776274 1.311497594424157
    vertex 0.08578247623866982 -1.139378230694133 1.311497594424157
  endloop
endfacet
facet normal -0 0 1
  outer loop
    vertex 0.08578247596931407 1.139378230691275 1.311497594424157
    vertex 0.1938636928695365 0.9767960631381059 1.311497594424157
    vertex 0.2839987625593446 1.14249291328055 1.311497594424157
  endloop
endfacet
facet normal 0 0 1
  outer loop
    vertex 1.779878365912148 0.3660551591951298 1.311497594424157
    vertex 1.581662573296871 0.3661413329536916 1.311497594424157
    vertex 1.680283104148408 0.2004404621120026 1.311497594424157
  endloop
endfacet
facet normal 0 0 1
  outer loop
    vertex 1.377391861386569 -0.6464151878477682 1.311497594424157
    vertex 1.278996420263987 -0.4739368354157273 1.311497594424157
    vertex 1.178714797685773 -0.6432647628608481 1.311497594424157
  endloop
endfacet
facet normal 0 0 1
  outer loop
    vertex 0.5827282775222756 -0.6347144585921651 1.311497594424157
    vertex 0.3872879791347102 -0.6331832899803087 1.311497594424157
    vertex 0.4847370717840785 -0.8060499305273573 1.311497594424157
  endloop
endfacet
facet normal 0 0 1
  outer loop
    vertex 4.349911248783141 -0.6909261236667485 1.311497594424157
    vertex 4.152736235383522 -0.6879776783041213 1.311497594424157
    vertex 4.251425556460237 -0.8616282361714076 1.311497594424157
  endloop
endfacet
facet normal 0 0 1
  outer loop
    vertex 0.500546170958612 0.5207681385646248 1.311497594424157
    vertex 0.4087714768937999 0.3682859608122622 1.311497594424157
    vertex 0.5971364194514884 0.3674307519276878 1.311497594424157
  endloop
endfacet
facet normal -0 0 1
  outer loop
    vertex 0.3847165852363849 0.9807168261154422 1.311497594424157
    vertex 0.4829617623132501 0.8224293718452096 1.311497594424157
    vertex 0.5805309569019635 0.9869509788874631 1.311497594424157
  endloop
endfacet
facet normal 0 0 1
  outer loop
    vertex 1.581662573296871 0.3661413329536916 1.311497594424157
    vertex 1.48224982918317 0.2017534633564082 1.311497594424157
    vertex 1.680283104148408 0.2004404621120026 1.311497594424157
  endloop
endfacet
facet normal 0 0 1
  outer loop
    vertex 0.5971364194514884 0.3674307519276878 1.311497594424157
    vertex 0.4985644886156654 0.210819062671765 1.311497594424157
    vertex 0.6920374849891255 0.2067551141692727 1.311497594424157
  endloop
endfacet
facet normal 0 0 1
  outer loop
    vertex 0.5828438538395061 -0.9772666595394405 1.311497594424157
    vertex 0.3857777738222827 -0.9761625157073798 1.311497594424157
    vertex 0.4822150497241189 -1.145607595875431 1.311497594424157
  endloop
endfacet
facet normal 0 0 1
  outer loop
    vertex 4.352781043640705 0.6864999564484786 1.311497594424157
    vertex 4.252335610792227 0.8593057999233757 1.311497594424157
    vertex 4.154916043376892 0.6870124302233251 1.311497594424157
  endloop
endfacet
facet normal 0 0 1
  outer loop
    vertex 0.4822150491493724 1.145607595869824 1.311497594424157
    vertex 0.3847165852363849 0.9807168261154422 1.311497594424157
    vertex 0.5805309569019635 0.9869509788874631 1.311497594424157
  endloop
endfacet
facet normal 0 -0 1
  outer loop
    vertex 4.054105271779728 -0.8586124375436944 1.311497594424157
    vertex 4.152736235383522 -0.6879776783041213 1.311497594424157
    vertex 3.955723337297513 -0.6851478770024235 1.311497594424157
  endloop
endfacet
facet normal 0 0 1
  outer loop
    vertex 1.779878365912148 0.3660551591951298 1.311497594424157
    vertex 1.878256928890159 0.1991520254017121 1.311497594424157
    vertex 1.978078341654857 0.3656956513830607 1.311497594424157
  endloop
endfacet
facet normal 0 0 1
  outer loop
    vertex 0.5830417048028022 -0.2925408597291224 1.311497594424157
    vertex 0.4808985500290262 -0.4610007630948336 1.311497594424157
    vertex 0.6804407224695834 -0.4635385739136815 1.311497594424157
  endloop
endfacet
facet normal 0 0 1
  outer loop
    vertex 1.573605872318834 -0.9916079104520328 1.311497594424157
    vertex 1.37529324155657 -0.9885275715487363 1.311497594424157
    vertex 1.47329648339027 -1.161181008831959 1.311497594424157
  endloop
endfacet
facet normal -0 0 1
  outer loop
    vertex 1.680283104148408 0.2004404621120026 1.311497594424157
    vertex 1.878256928890159 0.1991520254017121 1.311497594424157
    vertex 1.779878365912148 0.3660551591951298 1.311497594424157
  endloop
endfacet
facet normal 0 -0 1
  outer loop
    vertex 1.076863909889657 -1.154951643648118 1.311497594424157
    vertex 1.176992165319751 -0.9854431154884433 1.311497594424157
    vertex 0.9787190328320673 -0.9824237031395502 1.311497594424157
  endloop
endfacet
facet normal 0 0 1
  outer loop
    vertex 4.054105271779728 -0.8586124375436944 1.311497594424157
    vertex 3.855942004617103 -0.8555049387798959 1.311497594424157
    vertex 3.953715399733416 -1.028698096559102 1.311497594424157
  endloop
endfacet
facet normal 0 0 1
  outer loop
    vertex 4.251425556460237 -0.8616282361714076 1.311497594424157
    vertex 4.152736235383522 -0.6879776783041213 1.311497594424157
    vertex 4.054105271779728 -0.8586124375436944 1.311497594424157
  endloop
endfacet
facet normal -0 0 1
  outer loop
    vertex 1.277148617789893 -0.8158993387632781 1.311497594424157
    vertex 1.475549402728663 -0.8189863330215535 1.311497594424157
    vertex 1.377391861386569 -0.6464151878477682 1.311497594424157
  endloop
endfacet
facet normal 0 0 1
  outer loop
    vertex 1.176992165319751 -0.9854431154884433 1.311497594424157
    vertex 1.078623829676281 -0.8128280358758251 1.311497594424157
    vertex 0.9787190328320673 -0.9824237031395502 1.311497594424157
  endloop
endfacet
facet normal 0 0 1
  outer loop
    vertex 0.6804407224695834 -0.4635385739136815 1.311497594424157
    vertex 0.4808985500290262 -0.4610007630948336 1.311497594424157
    vertex 0.5827282775222756 -0.6347144585921651 1.311497594424157
  endloop
endfacet
facet normal 0 -0 1
  outer loop
    vertex 1.37529324155657 -0.9885275715487363 1.311497594424157
    vertex 1.475549402728663 -0.8189863330215535 1.311497594424157
    vertex 1.277148617789893 -0.8158993387632781 1.311497594424157
  endloop
endfacet
facet normal 0 0 1
  outer loop
    vertex 4.349911248783141 -0.6909261236667485 1.311497594424157
    vertex 4.250951045618109 -0.5171044423028222 1.311497594424157
    vertex 4.152736235383522 -0.6879776783041213 1.311497594424157
  endloop
endfacet
facet normal -1.6599e-16 -1.0362e-14 1
  outer loop
    vertex 4.151930558602323 -1.031873319496434 1.311497594424157
    vertex 3.953715399733416 -1.028698096559102 1.311497594424157
    vertex 4.050108210936058 -1.201671882536161 1.311497594424155
  endloop
endfacet
facet normal 0 0 1
  outer loop
    vertex 0.4822150497241189 -1.145607595875431 1.311497594424157
    vertex 0.3857777738222827 -0.9761625157073798 1.311497594424157
    vertex 0.2839987628842742 -1.142492913283141 1.311497594424157
  endloop
endfacet
facet normal -0 0 1
  outer loop
    vertex 0.2839987625593446 1.14249291328055 1.311497594424157
    vertex 0.3847165852363849 0.9807168261154422 1.311497594424157
    vertex 0.4822150491493724 1.145607595869824 1.311497594424157
  endloop
endfacet
facet normal 0 0 1
  outer loop
    vertex 0.682054437875746 -0.8074350067711653 1.311497594424157
    vertex 0.5827282775222756 -0.6347144585921651 1.311497594424157
    vertex 0.4847370717840785 -0.8060499305273573 1.311497594424157
  endloop
endfacet
facet normal 0 -0 1
  outer loop
    vertex 4.055455769915366 0.1728659698263826 1.311497594424157
    vertex 4.155212617942433 0.3433674292895248 1.311497594424157
    vertex 3.957153470541745 0.3451890062916789 1.311497594424157
  endloop
endfacet
facet normal 0 0 1
  outer loop
    vertex 0.8882616659585475 0.204658629782672 1.311497594424157
    vertex 0.6920374849891255 0.2067551141692727 1.311497594424157
    vertex 0.7875022142243421 0.04031254607217538 1.311497594424157
  endloop
endfacet
facet normal 0 0 1
  outer loop
    vertex 3.059411817935624 -0.8433570179531442 1.311497594424157
    vertex 2.960219159356834 -1.013157367465574 1.311497594424157
    vertex 3.158225010213197 -1.016126570346023 1.311497594424157
  endloop
endfacet
facet normal 0 0 1
  outer loop
    vertex 1.573605872318834 -0.9916079104520328 1.311497594424157
    vertex 1.475549402728663 -0.8189863330215535 1.311497594424157
    vertex 1.37529324155657 -0.9885275715487363 1.311497594424157
  endloop
endfacet
facet normal 0 0 1
  outer loop
    vertex 4.351286120497734 -0.002426809896425741 1.311497594424157
    vertex 4.253409714772737 0.1705950758838264 1.311497594424157
    vertex 4.153242014931497 0.0002321089816177402 1.311497594424157
  endloop
endfacet
facet normal 0 0 1
  outer loop
    vertex 3.957153470541745 0.3451890062916789 1.311497594424157
    vertex 3.857407117515792 0.175012685956246 1.311497594424157
    vertex 4.055455769915366 0.1728659698263826 1.311497594424157
  endloop
endfacet
facet normal 0 0 1
  outer loop
    vertex 0.682054437875746 -0.8074350067711653 1.311497594424157
    vertex 0.7808068805069529 -0.9796030572837496 1.311497594424157
    vertex 0.8801711768715063 -0.8099044195100653 1.311497594424157
  endloop
endfacet
facet normal 0 -0 1
  outer loop
    vertex 4.451527092367239 0.1681947243446491 1.311497594424157
    vertex 4.551357790871836 0.3393408839988297 1.311497594424157
    vertex 4.353430313937609 0.341397723600027 1.311497594424157
  endloop
endfacet
facet normal 0 0 1
  outer loop
    vertex 1.978078341654857 0.3656956513830607 1.311497594424157
    vertex 1.878256928890159 0.1991520254017121 1.311497594424157
    vertex 2.076149540603738 0.1972631697089731 1.311497594424157
  endloop
endfacet
facet normal 0 0 1
  outer loop
    vertex 0.2847292876248428 0.8100240336715008 1.311497594424157
    vertex 0.4829617623132501 0.8224293718452096 1.311497594424157
    vertex 0.3847165852363849 0.9807168261154422 1.311497594424157
  endloop
endfacet
facet normal 0 0 1
  outer loop
    vertex 4.054105271779728 -0.8586124375436944 1.311497594424157
    vertex 3.953715399733416 -1.028698096559102 1.311497594424157
    vertex 4.151930558602323 -1.031873319496434 1.311497594424157
  endloop
endfacet
facet normal -0 0 1
  outer loop
    vertex 0.5828438538395061 -0.9772666595394405 1.311497594424157
    vertex 0.7808068805069529 -0.9796030572837496 1.311497594424157
    vertex 0.682054437875746 -0.8074350067711653 1.311497594424157
  endloop
endfacet
facet normal 0 0 1
  outer loop
    vertex 0.6804313363877275 -1.148722278465181 1.311497594424157
    vertex 0.5828438538395061 -0.9772666595394405 1.311497594424157
    vertex 0.4822150497241189 -1.145607595875431 1.311497594424157
  endloop
endfacet
facet normal 0 0 1
  outer loop
    vertex 4.450423943166482 0.8597264235305488 1.311497594424157
    vertex 4.252335610792227 0.8593057999233757 1.311497594424157
    vertex 4.352781043640705 0.6864999564484786 1.311497594424157
  endloop
endfacet
facet normal 0 0 1
  outer loop
    vertex 1.47329648339027 -1.161181008831959 1.311497594424157
    vertex 1.37529324155657 -0.9885275715487363 1.311497594424157
    vertex 1.275080196690355 -1.158066326240716 1.311497594424157
  endloop
endfacet
facet normal 0 0 1
  outer loop
    vertex 0.7823023467901622 -0.2956774558966676 1.311497594424157
    vertex 0.5830417048028022 -0.2925408597291224 1.311497594424157
    vertex 0.6804407224695834 -0.4635385739136815 1.311497594424157
  endloop
endfacet
facet normal -0 0 1
  outer loop
    vertex 0.4822150491493724 1.145607595869824 1.311497594424157
    vertex 0.5805309569019635 0.9869509788874631 1.311497594424157
    vertex 0.6804313357393983 1.148722278459099 1.311497594424157
  endloop
endfacet
facet normal 0 0 1
  outer loop
    vertex 1.972214396592767 -0.6554045804488804 1.311497594424157
    vertex 2.070227868124509 -0.8280491209571693 1.311497594424157
    vertex 2.170255935209002 -0.6583315092297728 1.311497594424157
  endloop
endfacet
facet normal 0 0 1
  outer loop
    vertex 1.076863909889657 -1.154951643648118 1.311497594424157
    vertex 0.9787190328320673 -0.9824237031395502 1.311497594424157
    vertex 0.8786476232080314 -1.151836961057624 1.311497594424157
  endloop
endfacet
facet normal 0 -0 1
  outer loop
    vertex 2.076149540603738 0.1972631697089731 1.311497594424157
    vertex 2.176209625445654 0.3646856444716904 1.311497594424157
    vertex 1.978078341654857 0.3656956513830607 1.311497594424157
  endloop
endfacet
facet normal 0 -0 1
  outer loop
    vertex 4.154916043376892 0.6870124302233251 1.311497594424157
    vertex 4.252335610792227 0.8593057999233757 1.311497594424157
    vertex 4.054535116860155 0.858688978198711 1.311497594424157
  endloop
endfacet
facet normal 0 0 1
  outer loop
    vertex 4.649713432209346 0.165629089530366 1.311497594424157
    vertex 4.551357790871836 0.3393408839988297 1.311497594424157
    vertex 4.451527092367239 0.1681947243446491 1.311497594424157
  endloop
endfacet
facet normal 0 0 1
  outer loop
    vertex 2.176209625445654 0.3646856444716904 1.311497594424157
    vertex 2.273993835751609 0.1951881040892951 1.311497594424157
    vertex 2.374441155222955 0.3634772674421813 1.311497594424157
  endloop
endfacet
facet normal 0 0 1
  outer loop
    vertex 0.7911356995332428 0.3677045000906485 1.311497594424157
    vertex 0.5971364194514884 0.3674307519276878 1.311497594424157
    vertex 0.6920374849891255 0.2067551141692727 1.311497594424157
  endloop
endfacet
facet normal 0 -0 1
  outer loop
    vertex 1.970051366981155 -0.9977410063627845 1.311497594424157
    vertex 2.070227868124509 -0.8280491209571693 1.311497594424157
    vertex 1.872065810508148 -0.8250572618769042 1.311497594424157
  endloop
endfacet
facet normal 0 0 1
  outer loop
    vertex 3.759216674755601 0.3469914028939745 1.311497594424157
    vertex 3.857407117515792 0.175012685956246 1.311497594424157
    vertex 3.957153470541745 0.3451890062916789 1.311497594424157
  endloop
endfacet
facet normal 0 -0 1
  outer loop
    vertex 0.5828438538395061 -0.9772666595394405 1.311497594424157
    vertex 0.682054437875746 -0.8074350067711653 1.311497594424157
    vertex 0.4847370717840785 -0.8060499305273573 1.311497594424157
  endloop
endfacet
facet normal -1.6284e-16 -1.03639e-14 1
  outer loop
    vertex 4.248805843045648 -1.204793869083414 1.311497594424155
    vertex 4.151930558602323 -1.031873319496434 1.311497594424157
    vertex 4.050108210936058 -1.201671882536161 1.311497594424155
  endloop
endfacet
facet normal 0 0 1
  outer loop
    vertex 4.749802088643794 0.3367957072087706 1.311497594424157
    vertex 4.551357790871836 0.3393408839988297 1.311497594424157
    vertex 4.649713432209346 0.165629089530366 1.311497594424157
  endloop
endfacet
facet normal -0 0 1
  outer loop
    vertex 1.872065810508148 -0.8250572618769042 1.311497594424157
    vertex 2.070227868124509 -0.8280491209571693 1.311497594424157
    vertex 1.972214396592767 -0.6554045804488804 1.311497594424157
  endloop
endfacet
facet normal -0 0 1
  outer loop
    vertex 2.076149540603738 0.1972631697089731 1.311497594424157
    vertex 2.273993835751609 0.1951881040892951 1.311497594424157
    vertex 2.176209625445654 0.3646856444716904 1.311497594424157
  endloop
endfacet
facet normal 0 0 1
  outer loop
    vertex 4.749802088643794 0.3367957072087706 1.311497594424157
    vertex 4.847770108952275 0.1630712689153826 1.311497594424157
    vertex 4.948488247127194 0.3337725595160994 1.311497594424157
  endloop
endfacet
facet normal -0 0 1
  outer loop
    vertex 4.649713432209346 0.165629089530366 1.311497594424157
    vertex 4.847770108952275 0.1630712689153826 1.311497594424157
    vertex 4.749802088643794 0.3367957072087706 1.311497594424157
  endloop
endfacet
facet normal 0 0 1
  outer loop
    vertex 0.9851729881917063 0.03810675627966731 1.311497594424157
    vertex 0.7875022142243421 0.04031254607217538 1.311497594424157
    vertex 0.8839131317661566 -0.1283040386553849 1.311497594424157
  endloop
endfacet
facet normal 0 0 1
  outer loop
    vertex 0.6923433204529413 0.5248293028768904 1.311497594424157
    vertex 0.500546170958612 0.5207681385646248 1.311497594424157
    vertex 0.5971364194514884 0.3674307519276878 1.311497594424157
  endloop
endfacet
facet normal -0 0 1
  outer loop
    vertex 4.055455769915366 0.1728659698263826 1.311497594424157
    vertex 4.253409714772737 0.1705950758838264 1.311497594424157
    vertex 4.155212617942433 0.3433674292895248 1.311497594424157
  endloop
endfacet
facet normal 0 0 1
  outer loop
    vertex 1.275080196690355 -1.158066326240716 1.311497594424157
    vertex 1.176992165319751 -0.9854431154884433 1.311497594424157
    vertex 1.076863909889657 -1.154951643648118 1.311497594424157
  endloop
endfacet
facet normal 0 -0 1
  outer loop
    vertex 4.153242014931497 0.0002321089816177402 1.311497594424157
    vertex 4.253409714772737 0.1705950758838264 1.311497594424157
    vertex 4.055455769915366 0.1728659698263826 1.311497594424157
  endloop
endfacet
facet normal 0 0 1
  outer loop
    vertex 4.353430313937609 0.341397723600027 1.311497594424157
    vertex 4.253409714772737 0.1705950758838264 1.311497594424157
    vertex 4.451527092367239 0.1681947243446491 1.311497594424157
  endloop
endfacet
facet normal 0 0 1
  outer loop
    vertex 3.660813340551267 0.5184754946137946 1.311497594424157
    vertex 3.759216674755601 0.3469914028939745 1.311497594424157
    vertex 3.858490856830688 0.5170248575038652 1.311497594424157
  endloop
endfacet
facet normal 0 0 1
  outer loop
    vertex 4.451527092367239 0.1681947243446491 1.311497594424157
    vertex 4.253409714772737 0.1705950758838264 1.311497594424157
    vertex 4.351286120497734 -0.002426809896425741 1.311497594424157
  endloop
endfacet
facet normal 0 0 1
  outer loop
    vertex 3.561601420491274 0.3490120780833135 1.311497594424157
    vertex 3.461964140770493 0.1794195355825576 1.311497594424157
    vertex 3.659733592313377 0.1771909412718877 1.311497594424157
  endloop
endfacet
facet normal 0 0 1
  outer loop
    vertex 3.561601420491274 0.3490120780833135 1.311497594424157
    vertex 3.363915778110259 0.3511985393622827 1.311497594424157
    vertex 3.461964140770493 0.1794195355825576 1.311497594424157
  endloop
endfacet
facet normal 0 0 1
  outer loop
    vertex 0.7809134032548312 -0.6370831792511449 1.311497594424157
    vertex 0.6804407224695834 -0.4635385739136815 1.311497594424157
    vertex 0.5827282775222756 -0.6347144585921651 1.311497594424157
  endloop
endfacet
facet normal 0 0 1
  outer loop
    vertex 4.646876622040977 -0.1784436486996295 1.311497594424157
    vertex 4.744377846137383 -0.3519276914021556 1.311497594424157
    vertex 4.844739589600066 -0.1810246003834939 1.311497594424157
  endloop
endfacet
facet normal -6.33035e-17 7.64555e-15 1
  outer loop
    vertex 4.349689357665532 1.032835629893418 1.311497594424157
    vertex 4.54764622154971 1.034474667820331 1.311497594424157
    vertex 4.446542086014984 1.207891439148907 1.311497594424155
  endloop
endfacet
facet normal 4.32432e-15 1.02036e-14 1
  outer loop
    vertex 4.446542086014984 1.207891439148907 1.311497594424155
    vertex 4.54764622154971 1.034474667820331 1.311497594424157
    vertex 4.644758367264987 1.210932219939888 1.311497594424154
  endloop
endfacet
facet normal 0 0 1
  outer loop
    vertex 4.942018477858251 -0.3541854662921124 1.311497594424157
    vertex 4.842360123586443 -0.5253285881948223 1.311497594424157
    vertex 5.039678392008851 -0.5270449268887929 1.311497594424157
  endloop
endfacet
facet normal 0 -0 1
  outer loop
    vertex 2.471991342322883 0.1928206979356668 1.311497594424157
    vertex 2.572627513860162 0.3617030810173414 1.311497594424157
    vertex 2.374441155222955 0.3634772674421813 1.311497594424157
  endloop
endfacet
facet normal 0 0 1
  outer loop
    vertex 3.461964140770493 0.1794195355825576 1.311497594424157
    vertex 3.363915778110259 0.3511985393622827 1.311497594424157
    vertex 3.264183579854256 0.1819964965453698 1.311497594424157
  endloop
endfacet
facet normal 0 -0 1
  outer loop
    vertex 3.659733592313377 0.1771909412718877 1.311497594424157
    vertex 3.759216674755601 0.3469914028939745 1.311497594424157
    vertex 3.561601420491274 0.3490120780833135 1.311497594424157
  endloop
endfacet
facet normal 0 0 1
  outer loop
    vertex 2.374441155222955 0.3634772674421813 1.311497594424157
    vertex 2.273993835751609 0.1951881040892951 1.311497594424157
    vertex 2.471991342322883 0.1928206979356668 1.311497594424157
  endloop
endfacet
facet normal 0 0 1
  outer loop
    vertex 5.243917908997112 0.1577117666499175 1.311497594424157
    vertex 5.04591191763629 0.1603823678499519 1.311497594424157
    vertex 5.143291254892833 -0.0128840818384226 1.311497594424157
  endloop
endfacet
facet normal 0 0 1
  outer loop
    vertex 0.9851729881917063 0.03810675627966731 1.311497594424157
    vertex 0.8882616659585475 0.204658629782672 1.311497594424157
    vertex 0.7875022142243421 0.04031254607217538 1.311497594424157
  endloop
endfacet
facet normal 0 -0 1
  outer loop
    vertex 5.039678392008851 -0.5270449268887929 1.311497594424157
    vertex 5.13974779299654 -0.3563543446988634 1.311497594424157
    vertex 4.942018477858251 -0.3541854662921124 1.311497594424157
  endloop
endfacet
facet normal 0 0 1
  outer loop
    vertex 3.953715399733416 -1.028698096559102 1.311497594424157
    vertex 3.855942004617103 -0.8555049387798959 1.311497594424157
    vertex 3.754750328864189 -1.025512421718854 1.311497594424157
  endloop
endfacet
facet normal 0 0 1
  outer loop
    vertex 3.858490856830688 0.5170248575038652 1.311497594424157
    vertex 3.759216674755601 0.3469914028939745 1.311497594424157
    vertex 3.957153470541745 0.3451890062916789 1.311497594424157
  endloop
endfacet
facet normal 0 0 1
  outer loop
    vertex 5.236650214643685 -0.5287247048910875 1.311497594424157
    vertex 5.13974779299654 -0.3563543446988634 1.311497594424157
    vertex 5.039678392008851 -0.5270449268887929 1.311497594424157
  endloop
endfacet
facet normal 0 0 1
  outer loop
    vertex 5.143291254892833 -0.0128840818384226 1.311497594424157
    vertex 5.04591191763629 0.1603823678499519 1.311497594424157
    vertex 4.945351235619109 -0.01035388837310003 1.311497594424157
  endloop
endfacet
facet normal 0 0 1
  outer loop
    vertex 2.572627513860162 0.3617030810173414 1.311497594424157
    vertex 2.669993214981934 0.19026579655895 1.311497594424157
    vertex 2.770735437119196 0.3595011840240159 1.311497594424157
  endloop
endfacet
facet normal 0 0 1
  outer loop
    vertex 1.673896360625267 -0.8220272611588448 1.311497594424157
    vertex 1.575761714016982 -0.6494957876272577 1.311497594424157
    vertex 1.475549402728663 -0.8189863330215535 1.311497594424157
  endloop
endfacet
facet normal 0 0 1
  outer loop
    vertex 5.146544097830092 0.3310597225931997 1.311497594424157
    vertex 5.04591191763629 0.1603823678499519 1.311497594424157
    vertex 5.243917908997112 0.1577117666499175 1.311497594424157
  endloop
endfacet
facet normal -2.05276e-16 -1.29455e-14 1
  outer loop
    vertex 3.55604209602839 -1.022399503658602 1.311497594424157
    vertex 3.357439688532106 -1.01925026651225 1.311497594424157
    vertex 3.4554593508675 -1.192327834756801 1.311497594424154
  endloop
endfacet
facet normal -0 0 1
  outer loop
    vertex 4.547110702232927 -0.3492054736800634 1.311497594424157
    vertex 4.744377846137383 -0.3519276914021556 1.311497594424157
    vertex 4.646876622040977 -0.1784436486996295 1.311497594424157
  endloop
endfacet
facet normal -0 0 1
  outer loop
    vertex 3.659733592313377 0.1771909412718877 1.311497594424157
    vertex 3.857407117515792 0.175012685956246 1.311497594424157
    vertex 3.759216674755601 0.3469914028939745 1.311497594424157
  endloop
endfacet
facet normal -0 0 1
  outer loop
    vertex 2.471991342322883 0.1928206979356668 1.311497594424157
    vertex 2.669993214981934 0.19026579655895 1.311497594424157
    vertex 2.572627513860162 0.3617030810173414 1.311497594424157
  endloop
endfacet
facet normal 0 -0 1
  outer loop
    vertex 1.275080196690355 -1.158066326240716 1.311497594424157
    vertex 1.37529324155657 -0.9885275715487363 1.311497594424157
    vertex 1.176992165319751 -0.9854431154884433 1.311497594424157
  endloop
endfacet
facet normal 0 -0 1
  outer loop
    vertex 0.682054437875746 -0.8074350067711653 1.311497594424157
    vertex 0.7809134032548312 -0.6370831792511449 1.311497594424157
    vertex 0.5827282775222756 -0.6347144585921651 1.311497594424157
  endloop
endfacet
facet normal 0 0 1
  outer loop
    vertex 4.942018477858251 -0.3541854662921124 1.311497594424157
    vertex 4.744377846137383 -0.3519276914021556 1.311497594424157
    vertex 4.842360123586443 -0.5253285881948223 1.311497594424157
  endloop
endfacet
facet normal 0 -0 1
  outer loop
    vertex 3.264183579854256 0.1819964965453698 1.311497594424157
    vertex 3.363915778110259 0.3511985393622827 1.311497594424157
    vertex 3.166373728730921 0.3539296667395253 1.311497594424157
  endloop
endfacet
facet normal 0 -0 1
  outer loop
    vertex 5.243917908997112 0.1577117666499175 1.311497594424157
    vertex 5.344078299088557 0.328536479404723 1.311497594424157
    vertex 5.146544097830092 0.3310597225931997 1.311497594424157
  endloop
endfacet
facet normal -0 0 1
  outer loop
    vertex 3.561601420491274 0.3490120780833135 1.311497594424157
    vertex 3.759216674755601 0.3469914028939745 1.311497594424157
    vertex 3.660813340551267 0.5184754946137946 1.311497594424157
  endloop
endfacet
facet normal 0 0 1
  outer loop
    vertex 1.277148617789893 -0.8158993387632781 1.311497594424157
    vertex 1.178714797685773 -0.6432647628608481 1.311497594424157
    vertex 1.078623829676281 -0.8128280358758251 1.311497594424157
  endloop
endfacet
facet normal 0 0 1
  outer loop
    vertex 1.872065810508148 -0.8250572618769042 1.311497594424157
    vertex 1.771810206248451 -0.9946899175486527 1.311497594424157
    vertex 1.970051366981155 -0.9977410063627845 1.311497594424157
  endloop
endfacet
facet normal 0 0 1
  outer loop
    vertex 3.953692950356456 1.029263967262681 1.311497594424157
    vertex 3.856479929293289 0.8580913831586405 1.311497594424157
    vertex 4.054535116860155 0.858688978198711 1.311497594424157
  endloop
endfacet
facet normal 0 0 1
  outer loop
    vertex 3.457823860261389 -0.8494113241056737 1.311497594424157
    vertex 3.357439688532106 -1.01925026651225 1.311497594424157
    vertex 3.55604209602839 -1.022399503658602 1.311497594424157
  endloop
endfacet
facet normal 0 -0 1
  outer loop
    vertex 2.868139775783449 0.1875957980514351 1.311497594424157
    vertex 2.96865040222904 0.3567615381671869 1.311497594424157
    vertex 2.770735437119196 0.3595011840240159 1.311497594424157
  endloop
endfacet
facet normal -0 0 1
  outer loop
    vertex 3.755536349724248 1.02748265953214 1.311497594424157
    vertex 3.856479929293289 0.8580913831586405 1.311497594424157
    vertex 3.953692950356456 1.029263967262681 1.311497594424157
  endloop
endfacet
facet normal 0 0 1
  outer loop
    vertex 1.68119301903971 0.5316261158686044 1.311497594424157
    vertex 1.581662573296871 0.3661413329536916 1.311497594424157
    vertex 1.779878365912148 0.3660551591951298 1.311497594424157
  endloop
endfacet
facet normal -0 0 1
  outer loop
    vertex 1.573605872318834 -0.9916079104520328 1.311497594424157
    vertex 1.771810206248451 -0.9946899175486527 1.311497594424157
    vertex 1.673896360625267 -0.8220272611588448 1.311497594424157
  endloop
endfacet
facet normal 0 0 1
  outer loop
    vertex 4.844739589600066 -0.1810246003834939 1.311497594424157
    vertex 4.744377846137383 -0.3519276914021556 1.311497594424157
    vertex 4.942018477858251 -0.3541854662921124 1.311497594424157
  endloop
endfacet
facet normal 0 0 1
  outer loop
    vertex 5.337222866725601 -0.3587906684586932 1.311497594424157
    vertex 5.13974779299654 -0.3563543446988634 1.311497594424157
    vertex 5.236650214643685 -0.5287247048910875 1.311497594424157
  endloop
endfacet
facet normal -1.24268e-14 -7.10545e-15 1
  outer loop
    vertex 4.842979465120324 -1.213853674760839 1.311497594424157
    vertex 4.744160052380273 -1.04102766711579 1.311497594424157
    vertex 4.644758370949101 -1.210932219957389 1.311497594424154
  endloop
endfacet
facet normal -5.73879e-15 9.35379e-15 1
  outer loop
    vertex 4.644758367264987 1.210932219939888 1.311497594424154
    vertex 4.745949315286214 1.035630783335936 1.311497594424157
    vertex 4.842979462381423 1.21385367494777 1.311497594424156
  endloop
endfacet
facet normal 0 0 1
  outer loop
    vertex 3.851891924208215 -1.198557199941861 1.311497594424157
    vertex 3.754750328864189 -1.025512421718854 1.311497594424157
    vertex 3.653675636892324 -1.19544251733832 1.311497594424157
  endloop
endfacet
facet normal 8.87782e-15 5.3385e-15 1
  outer loop
    vertex 3.851891921139439 1.198557199893642 1.311497594424157
    vertex 3.953692950356456 1.029263967262681 1.311497594424157
    vertex 4.050108207713843 1.201671882485531 1.311497594424155
  endloop
endfacet
facet normal 0 0 1
  outer loop
    vertex 2.276535058470974 0.5331799536373114 1.311497594424157
    vertex 2.176209625445654 0.3646856444716904 1.311497594424157
    vertex 2.374441155222955 0.3634772674421813 1.311497594424157
  endloop
endfacet
facet normal 0 0 1
  outer loop
    vertex 1.879647493421796 0.5328296840733937 1.311497594424157
    vertex 1.779878365912148 0.3660551591951298 1.311497594424157
    vertex 1.978078341654857 0.3656956513830607 1.311497594424157
  endloop
endfacet
facet normal 0 0 1
  outer loop
    vertex 3.754750328864189 -1.025512421718854 1.311497594424157
    vertex 3.55604209602839 -1.022399503658602 1.311497594424157
    vertex 3.653675636892324 -1.19544251733832 1.311497594424157
  endloop
endfacet
facet normal 0 0 1
  outer loop
    vertex 3.166373728730921 0.3539296667395253 1.311497594424157
    vertex 3.066203589347867 0.1846291118895447 1.311497594424157
    vertex 3.264183579854256 0.1819964965453698 1.311497594424157
  endloop
endfacet
facet normal -0 0 1
  outer loop
    vertex 1.68119301903971 0.5316261158686044 1.311497594424157
    vertex 1.779878365912148 0.3660551591951298 1.311497594424157
    vertex 1.879647493421796 0.5328296840733937 1.311497594424157
  endloop
endfacet
facet normal -2.23538e-17 2.63046e-15 1
  outer loop
    vertex 3.557708002369597 1.025801506120382 1.311497594424157
    vertex 3.755536349724248 1.02748265953214 1.311497594424157
    vertex 3.653675633976986 1.19544251729251 1.311497594424156
  endloop
endfacet
facet normal -7.35982e-17 1.2624e-14 1
  outer loop
    vertex 4.644758367264987 1.210932219939888 1.311497594424154
    vertex 4.54764622154971 1.034474667820331 1.311497594424157
    vertex 4.745949315286214 1.035630783335936 1.311497594424157
  endloop
endfacet
facet normal 0 0 1
  outer loop
    vertex 5.337222866725601 -0.3587906684586932 1.311497594424157
    vertex 5.236650214643685 -0.5287247048910875 1.311497594424157
    vertex 5.433647451927702 -0.5310509101113456 1.311497594424157
  endloop
endfacet
facet normal -2.09172e-16 -1.42533e-14 1
  outer loop
    vertex 4.744160052380273 -1.04102766711579 1.311497594424157
    vertex 4.547083486452794 -1.038135504790104 1.311497594424157
    vertex 4.644758370949101 -1.210932219957389 1.311497594424154
  endloop
endfacet
facet normal 0 -0 1
  outer loop
    vertex 1.176992165319751 -0.9854431154884433 1.311497594424157
    vertex 1.277148617789893 -0.8158993387632781 1.311497594424157
    vertex 1.078623829676281 -0.8128280358758251 1.311497594424157
  endloop
endfacet
facet normal 0 -0 1
  outer loop
    vertex 1.573605872318834 -0.9916079104520328 1.311497594424157
    vertex 1.673896360625267 -0.8220272611588448 1.311497594424157
    vertex 1.475549402728663 -0.8189863330215535 1.311497594424157
  endloop
endfacet
facet normal 0 0 1
  outer loop
    vertex 4.948488247127194 0.3337725595160994 1.311497594424157
    vertex 4.847770108952275 0.1630712689153826 1.311497594424157
    vertex 5.04591191763629 0.1603823678499519 1.311497594424157
  endloop
endfacet
facet normal 0 0 1
  outer loop
    vertex 3.066203589347867 0.1846291118895447 1.311497594424157
    vertex 2.96865040222904 0.3567615381671869 1.311497594424157
    vertex 2.868139775783449 0.1875957980514351 1.311497594424157
  endloop
endfacet
facet normal 0 -0 1
  outer loop
    vertex 0.382868452499374 -0.2892369968918946 1.311497594424157
    vertex 0.4874097470511847 -0.1213004349381623 1.311497594424157
    vertex 0.2865993993546389 -0.1154101142052741 1.311497594424157
  endloop
endfacet
facet normal 0 -0 1
  outer loop
    vertex 4.55087836209982 0.6857047893871078 1.311497594424157
    vertex 4.648514259900065 0.8598315110732877 1.311497594424157
    vertex 4.450423943166482 0.8597264235305488 1.311497594424157
  endloop
endfacet
facet normal 0 0 1
  outer loop
    vertex 3.851891921139439 1.198557199893642 1.311497594424157
    vertex 3.755536349724248 1.02748265953214 1.311497594424157
    vertex 3.953692950356456 1.029263967262681 1.311497594424157
  endloop
endfacet
facet normal 0 0 1
  outer loop
    vertex 3.754750328864189 -1.025512421718854 1.311497594424157
    vertex 3.656951859528043 -0.852437244249628 1.311497594424157
    vertex 3.55604209602839 -1.022399503658602 1.311497594424157
  endloop
endfacet
facet normal 0 0 1
  outer loop
    vertex 1.780615076630213 0.6977599091191886 1.311497594424157
    vertex 1.68119301903971 0.5316261158686044 1.311497594424157
    vertex 1.879647493421796 0.5328296840733937 1.311497594424157
  endloop
endfacet
facet normal 0 0 1
  outer loop
    vertex 1.673896360625267 -0.8220272611588448 1.311497594424157
    vertex 1.771810206248451 -0.9946899175486527 1.311497594424157
    vertex 1.872065810508148 -0.8250572618769042 1.311497594424157
  endloop
endfacet
facet normal 0 -0 1
  outer loop
    vertex 3.851891924208215 -1.198557199941861 1.311497594424157
    vertex 3.953715399733416 -1.028698096559102 1.311497594424157
    vertex 3.754750328864189 -1.025512421718854 1.311497594424157
  endloop
endfacet
facet normal 0 -0 1
  outer loop
    vertex 3.754750328864189 -1.025512421718854 1.311497594424157
    vertex 3.855942004617103 -0.8555049387798959 1.311497594424157
    vertex 3.656951859528043 -0.852437244249628 1.311497594424157
  endloop
endfacet
facet normal 0 0 1
  outer loop
    vertex 2.770735437119196 0.3595011840240159 1.311497594424157
    vertex 2.669993214981934 0.19026579655895 1.311497594424157
    vertex 2.868139775783449 0.1875957980514351 1.311497594424157
  endloop
endfacet
facet normal 0 0 1
  outer loop
    vertex 4.749166570927811 0.6843744732850703 1.311497594424157
    vertex 4.55087836209982 0.6857047893871078 1.311497594424157
    vertex 4.650660839993969 0.5112599207087933 1.311497594424157
  endloop
endfacet
facet normal 0 0 1
  outer loop
    vertex 3.166373728730921 0.3539296667395253 1.311497594424157
    vertex 2.96865040222904 0.3567615381671869 1.311497594424157
    vertex 3.066203589347867 0.1846291118895447 1.311497594424157
  endloop
endfacet
facet normal 0 -0 1
  outer loop
    vertex 5.433647451927702 -0.5310509101113456 1.311497594424157
    vertex 5.534885364897634 -0.3619880861942761 1.311497594424157
    vertex 5.337222866725601 -0.3587906684586932 1.311497594424157
  endloop
endfacet
facet normal -0 0 1
  outer loop
    vertex 1.879647493421796 0.5328296840733937 1.311497594424157
    vertex 1.978078341654857 0.3656956513830607 1.311497594424157
    vertex 2.078059820969789 0.5333097205693218 1.311497594424157
  endloop
endfacet
facet normal 0 0 1
  outer loop
    vertex 4.94764971915354 0.6821786216234169 1.311497594424157
    vertex 4.749166570927811 0.6843744732850703 1.311497594424157
    vertex 4.849127660960761 0.5088903339784847 1.311497594424157
  endloop
endfacet
facet normal 0 0 1
  outer loop
    vertex 5.631657065219408 -0.5359308944417476 1.311497594424157
    vertex 5.534885364897634 -0.3619880861942761 1.311497594424157
    vertex 5.433647451927702 -0.5310509101113456 1.311497594424157
  endloop
endfacet
facet normal 0 0 1
  outer loop
    vertex 2.266161630286591 -1.173639739200755 1.311497594424157
    vertex 2.168198808092561 -1.000800402217313 1.311497594424157
    vertex 2.067945343572521 -1.170525056608367 1.311497594424157
  endloop
endfacet
facet normal 0 0 1
  outer loop
    vertex 1.979196608160488 0.6998613883140046 1.311497594424157
    vertex 1.879647493421796 0.5328296840733937 1.311497594424157
    vertex 2.078059820969789 0.5333097205693218 1.311497594424157
  endloop
endfacet
facet normal 0 -0 1
  outer loop
    vertex 3.159657661972648 -0.6736105116292926 1.311497594424157
    vertex 3.260083591166874 -0.5037532296262148 1.311497594424157
    vertex 3.061515973727289 -0.5006672756074961 1.311497594424157
  endloop
endfacet
facet normal -0 0 1
  outer loop
    vertex 3.658313844699472 -0.1654411721976257 1.311497594424157
    vertex 3.855751603318564 -0.1676199795232018 1.311497594424157
    vertex 3.757552958725502 0.005064461153845956 1.311497594424157
  endloop
endfacet
facet normal 0 0 1
  outer loop
    vertex 4.55087836209982 0.6857047893871078 1.311497594424157
    vertex 4.450423943166482 0.8597264235305488 1.311497594424157
    vertex 4.352781043640705 0.6864999564484786 1.311497594424157
  endloop
endfacet
facet normal 0 -0 1
  outer loop
    vertex 3.658313844699472 -0.1654411721976257 1.311497594424157
    vertex 3.757552958725502 0.005064461153845956 1.311497594424157
    vertex 3.559991586907176 0.007211952094047458 1.311497594424157
  endloop
endfacet
facet normal 0 0 1
  outer loop
    vertex 5.039678392008851 -0.5270449268887929 1.311497594424157
    vertex 4.842360123586443 -0.5253285881948223 1.311497594424157
    vertex 4.940295692007271 -0.6984301965552162 1.311497594424157
  endloop
endfacet
facet normal 0 0 1
  outer loop
    vertex 3.460334782980776 -0.1630767549268051 1.311497594424157
    vertex 3.360548424873496 -0.333435138283724 1.311497594424157
    vertex 3.559186592382443 -0.3360109834812712 1.311497594424157
  endloop
endfacet
facet normal -0 0 1
  outer loop
    vertex 2.770735437119196 0.3595011840240159 1.311497594424157
    vertex 2.96865040222904 0.3567615381671869 1.311497594424157
    vertex 2.87125418656646 0.5285309947841186 1.311497594424157
  endloop
endfacet
facet normal 0 0 1
  outer loop
    vertex 4.749166570927811 0.6843744732850703 1.311497594424157
    vertex 4.650660839993969 0.5112599207087933 1.311497594424157
    vertex 4.849127660960761 0.5088903339784847 1.311497594424157
  endloop
endfacet
facet normal 0 0 1
  outer loop
    vertex 5.344078299088557 0.328536479404723 1.311497594424157
    vertex 5.441815986018317 0.1550962787380306 1.311497594424157
    vertex 5.542035786367998 0.3258545571415106 1.311497594424157
  endloop
endfacet
facet normal 0 0 1
  outer loop
    vertex 3.262015896749598 -0.1604973881112655 1.311497594424157
    vertex 3.360548424873496 -0.333435138283724 1.311497594424157
    vertex 3.460334782980776 -0.1630767549268051 1.311497594424157
  endloop
endfacet
facet normal -0 0 1
  outer loop
    vertex 3.460334782980776 -0.1630767549268051 1.311497594424157
    vertex 3.658313844699472 -0.1654411721976257 1.311497594424157
    vertex 3.559991586907176 0.007211952094047458 1.311497594424157
  endloop
endfacet
facet normal 0 0 1
  outer loop
    vertex 5.039678392008851 -0.5270449268887929 1.311497594424157
    vertex 4.940295692007271 -0.6984301965552162 1.311497594424157
    vertex 5.1370366039837 -0.6992575279815979 1.311497594424157
  endloop
endfacet
facet normal 0 -0 1
  outer loop
    vertex 2.067945343572521 -1.170525056608367 1.311497594424157
    vertex 2.168198808092561 -1.000800402217313 1.311497594424157
    vertex 1.970051366981155 -0.9977410063627845 1.311497594424157
  endloop
endfacet
facet normal -0 0 1
  outer loop
    vertex 1.970051366981155 -0.9977410063627845 1.311497594424157
    vertex 2.168198808092561 -1.000800402217313 1.311497594424157
    vertex 2.070227868124509 -0.8280491209571693 1.311497594424157
  endloop
endfacet
facet normal 0 0 1
  outer loop
    vertex 4.94764971915354 0.6821786216234169 1.311497594424157
    vertex 4.849127660960761 0.5088903339784847 1.311497594424157
    vertex 5.047849575368627 0.5057506059365027 1.311497594424157
  endloop
endfacet
facet normal -0 0 1
  outer loop
    vertex 5.243917908997112 0.1577117666499175 1.311497594424157
    vertex 5.441815986018317 0.1550962787380306 1.311497594424157
    vertex 5.344078299088557 0.328536479404723 1.311497594424157
  endloop
endfacet
facet normal 0 0 1
  outer loop
    vertex 4.846866488560092 0.8591511116904582 1.311497594424157
    vertex 4.648514259900065 0.8598315110732877 1.311497594424157
    vertex 4.749166570927811 0.6843744732850703 1.311497594424157
  endloop
endfacet
facet normal 0 0 1
  outer loop
    vertex 4.749166570927811 0.6843744732850703 1.311497594424157
    vertex 4.648514259900065 0.8598315110732877 1.311497594424157
    vertex 4.55087836209982 0.6857047893871078 1.311497594424157
  endloop
endfacet
facet normal 0 0 1
  outer loop
    vertex 5.146434873768696 0.6786111987892756 1.311497594424157
    vertex 4.94764971915354 0.6821786216234169 1.311497594424157
    vertex 5.047849575368627 0.5057506059365027 1.311497594424157
  endloop
endfacet
facet normal -0 0 1
  outer loop
    vertex 3.75775259801883 -0.6822762101080044 1.311497594424157
    vertex 3.955723337297513 -0.6851478770024235 1.311497594424157
    vertex 3.856702322111639 -0.5116166393390125 1.311497594424157
  endloop
endfacet
facet normal 0 0 1
  outer loop
    vertex 4.55087836209982 0.6857047893871078 1.311497594424157
    vertex 4.452463510488342 0.5130517811493367 1.311497594424157
    vertex 4.650660839993969 0.5112599207087933 1.311497594424157
  endloop
endfacet
facet normal 0 -0 1
  outer loop
    vertex 3.855751603318564 -0.1676199795232018 1.311497594424157
    vertex 3.955330238843162 0.002774334299707526 1.311497594424157
    vertex 3.757552958725502 0.005064461153845956 1.311497594424157
  endloop
endfacet
facet normal 0 0 1
  outer loop
    vertex 2.177890983826887 0.7009878989907676 1.311497594424157
    vertex 2.078059820969789 0.5333097205693218 1.311497594424157
    vertex 2.276535058470974 0.5331799536373114 1.311497594424157
  endloop
endfacet
facet normal 0 0 1
  outer loop
    vertex 2.368006132995488 -0.6613296133747928 1.311497594424157
    vertex 2.170255935209002 -0.6583315092297728 1.311497594424157
    vertex 2.268255721043904 -0.831055796917174 1.311497594424157
  endloop
endfacet
facet normal 0 -0 1
  outer loop
    vertex 3.460334782980776 -0.1630767549268051 1.311497594424157
    vertex 3.559991586907176 0.007211952094047458 1.311497594424157
    vertex 3.362082444571182 0.009618454157348522 1.311497594424157
  endloop
endfacet
facet normal 0 0 1
  outer loop
    vertex 2.368006132995488 -0.6613296133747928 1.311497594424157
    vertex 2.269966181019272 -0.4886523556920581 1.311497594424157
    vertex 2.170255935209002 -0.6583315092297728 1.311497594424157
  endloop
endfacet
facet normal 0 0 1
  outer loop
    vertex 5.733105306041566 -0.3668319871957771 1.311497594424157
    vertex 5.631657065219408 -0.5359308944417476 1.311497594424157
    vertex 5.830633484733919 -0.5478906324711241 1.311497594424157
  endloop
endfacet
facet normal 0 -0 1
  outer loop
    vertex 3.656951859528043 -0.852437244249628 1.311497594424157
    vertex 3.75775259801883 -0.6822762101080044 1.311497594424157
    vertex 3.558768575411035 -0.6794468325022236 1.311497594424157
  endloop
endfacet
facet normal 0 -0 1
  outer loop
    vertex 3.75775259801883 -0.6822762101080044 1.311497594424157
    vertex 3.856702322111639 -0.5116166393390125 1.311497594424157
    vertex 3.658679500563795 -0.5090924152417589 1.311497594424157
  endloop
endfacet
facet normal 0 0 1
  outer loop
    vertex 4.55087836209982 0.6857047893871078 1.311497594424157
    vertex 4.352781043640705 0.6864999564484786 1.311497594424157
    vertex 4.452463510488342 0.5130517811493367 1.311497594424157
  endloop
endfacet
facet normal 0 0 1
  outer loop
    vertex 5.236650214643685 -0.5287247048910875 1.311497594424157
    vertex 5.039678392008851 -0.5270449268887929 1.311497594424157
    vertex 5.1370366039837 -0.6992575279815979 1.311497594424157
  endloop
endfacet
facet normal 0 0 1
  outer loop
    vertex 2.078059820969789 0.5333097205693218 1.311497594424157
    vertex 2.176209625445654 0.3646856444716904 1.311497594424157
    vertex 2.276535058470974 0.5331799536373114 1.311497594424157
  endloop
endfacet
facet normal 0 0 1
  outer loop
    vertex 5.146434873768696 0.6786111987892756 1.311497594424157
    vertex 5.047849575368627 0.5057506059365027 1.311497594424157
    vertex 5.24649590030493 0.5020694384502788 1.311497594424157
  endloop
endfacet
facet normal 0 0 1
  outer loop
    vertex 2.466070553535603 -0.8341269772082895 1.311497594424157
    vertex 2.368006132995488 -0.6613296133747928 1.311497594424157
    vertex 2.268255721043904 -0.831055796917174 1.311497594424157
  endloop
endfacet
facet normal -0 0 1
  outer loop
    vertex 3.262015896749598 -0.1604973881112655 1.311497594424157
    vertex 3.460334782980776 -0.1630767549268051 1.311497594424157
    vertex 3.362082444571182 0.009618454157348522 1.311497594424157
  endloop
endfacet
facet normal 0 0 1
  outer loop
    vertex 4.250951045618109 -0.5171044423028222 1.311497594424157
    vertex 4.053720619483559 -0.5142813172764082 1.311497594424157
    vertex 4.152736235383522 -0.6879776783041213 1.311497594424157
  endloop
endfacet
facet normal 0 0 1
  outer loop
    vertex 5.733105306041566 -0.3668319871957771 1.311497594424157
    vertex 5.534885364897634 -0.3619880861942761 1.311497594424157
    vertex 5.631657065219408 -0.5359308944417476 1.311497594424157
  endloop
endfacet
facet normal 0 0 1
  outer loop
    vertex 3.063631621787255 -0.1577610890407612 1.311497594424157
    vertex 3.161825968415162 -0.3306508531469455 1.311497594424157
    vertex 3.262015896749598 -0.1604973881112655 1.311497594424157
  endloop
endfacet
facet normal -1.13023e-14 -6.37696e-15 1
  outer loop
    vertex 3.653675636892324 -1.19544251733832 1.311497594424157
    vertex 3.55604209602839 -1.022399503658602 1.311497594424157
    vertex 3.4554593508675 -1.192327834756801 1.311497594424154
  endloop
endfacet
facet normal -0 0 1
  outer loop
    vertex 5.146544097830092 0.3310597225931997 1.311497594424157
    vertex 5.344078299088557 0.328536479404723 1.311497594424157
    vertex 5.24649590030493 0.5020694384502788 1.311497594424157
  endloop
endfacet
facet normal -0 0 1
  outer loop
    vertex 3.161825968415162 -0.3306508531469455 1.311497594424157
    vertex 3.360548424873496 -0.333435138283724 1.311497594424157
    vertex 3.262015896749598 -0.1604973881112655 1.311497594424157
  endloop
endfacet
facet normal 0 0 1
  outer loop
    vertex 4.94764971915354 0.6821786216234169 1.311497594424157
    vertex 4.846866488560092 0.8591511116904582 1.311497594424157
    vertex 4.749166570927811 0.6843744732850703 1.311497594424157
  endloop
endfacet
facet normal 0 0 1
  outer loop
    vertex 2.276535058470974 0.5331799536373114 1.311497594424157
    vertex 2.374441155222955 0.3634772674421813 1.311497594424157
    vertex 2.475082703540051 0.5325964396694007 1.311497594424157
  endloop
endfacet
facet normal 0 -0 1
  outer loop
    vertex 5.639705192910569 0.1524765339093137 1.311497594424157
    vertex 5.739680489885544 0.3236309612370485 1.311497594424157
    vertex 5.542035786367998 0.3258545571415106 1.311497594424157
  endloop
endfacet
facet normal -0 0 1
  outer loop
    vertex 3.656951859528043 -0.852437244249628 1.311497594424157
    vertex 3.855942004617103 -0.8555049387798959 1.311497594424157
    vertex 3.75775259801883 -0.6822762101080044 1.311497594424157
  endloop
endfacet
facet normal 0 0 1
  outer loop
    vertex 2.466070553535603 -0.8341269772082895 1.311497594424157
    vertex 2.268255721043904 -0.831055796917174 1.311497594424157
    vertex 2.366255207132663 -1.003876218272499 1.311497594424157
  endloop
endfacet
facet normal 0 0 1
  outer loop
    vertex 6.237340253848486 0.4921452155891768 1.311497594424157
    vertex 6.332171236860371 0.3158115826220522 1.311497594424157
    vertex 6.429998991664504 0.4841376693450161 1.311497594424157
  endloop
endfacet
facet normal -0 0 1
  outer loop
    vertex 3.855751603318564 -0.1676199795232018 1.311497594424157
    vertex 4.053152140289266 -0.1700052985862957 1.311497594424157
    vertex 3.955330238843162 0.002774334299707526 1.311497594424157
  endloop
endfacet
facet normal 0 0 1
  outer loop
    vertex 2.376719149857006 0.7014774205456356 1.311497594424157
    vertex 2.276535058470974 0.5331799536373114 1.311497594424157
    vertex 2.475082703540051 0.5325964396694007 1.311497594424157
  endloop
endfacet
facet normal 0 -0 1
  outer loop
    vertex 4.94764971915354 0.6821786216234169 1.311497594424157
    vertex 5.045168362113452 0.8573535392771487 1.311497594424157
    vertex 4.846866488560092 0.8591511116904582 1.311497594424157
  endloop
endfacet
facet normal 0 -0 1
  outer loop
    vertex 3.262015896749598 -0.1604973881112655 1.311497594424157
    vertex 3.362082444571182 0.009618454157348522 1.311497594424157
    vertex 3.163966320615132 0.01223413588036681 1.311497594424157
  endloop
endfacet
facet normal 0 -0 1
  outer loop
    vertex 5.830633484733919 -0.5478906324711241 1.311497594424157
    vertex 5.932374668582953 -0.3723575656280446 1.311497594424157
    vertex 5.733105306041566 -0.3668319871957771 1.311497594424157
  endloop
endfacet
facet normal 0 0 1
  outer loop
    vertex 5.236650214643685 -0.5287247048910875 1.311497594424157
    vertex 5.1370366039837 -0.6992575279815979 1.311497594424157
    vertex 5.332663352254035 -0.6998659816177215 1.311497594424157
  endloop
endfacet
facet normal 0 0 1
  outer loop
    vertex 4.155212617942433 0.3433674292895248 1.311497594424157
    vertex 4.253409714772737 0.1705950758838264 1.311497594424157
    vertex 4.353430313937609 0.341397723600027 1.311497594424157
  endloop
endfacet
facet normal 0 0 1
  outer loop
    vertex 2.366255207132663 -1.003876218272499 1.311497594424157
    vertex 2.168198808092561 -1.000800402217313 1.311497594424157
    vertex 2.266161630286591 -1.173639739200755 1.311497594424157
  endloop
endfacet
facet normal 8.87808e-15 -5.32204e-15 1
  outer loop
    vertex 4.050108210936058 -1.201671882536161 1.311497594424155
    vertex 3.953715399733416 -1.028698096559102 1.311497594424157
    vertex 3.851891924208215 -1.198557199941861 1.311497594424157
  endloop
endfacet
facet normal -0 0 1
  outer loop
    vertex 3.063631621787255 -0.1577610890407612 1.311497594424157
    vertex 3.262015896749598 -0.1604973881112655 1.311497594424157
    vertex 3.163966320615132 0.01223413588036681 1.311497594424157
  endloop
endfacet
facet normal -0 0 1
  outer loop
    vertex 7.126078262808295 -0.04274135721259764 1.311497594424157
    vertex 7.332686750207464 -0.05939768401752987 1.311497594424157
    vertex 7.227931807353563 0.1246245588485166 1.311497594424157
  endloop
endfacet
facet normal 0 0 1
  outer loop
    vertex 5.345244832301801 0.6736375968001411 1.311497594424157
    vertex 5.146434873768696 0.6786111987892756 1.311497594424157
    vertex 5.24649590030493 0.5020694384502788 1.311497594424157
  endloop
endfacet
facet normal 0 0 1
  outer loop
    vertex 6.031964445375927 -0.5519503814001269 1.311497594424157
    vertex 5.932374668582953 -0.3723575656280446 1.311497594424157
    vertex 5.830633484733919 -0.5478906324711241 1.311497594424157
  endloop
endfacet
facet normal 0 0 1
  outer loop
    vertex 3.75775259801883 -0.6822762101080044 1.311497594424157
    vertex 3.658679500563795 -0.5090924152417589 1.311497594424157
    vertex 3.558768575411035 -0.6794468325022236 1.311497594424157
  endloop
endfacet
facet normal 0 -0 1
  outer loop
    vertex 7.126078262808295 -0.04274135721259764 1.311497594424157
    vertex 7.227931807353563 0.1246245588485166 1.311497594424157
    vertex 7.02654351525273 0.1339268136454241 1.311497594424157
  endloop
endfacet
facet normal -0 0 1
  outer loop
    vertex 6.926319051955193 -0.03572156466715115 1.311497594424157
    vertex 7.126078262808295 -0.04274135721259764 1.311497594424157
    vertex 7.02654351525273 0.1339268136454241 1.311497594424157
  endloop
endfacet
facet normal 0 0 1
  outer loop
    vertex 2.575760781909434 0.7018129951511407 1.311497594424157
    vertex 2.475082703540051 0.5325964396694007 1.311497594424157
    vertex 2.673562648668347 0.5314507845349055 1.311497594424157
  endloop
endfacet
facet normal 0 0 1
  outer loop
    vertex 3.75775259801883 -0.6822762101080044 1.311497594424157
    vertex 3.855942004617103 -0.8555049387798959 1.311497594424157
    vertex 3.955723337297513 -0.6851478770024235 1.311497594424157
  endloop
endfacet
facet normal 0 0 1
  outer loop
    vertex 1.972214396592767 -0.6554045804488804 1.311497594424157
    vertex 1.874093444802757 -0.4829367756108081 1.311497594424157
    vertex 1.774032587920321 -0.6524810712964921 1.311497594424157
  endloop
endfacet
facet normal 0 0 1
  outer loop
    vertex 5.146434873768696 0.6786111987892756 1.311497594424157
    vertex 5.045168362113452 0.8573535392771487 1.311497594424157
    vertex 4.94764971915354 0.6821786216234169 1.311497594424157
  endloop
endfacet
facet normal 0 0 1
  outer loop
    vertex 6.429998991664504 0.4841376693450161 1.311497594424157
    vertex 6.34307573224655 0.6664548265512289 1.311497594424157
    vertex 6.237340253848486 0.4921452155891768 1.311497594424157
  endloop
endfacet
facet normal -0 0 1
  outer loop
    vertex 4.353430313937609 0.341397723600027 1.311497594424157
    vertex 4.551357790871836 0.3393408839988297 1.311497594424157
    vertex 4.452463510488342 0.5130517811493367 1.311497594424157
  endloop
endfacet
facet normal 0 0 1
  outer loop
    vertex 6.527033907906145 -0.3771396026180275 1.311497594424157
    vertex 6.420548308552377 -0.5419965212832638 1.311497594424157
    vertex 6.627233694816489 -0.5720399315097883 1.311497594424157
  endloop
endfacet
facet normal 0 0 1
  outer loop
    vertex 3.460334782980776 -0.1630767549268051 1.311497594424157
    vertex 3.559186592382443 -0.3360109834812712 1.311497594424157
    vertex 3.658313844699472 -0.1654411721976257 1.311497594424157
  endloop
endfacet
facet normal 0 0 1
  outer loop
    vertex 4.053152140289266 -0.1700052985862957 1.311497594424157
    vertex 4.151757306346378 -0.3432583593344422 1.311497594424157
    vertex 4.250829420784878 -0.17269396978122 1.311497594424157
  endloop
endfacet
facet normal 0 0 1
  outer loop
    vertex 6.429998991664504 0.4841376693450161 1.311497594424157
    vertex 6.332171236860371 0.3158115826220522 1.311497594424157
    vertex 6.526254012135781 0.311814121599761 1.311497594424157
  endloop
endfacet
facet normal 0 0 1
  outer loop
    vertex 6.626439706131339 0.1396098905209973 1.311497594424157
    vertex 6.526254012135781 0.311814121599761 1.311497594424157
    vertex 6.430272284273481 0.1421710476499878 1.311497594424157
  endloop
endfacet
facet normal 0 0 1
  outer loop
    vertex 5.542035786367998 0.3258545571415106 1.311497594424157
    vertex 5.441815986018317 0.1550962787380306 1.311497594424157
    vertex 5.639705192910569 0.1524765339093137 1.311497594424157
  endloop
endfacet
facet normal -2.26043e-15 1.27316e-15 1
  outer loop
    vertex 3.653675633976986 1.19544251729251 1.311497594424156
    vertex 3.755536349724248 1.02748265953214 1.311497594424157
    vertex 3.851891921139439 1.198557199893642 1.311497594424157
  endloop
endfacet
facet normal 0 -0 1
  outer loop
    vertex 6.926319051955193 -0.03572156466715115 1.311497594424157
    vertex 7.02654351525273 0.1339268136454241 1.311497594424157
    vertex 6.824831870440942 0.1369431240971362 1.311497594424157
  endloop
endfacet
facet normal 0 0 1
  outer loop
    vertex 5.433647451927702 -0.5310509101113456 1.311497594424157
    vertex 5.236650214643685 -0.5287247048910875 1.311497594424157
    vertex 5.332663352254035 -0.6998659816177215 1.311497594424157
  endloop
endfacet
facet normal 0 0 1
  outer loop
    vertex 2.673562648668347 0.5314507845349055 1.311497594424157
    vertex 2.770735437119196 0.3595011840240159 1.311497594424157
    vertex 2.87125418656646 0.5285309947841186 1.311497594424157
  endloop
endfacet
facet normal 0 0 1
  outer loop
    vertex 4.352781043640705 0.6864999564484786 1.311497594424157
    vertex 4.254534999343307 0.5144698320002565 1.311497594424157
    vertex 4.452463510488342 0.5130517811493367 1.311497594424157
  endloop
endfacet
facet normal 0 0 1
  outer loop
    vertex 2.177890983826887 0.7009878989907676 1.311497594424157
    vertex 1.979196608160488 0.6998613883140046 1.311497594424157
    vertex 2.078059820969789 0.5333097205693218 1.311497594424157
  endloop
endfacet
facet normal 0 0 1
  outer loop
    vertex 3.46336528033169 0.5202837711282122 1.311497594424157
    vertex 3.363915778110259 0.3511985393622827 1.311497594424157
    vertex 3.561601420491274 0.3490120780833135 1.311497594424157
  endloop
endfacet
facet normal 0 0 1
  outer loop
    vertex 5.24649590030493 0.5020694384502788 1.311497594424157
    vertex 5.344078299088557 0.328536479404723 1.311497594424157
    vertex 5.443508086618887 0.4994578394880238 1.311497594424157
  endloop
endfacet
facet normal -0 0 1
  outer loop
    vertex 5.639705192910569 0.1524765339093137 1.311497594424157
    vertex 5.837592551064207 0.150046072310752 1.311497594424157
    vertex 5.739680489885544 0.3236309612370485 1.311497594424157
  endloop
endfacet
facet normal 0 -0 1
  outer loop
    vertex 1.673896360625267 -0.8220272611588448 1.311497594424157
    vertex 1.774032587920321 -0.6524810712964921 1.311497594424157
    vertex 1.575761714016982 -0.6494957876272577 1.311497594424157
  endloop
endfacet
facet normal -0 0 1
  outer loop
    vertex 3.166373728730921 0.3539296667395253 1.311497594424157
    vertex 3.363915778110259 0.3511985393622827 1.311497594424157
    vertex 3.266006518482922 0.5225496880947216 1.311497594424157
  endloop
endfacet
facet normal 0 0 1
  outer loop
    vertex 5.345244832301801 0.6736375968001411 1.311497594424157
    vertex 5.24649590030493 0.5020694384502788 1.311497594424157
    vertex 5.443508086618887 0.4994578394880238 1.311497594424157
  endloop
endfacet
facet normal 0 0 1
  outer loop
    vertex 2.564225495621657 -1.006983704310602 1.311497594424157
    vertex 2.466070553535603 -0.8341269772082895 1.311497594424157
    vertex 2.366255207132663 -1.003876218272499 1.311497594424157
  endloop
endfacet
facet normal 0 0 1
  outer loop
    vertex 1.979196608160488 0.6998613883140046 1.311497594424157
    vertex 1.780615076630213 0.6977599091191886 1.311497594424157
    vertex 1.879647493421796 0.5328296840733937 1.311497594424157
  endloop
endfacet
facet normal 0 -0 1
  outer loop
    vertex 3.362082444571182 0.009618454157348522 1.311497594424157
    vertex 3.461964140770493 0.1794195355825576 1.311497594424157
    vertex 3.264183579854256 0.1819964965453698 1.311497594424157
  endloop
endfacet
facet normal 0 0 1
  outer loop
    vertex 5.443508086618887 0.4994578394880238 1.311497594424157
    vertex 5.344078299088557 0.328536479404723 1.311497594424157
    vertex 5.542035786367998 0.3258545571415106 1.311497594424157
  endloop
endfacet
facet normal 0 0 1
  outer loop
    vertex 5.739680489885544 0.3236309612370485 1.311497594424157
    vertex 5.837592551064207 0.150046072310752 1.311497594424157
    vertex 5.93800731954259 0.3217123033460854 1.311497594424157
  endloop
endfacet
facet normal 0 0 1
  outer loop
    vertex 4.849127660960761 0.5088903339784847 1.311497594424157
    vertex 4.948488247127194 0.3337725595160994 1.311497594424157
    vertex 5.047849575368627 0.5057506059365027 1.311497594424157
  endloop
endfacet
facet normal 0 -0 1
  outer loop
    vertex 3.063631621787255 -0.1577610890407612 1.311497594424157
    vertex 3.163966320615132 0.01223413588036681 1.311497594424157
    vertex 2.965770752906063 0.01496799441968344 1.311497594424157
  endloop
endfacet
facet normal 0 0 1
  outer loop
    vertex 6.528634744069649 -0.03118566751396123 1.311497594424157
    vertex 6.627748511090538 -0.2049965639863882 1.311497594424157
    vertex 6.726766180020495 -0.03365770166894322 1.311497594424157
  endloop
endfacet
facet normal -0 0 1
  outer loop
    vertex 5.542035786367998 0.3258545571415106 1.311497594424157
    vertex 5.739680489885544 0.3236309612370485 1.311497594424157
    vertex 5.641081926757547 0.4967391560450707 1.311497594424157
  endloop
endfacet
facet normal -3.45866e-15 -6.97801e-15 1
  outer loop
    vertex 7.299217717390347 -0.5992364664025223 1.311497594424157
    vertex 7.12385760436988 -0.5123190535992754 1.311497594424157
    vertex 7.133601571777474 -0.7080723590968269 1.311497594424155
  endloop
endfacet
facet normal 1.10993e-14 -6.54328e-15 1
  outer loop
    vertex 3.4554593508675 -1.192327834756801 1.311497594424154
    vertex 3.357439688532106 -1.01925026651225 1.311497594424157
    vertex 3.257243064029413 -1.189213152163081 1.311497594424157
  endloop
endfacet
facet normal -0 0 1
  outer loop
    vertex 2.374441155222955 0.3634772674421813 1.311497594424157
    vertex 2.572627513860162 0.3617030810173414 1.311497594424157
    vertex 2.475082703540051 0.5325964396694007 1.311497594424157
  endloop
endfacet
facet normal 0 0 1
  outer loop
    vertex 6.921060403269988 0.3059355161928876 1.311497594424157
    vertex 6.815987577892547 0.4974849958500014 1.311497594424157
    vertex 6.72185706236753 0.3115638348431633 1.311497594424157
  endloop
endfacet
facet normal -0 0 1
  outer loop
    vertex 6.726766180020495 -0.03365770166894322 1.311497594424157
    vertex 6.926319051955193 -0.03572156466715115 1.311497594424157
    vertex 6.824831870440942 0.1369431240971362 1.311497594424157
  endloop
endfacet
facet normal -0 0 1
  outer loop
    vertex 6.4291139058984 -0.2019777046858497 1.311497594424157
    vertex 6.627748511090538 -0.2049965639863882 1.311497594424157
    vertex 6.528634744069649 -0.03118566751396123 1.311497594424157
  endloop
endfacet
facet normal 0 0 1
  outer loop
    vertex 6.627748511090538 -0.2049965639863882 1.311497594424157
    vertex 6.527033907906145 -0.3771396026180275 1.311497594424157
    vertex 6.728090753541358 -0.3797762583797675 1.311497594424157
  endloop
endfacet
facet normal 0 0 1
  outer loop
    vertex 2.774985405948406 0.7019595766118734 1.311497594424157
    vertex 2.673562648668347 0.5314507845349055 1.311497594424157
    vertex 2.87125418656646 0.5285309947841186 1.311497594424157
  endloop
endfacet
facet normal -0 0 1
  outer loop
    vertex 6.528634744069649 -0.03118566751396123 1.311497594424157
    vertex 6.726766180020495 -0.03365770166894322 1.311497594424157
    vertex 6.626439706131339 0.1396098905209973 1.311497594424157
  endloop
endfacet
facet normal 0 0 1
  outer loop
    vertex 3.068866953502325 0.5256887738335985 1.311497594424157
    vertex 3.166373728730921 0.3539296667395253 1.311497594424157
    vertex 3.266006518482922 0.5225496880947216 1.311497594424157
  endloop
endfacet
facet normal 0 0 1
  outer loop
    vertex 4.452463510488342 0.5130517811493367 1.311497594424157
    vertex 4.551357790871836 0.3393408839988297 1.311497594424157
    vertex 4.650660839993969 0.5112599207087933 1.311497594424157
  endloop
endfacet
facet normal 0 0 1
  outer loop
    vertex 5.443508086618887 0.4994578394880238 1.311497594424157
    vertex 5.542035786367998 0.3258545571415106 1.311497594424157
    vertex 5.641081926757547 0.4967391560450707 1.311497594424157
  endloop
endfacet
facet normal -0 0 1
  outer loop
    vertex 3.061515973727289 -0.5006672756074961 1.311497594424157
    vertex 3.260083591166874 -0.5037532296262148 1.311497594424157
    vertex 3.161825968415162 -0.3306508531469455 1.311497594424157
  endloop
endfacet
facet normal 0 -0 1
  outer loop
    vertex 4.053152140289266 -0.1700052985862957 1.311497594424157
    vertex 4.153242014931497 0.0002321089816177402 1.311497594424157
    vertex 3.955330238843162 0.002774334299707526 1.311497594424157
  endloop
endfacet
facet normal 0 0 1
  outer loop
    vertex 3.46336528033169 0.5202837711282122 1.311497594424157
    vertex 3.561601420491274 0.3490120780833135 1.311497594424157
    vertex 3.660813340551267 0.5184754946137946 1.311497594424157
  endloop
endfacet
facet normal -0 0 1
  outer loop
    vertex 2.963374343092239 -0.3277639359991444 1.311497594424157
    vertex 3.161825968415162 -0.3306508531469455 1.311497594424157
    vertex 3.063631621787255 -0.1577610890407612 1.311497594424157
  endloop
endfacet
facet normal 0 0 1
  outer loop
    vertex 5.631657065219408 -0.5359308944417476 1.311497594424157
    vertex 5.433647451927702 -0.5310509101113456 1.311497594424157
    vertex 5.528848812114187 -0.7010119199485512 1.311497594424157
  endloop
endfacet
facet normal 0 -0 1
  outer loop
    vertex 6.726766180020495 -0.03365770166894322 1.311497594424157
    vertex 6.824831870440942 0.1369431240971362 1.311497594424157
    vertex 6.626439706131339 0.1396098905209973 1.311497594424157
  endloop
endfacet
facet normal 0 -0 1
  outer loop
    vertex 6.528634744069649 -0.03118566751396123 1.311497594424157
    vertex 6.626439706131339 0.1396098905209973 1.311497594424157
    vertex 6.430272284273481 0.1421710476499878 1.311497594424157
  endloop
endfacet
facet normal 0 -0 1
  outer loop
    vertex 6.824831870440942 0.1369431240971362 1.311497594424157
    vertex 6.921060403269988 0.3059355161928876 1.311497594424157
    vertex 6.72185706236753 0.3115638348431633 1.311497594424157
  endloop
endfacet
facet normal 0 0 1
  outer loop
    vertex 7.126078262808295 -0.04274135721259764 1.311497594424157
    vertex 7.023317088049893 -0.2029758721006434 1.311497594424157
    vertex 7.219671364030925 -0.2169043949842011 1.311497594424157
  endloop
endfacet
facet normal 0 0 1
  outer loop
    vertex 7.126078262808295 -0.04274135721259764 1.311497594424157
    vertex 7.219671364030925 -0.2169043949842011 1.311497594424157
    vertex 7.332686750207464 -0.05939768401752987 1.311497594424157
  endloop
endfacet
facet normal 0 0 1
  outer loop
    vertex 6.526254012135781 0.311814121599761 1.311497594424157
    vertex 6.332171236860371 0.3158115826220522 1.311497594424157
    vertex 6.430272284273481 0.1421710476499878 1.311497594424157
  endloop
endfacet
facet normal 0 0 1
  outer loop
    vertex 6.926319051955193 -0.03572156466715115 1.311497594424157
    vertex 7.023317088049893 -0.2029758721006434 1.311497594424157
    vertex 7.126078262808295 -0.04274135721259764 1.311497594424157
  endloop
endfacet
facet normal 0 0 1
  outer loop
    vertex 6.728090753541358 -0.3797762583797675 1.311497594424157
    vertex 6.527033907906145 -0.3771396026180275 1.311497594424157
    vertex 6.627233694816489 -0.5720399315097883 1.311497594424157
  endloop
endfacet
facet normal 0 0 1
  outer loop
    vertex 6.131015003618476 -0.3731040677147824 1.311497594424157
    vertex 5.932374668582953 -0.3723575656280446 1.311497594424157
    vertex 6.031964445375927 -0.5519503814001269 1.311497594424157
  endloop
endfacet
facet normal 0 -0 1
  outer loop
    vertex 6.131015003618476 -0.3731040677147824 1.311497594424157
    vertex 6.231017666786006 -0.2001040449170033 1.311497594424157
    vertex 6.032991967401881 -0.1985598058303355 1.311497594424157
  endloop
endfacet
facet normal 0 0 1
  outer loop
    vertex 6.72185706236753 0.3115638348431633 1.311497594424157
    vertex 6.526254012135781 0.311814121599761 1.311497594424157
    vertex 6.626439706131339 0.1396098905209973 1.311497594424157
  endloop
endfacet
facet normal 0 0 1
  outer loop
    vertex 2.170255935209002 -0.6583315092297728 1.311497594424157
    vertex 2.070227868124509 -0.8280491209571693 1.311497594424157
    vertex 2.268255721043904 -0.831055796917174 1.311497594424157
  endloop
endfacet
facet normal -0 0 1
  outer loop
    vertex 6.331385680508391 -0.02841571150123134 1.311497594424157
    vertex 6.528634744069649 -0.03118566751396123 1.311497594424157
    vertex 6.430272284273481 0.1421710476499878 1.311497594424157
  endloop
endfacet
facet normal 0 0 1
  outer loop
    vertex 5.541387664917735 0.6703254006699502 1.311497594424157
    vertex 5.443508086618887 0.4994578394880238 1.311497594424157
    vertex 5.641081926757547 0.4967391560450707 1.311497594424157
  endloop
endfacet
facet normal 0 0 1
  outer loop
    vertex 2.376719149857006 0.7014774205456356 1.311497594424157
    vertex 2.177890983826887 0.7009878989907676 1.311497594424157
    vertex 2.276535058470974 0.5331799536373114 1.311497594424157
  endloop
endfacet
facet normal -0 0 1
  outer loop
    vertex 6.826615205550481 -0.2065979626131456 1.311497594424157
    vertex 6.945867157390986 -0.4007787916760484 1.311497594424157
    vertex 7.023317088049893 -0.2029758721006434 1.311497594424157
  endloop
endfacet
facet normal -2.81844e-15 5.91205e-15 1
  outer loop
    vertex 7.133601573813978 0.7080723719406667 1.311497594424156
    vertex 7.134588564317415 0.5207529500804819 1.311497594424157
    vertex 7.2992176950162 0.5992364432486976 1.311497594424157
  endloop
endfacet
facet normal 0 0 1
  outer loop
    vertex 6.327890034709665 -0.3724470111171585 1.311497594424157
    vertex 6.231017666786006 -0.2001040449170033 1.311497594424157
    vertex 6.131015003618476 -0.3731040677147824 1.311497594424157
  endloop
endfacet
facet normal 0 0 1
  outer loop
    vertex 4.940295692007271 -0.6984301965552162 1.311497594424157
    vertex 5.038157548188055 -0.8711781327524331 1.311497594424157
    vertex 5.1370366039837 -0.6992575279815979 1.311497594424157
  endloop
endfacet
facet normal 0 0 1
  outer loop
    vertex 5.641081926757547 0.4967391560450707 1.311497594424157
    vertex 5.739680489885544 0.3236309612370485 1.311497594424157
    vertex 5.839528777277391 0.4949633676899865 1.311497594424157
  endloop
endfacet
facet normal 0 0 1
  outer loop
    vertex 2.575760781909434 0.7018129951511407 1.311497594424157
    vertex 2.376719149857006 0.7014774205456356 1.311497594424157
    vertex 2.475082703540051 0.5325964396694007 1.311497594424157
  endloop
endfacet
facet normal -0 0 1
  outer loop
    vertex 1.978078341654857 0.3656956513830607 1.311497594424157
    vertex 2.176209625445654 0.3646856444716904 1.311497594424157
    vertex 2.078059820969789 0.5333097205693218 1.311497594424157
  endloop
endfacet
facet normal 0 -0 1
  outer loop
    vertex 2.665333001183247 -0.4946321755565862 1.311497594424157
    vertex 2.765311622708715 -0.3248411805583366 1.311497594424157
    vertex 2.567290446763682 -0.3219096972993243 1.311497594424157
  endloop
endfacet
facet normal 0 0 1
  outer loop
    vertex 4.849127660960761 0.5088903339784847 1.311497594424157
    vertex 4.749802088643794 0.3367957072087706 1.311497594424157
    vertex 4.948488247127194 0.3337725595160994 1.311497594424157
  endloop
endfacet
facet normal -0 0 1
  outer loop
    vertex 2.96140660460816 -0.6705116916790943 1.311497594424157
    vertex 3.159657661972648 -0.6736105116292926 1.311497594424157
    vertex 3.061515973727289 -0.5006672756074961 1.311497594424157
  endloop
endfacet
facet normal 0 0 1
  outer loop
    vertex 5.830633484733919 -0.5478906324711241 1.311497594424157
    vertex 5.631657065219408 -0.5359308944417476 1.311497594424157
    vertex 5.728857746112552 -0.7068173480553539 1.311497594424157
  endloop
endfacet
facet normal 0 0 1
  outer loop
    vertex 4.650660839993969 0.5112599207087933 1.311497594424157
    vertex 4.749802088643794 0.3367957072087706 1.311497594424157
    vertex 4.849127660960761 0.5088903339784847 1.311497594424157
  endloop
endfacet
facet normal 0 0 1
  outer loop
    vertex 6.826615205550481 -0.2065979626131456 1.311497594424157
    vertex 7.023317088049893 -0.2029758721006434 1.311497594424157
    vertex 6.926319051955193 -0.03572156466715115 1.311497594424157
  endloop
endfacet
facet normal 0 0 1
  outer loop
    vertex 6.726766180020495 -0.03365770166894322 1.311497594424157
    vertex 6.826615205550481 -0.2065979626131456 1.311497594424157
    vertex 6.926319051955193 -0.03572156466715115 1.311497594424157
  endloop
endfacet
facet normal -6.25479e-15 6.59007e-15 1
  outer loop
    vertex 6.218863375647586 1.08158081755101 1.311497594424155
    vertex 6.258811415699307 0.883639712575975 1.311497594424157
    vertex 6.409261733301415 1.026435771195307 1.311497594424157
  endloop
endfacet
facet normal 8.82163e-15 -2.2724e-15 1
  outer loop
    vertex 6.409261732759357 -1.026435755851892 1.311497594424155
    vertex 6.270756219686489 -0.8801287994945757 1.311497594424157
    vertex 6.218863376124595 -1.081580800747266 1.311497594424157
  endloop
endfacet
facet normal 0 0 1
  outer loop
    vertex 3.757552958725502 0.005064461153845956 1.311497594424157
    vertex 3.659733592313377 0.1771909412718877 1.311497594424157
    vertex 3.559991586907176 0.007211952094047458 1.311497594424157
  endloop
endfacet
facet normal 0 0 1
  outer loop
    vertex 5.239438863209127 -1.215496118566457 1.311497594424157
    vertex 5.13699552869419 -1.043577822294562 1.311497594424157
    vertex 5.041203927426932 -1.2162036249673 1.311497594424157
  endloop
endfacet
facet normal -1.08298e-15 1.0403e-14 1
  outer loop
    vertex 5.041203923620898 1.216203622241009 1.311497594424155
    vertex 5.142378297163604 1.034637213047618 1.311497594424157
    vertex 5.239438859120933 1.215496123176905 1.311497594424155
  endloop
endfacet
facet normal 0 0 1
  outer loop
    vertex 6.4291139058984 -0.2019777046858497 1.311497594424157
    vertex 6.527033907906145 -0.3771396026180275 1.311497594424157
    vertex 6.627748511090538 -0.2049965639863882 1.311497594424157
  endloop
endfacet
facet normal 0 0 1
  outer loop
    vertex 6.031964445375927 -0.5519503814001269 1.311497594424157
    vertex 5.830633484733919 -0.5478906324711241 1.311497594424157
    vertex 5.925851362896718 -0.753495187846017 1.311497594424157
  endloop
endfacet
facet normal 0 0 1
  outer loop
    vertex 5.739389649385322 0.6667397898392602 1.311497594424157
    vertex 5.641081926757547 0.4967391560450707 1.311497594424157
    vertex 5.839528777277391 0.4949633676899865 1.311497594424157
  endloop
endfacet
facet normal 0 0 1
  outer loop
    vertex 5.839528777277391 0.4949633676899865 1.311497594424157
    vertex 5.739680489885544 0.3236309612370485 1.311497594424157
    vertex 5.93800731954259 0.3217123033460854 1.311497594424157
  endloop
endfacet
facet normal 0 0 1
  outer loop
    vertex 3.161825968415162 -0.3306508531469455 1.311497594424157
    vertex 3.260083591166874 -0.5037532296262148 1.311497594424157
    vertex 3.360548424873496 -0.333435138283724 1.311497594424157
  endloop
endfacet
facet normal 0 0 1
  outer loop
    vertex 6.726766180020495 -0.03365770166894322 1.311497594424157
    vertex 6.627748511090538 -0.2049965639863882 1.311497594424157
    vertex 6.826615205550481 -0.2065979626131456 1.311497594424157
  endloop
endfacet
facet normal 0 -0 1
  outer loop
    vertex 6.331385680508391 -0.02841571150123134 1.311497594424157
    vertex 6.430272284273481 0.1421710476499878 1.311497594424157
    vertex 6.233211546705609 0.1451050941496215 1.311497594424157
  endloop
endfacet
facet normal 1.27561e-14 7.0857e-15 1
  outer loop
    vertex 5.831448170346106 1.165167667680129 1.311497594424157
    vertex 5.926890807905387 0.9933467588984868 1.311497594424157
    vertex 6.026155636551433 1.128014930245903 1.311497594424154
  endloop
endfacet
facet normal -4.89559e-15 -4.22622e-15 1
  outer loop
    vertex 6.026155638447094 -1.128014916768806 1.311497594424157
    vertex 5.896626936020481 -0.9779710397614494 1.311497594424157
    vertex 5.831448175687164 -1.165167671625201 1.311497594424156
  endloop
endfacet
facet normal 0 0 1
  outer loop
    vertex 6.430272284273481 0.1421710476499878 1.311497594424157
    vertex 6.332171236860371 0.3158115826220522 1.311497594424157
    vertex 6.233211546705609 0.1451050941496215 1.311497594424157
  endloop
endfacet
facet normal 0 0 1
  outer loop
    vertex 7.227931807353563 0.1246245588485166 1.311497594424157
    vertex 7.133039456471965 0.3145205318563193 1.311497594424157
    vertex 7.02654351525273 0.1339268136454241 1.311497594424157
  endloop
endfacet
facet normal -0 0 1
  outer loop
    vertex 2.865370653220766 -0.1549520395978388 1.311497594424157
    vertex 3.063631621787255 -0.1577610890407612 1.311497594424157
    vertex 2.965770752906063 0.01496799441968344 1.311497594424157
  endloop
endfacet
facet normal 0 0 1
  outer loop
    vertex 5.631657065219408 -0.5359308944417476 1.311497594424157
    vertex 5.528848812114187 -0.7010119199485512 1.311497594424157
    vertex 5.728857746112552 -0.7068173480553539 1.311497594424157
  endloop
endfacet
facet normal 0 0 1
  outer loop
    vertex 4.448902018836124 -0.1755991741070622 1.311497594424157
    vertex 4.547110702232927 -0.3492054736800634 1.311497594424157
    vertex 4.646876622040977 -0.1784436486996295 1.311497594424157
  endloop
endfacet
facet normal 0 0 1
  outer loop
    vertex 3.362082444571182 0.009618454157348522 1.311497594424157
    vertex 3.264183579854256 0.1819964965453698 1.311497594424157
    vertex 3.163966320615132 0.01223413588036681 1.311497594424157
  endloop
endfacet
facet normal 0 0 1
  outer loop
    vertex 6.327890034709665 -0.3724470111171585 1.311497594424157
    vertex 6.131015003618476 -0.3731040677147824 1.311497594424157
    vertex 6.229866204628759 -0.5433113604470017 1.311497594424157
  endloop
endfacet
facet normal 0 0 1
  outer loop
    vertex 6.4291139058984 -0.2019777046858497 1.311497594424157
    vertex 6.231017666786006 -0.2001040449170033 1.311497594424157
    vertex 6.327890034709665 -0.3724470111171585 1.311497594424157
  endloop
endfacet
facet normal 0 0 1
  outer loop
    vertex 6.131015003618476 -0.3731040677147824 1.311497594424157
    vertex 6.031964445375927 -0.5519503814001269 1.311497594424157
    vertex 6.229866204628759 -0.5433113604470017 1.311497594424157
  endloop
endfacet
facet normal -8.72924e-16 6.81933e-15 1
  outer loop
    vertex 6.596764788973106 0.9621434763470521 1.311497594424155
    vertex 6.641969194529505 0.7725635906523143 1.311497594424157
    vertex 6.780587735520135 0.8879909759014032 1.311497594424156
  endloop
endfacet
facet normal 9.3293e-15 -8.15504e-15 1
  outer loop
    vertex 6.78058773844537 -0.887990971932534 1.311497594424154
    vertex 6.623570966166487 -0.7681101311563442 1.311497594424157
    vertex 6.596764789696481 -0.9621434666814406 1.311497594424155
  endloop
endfacet
facet normal 0 0 1
  outer loop
    vertex 6.135950332534368 0.3194963473987504 1.311497594424157
    vertex 5.93800731954259 0.3217123033460854 1.311497594424157
    vertex 6.035688734070439 0.1477017457149266 1.311497594424157
  endloop
endfacet
facet normal 0 0 1
  outer loop
    vertex 5.433647451927702 -0.5310509101113456 1.311497594424157
    vertex 5.332663352254035 -0.6998659816177215 1.311497594424157
    vertex 5.528848812114187 -0.7010119199485512 1.311497594424157
  endloop
endfacet
facet normal 0 0 1
  outer loop
    vertex 5.739389649385322 0.6667397898392602 1.311497594424157
    vertex 5.541387664917735 0.6703254006699502 1.311497594424157
    vertex 5.641081926757547 0.4967391560450707 1.311497594424157
  endloop
endfacet
facet normal -0 0 1
  outer loop
    vertex 3.257243061426474 1.189213152119042 1.311497594424157
    vertex 3.36000374727256 1.02426855957021 1.311497594424157
    vertex 3.45545934810575 1.192327834711733 1.311497594424157
  endloop
endfacet
facet normal 6.67624e-15 3.91678e-15 1
  outer loop
    vertex 4.248805821678681 1.204793868749778 1.311497594424157
    vertex 4.349689357665532 1.032835629893418 1.311497594424157
    vertex 4.446542086014984 1.207891439148907 1.311497594424155
  endloop
endfacet
facet normal 0 0 1
  outer loop
    vertex 3.45545934810575 1.192327834711733 1.311497594424157
    vertex 3.36000374727256 1.02426855957021 1.311497594424157
    vertex 3.557708002369597 1.025801506120382 1.311497594424157
  endloop
endfacet
facet normal 0 0 1
  outer loop
    vertex 3.163111490421232 1.02281124760551 1.311497594424157
    vertex 3.36000374727256 1.02426855957021 1.311497594424157
    vertex 3.257243061426474 1.189213152119042 1.311497594424157
  endloop
endfacet
facet normal -8.73185e-17 1.08231e-14 1
  outer loop
    vertex 3.059026774846818 1.186098469528792 1.311497594424155
    vertex 2.96559236345563 1.021217699561378 1.311497594424157
    vertex 3.163111490421232 1.02281124760551 1.311497594424157
  endloop
endfacet
facet normal -9.04208e-15 5.115e-15 1
  outer loop
    vertex 3.059026774846818 1.186098469528792 1.311497594424155
    vertex 3.163111490421232 1.02281124760551 1.311497594424157
    vertex 3.257243061426474 1.189213152119042 1.311497594424157
  endloop
endfacet
facet normal 8.87141e-15 5.74634e-15 1
  outer loop
    vertex 2.860810488264435 1.182983786939376 1.311497594424157
    vertex 2.96559236345563 1.021217699561378 1.311497594424157
    vertex 3.059026774846818 1.186098469528792 1.311497594424155
  endloop
endfacet
facet normal 0 0 1
  outer loop
    vertex 2.766928106505345 1.02047464980569 1.311497594424157
    vertex 2.96559236345563 1.021217699561378 1.311497594424157
    vertex 2.860810488264435 1.182983786939376 1.311497594424157
  endloop
endfacet
facet normal 0 0 1
  outer loop
    vertex 1.671512770171156 -1.164295691424705 1.311497594424157
    vertex 1.573605872318834 -0.9916079104520328 1.311497594424157
    vertex 1.47329648339027 -1.161181008831959 1.311497594424157
  endloop
endfacet
facet normal 1.33192e-14 -7.85306e-15 1
  outer loop
    vertex 2.464377917064986 -1.176754421794293 1.311497594424154
    vertex 2.366255207132663 -1.003876218272499 1.311497594424157
    vertex 2.266161630286591 -1.173639739200755 1.311497594424157
  endloop
endfacet
facet normal -1.62225e-16 -1.03671e-14 1
  outer loop
    vertex 2.762204527176898 -1.010081701964142 1.311497594424157
    vertex 2.564225495621657 -1.006983704310602 1.311497594424157
    vertex 2.662594203789616 -1.179869104386232 1.311497594424155
  endloop
endfacet
facet normal -7.91561e-15 4.71653e-15 1
  outer loop
    vertex 2.266161628445119 1.173639739173072 1.311497594424155
    vertex 2.369639726746747 1.01775830799588 1.311497594424157
    vertex 2.464377915070237 1.176754421762712 1.311497594424157
  endloop
endfacet
facet normal -0 0 1
  outer loop
    vertex 2.662594201641625 1.179869104350201 1.311497594424157
    vertex 2.766928106505345 1.02047464980569 1.311497594424157
    vertex 2.860810488264435 1.182983786939376 1.311497594424157
  endloop
endfacet
facet normal 0 0 1
  outer loop
    vertex 2.662594201641625 1.179869104350201 1.311497594424157
    vertex 2.568336344794738 1.01954584515374 1.311497594424157
    vertex 2.766928106505345 1.02047464980569 1.311497594424157
  endloop
endfacet
facet normal 0 0 1
  outer loop
    vertex 1.972789016982136 1.013321737829208 1.311497594424157
    vertex 2.171600230190391 1.016150266006501 1.311497594424157
    vertex 2.067945341855991 1.170525056583812 1.311497594424157
  endloop
endfacet
facet normal -4.68419e-15 -1.294e-14 1
  outer loop
    vertex 2.662594203789616 -1.179869104386232 1.311497594424155
    vertex 2.564225495621657 -1.006983704310602 1.311497594424157
    vertex 2.464377917064986 -1.176754421794293 1.311497594424154
  endloop
endfacet
facet normal 7.75963e-15 5.2102e-15 1
  outer loop
    vertex 2.067945341855991 1.170525056583812 1.311497594424157
    vertex 2.171600230190391 1.016150266006501 1.311497594424157
    vertex 2.266161628445119 1.173639739173072 1.311497594424155
  endloop
endfacet
facet normal -2.44105e-16 -1.55513e-14 1
  outer loop
    vertex 2.464377917064986 -1.176754421794293 1.311497594424154
    vertex 2.564225495621657 -1.006983704310602 1.311497594424157
    vertex 2.366255207132663 -1.003876218272499 1.311497594424157
  endloop
endfacet
facet normal -7.93276e-15 -5.80827e-15 1
  outer loop
    vertex 2.860810490526324 -1.182983786978358 1.311497594424156
    vertex 2.762204527176898 -1.010081701964142 1.311497594424157
    vertex 2.662594203789616 -1.179869104386232 1.311497594424155
  endloop
endfacet
facet normal -0 0 1
  outer loop
    vertex 2.464377915070237 1.176754421762712 1.311497594424157
    vertex 2.568336344794738 1.01954584515374 1.311497594424157
    vertex 2.662594201641625 1.179869104350201 1.311497594424157
  endloop
endfacet
facet normal -7.91262e-15 -4.52659e-15 1
  outer loop
    vertex 3.257243064029413 -1.189213152163081 1.311497594424157
    vertex 3.158225010213197 -1.016126570346023 1.311497594424157
    vertex 3.059026777293393 -1.186098469570963 1.311497594424155
  endloop
endfacet
facet normal 0 0 1
  outer loop
    vertex 2.369639726746747 1.01775830799588 1.311497594424157
    vertex 2.568336344794738 1.01954584515374 1.311497594424157
    vertex 2.464377915070237 1.176754421762712 1.311497594424157
  endloop
endfacet
facet normal -8.05295e-17 9.91766e-15 1
  outer loop
    vertex 2.266161628445119 1.173639739173072 1.311497594424155
    vertex 2.171600230190391 1.016150266006501 1.311497594424157
    vertex 2.369639726746747 1.01775830799588 1.311497594424157
  endloop
endfacet
facet normal -5.76756e-15 1.05954e-14 1
  outer loop
    vertex 1.473296482099742 1.161181008816203 1.311497594424154
    vertex 1.575874361993859 1.007452467932895 1.311497594424157
    vertex 1.671512768689428 1.164295691405473 1.311497594424156
  endloop
endfacet
facet normal 9.96403e-16 7.8792e-15 1
  outer loop
    vertex 1.671512768689428 1.164295691405473 1.311497594424156
    vertex 1.774273940059816 1.010394952154569 1.311497594424157
    vertex 1.86972905527682 1.167410373994707 1.311497594424155
  endloop
endfacet
facet normal 6.56195e-15 1.01395e-14 1
  outer loop
    vertex 1.275080195509422 1.158066326226924 1.311497594424156
    vertex 1.377387015476829 1.004260786142138 1.311497594424157
    vertex 1.473296482099742 1.161181008816203 1.311497594424154
  endloop
endfacet
facet normal -6.87637e-15 9.86964e-15 1
  outer loop
    vertex 1.076863908919463 1.15495164363765 1.311497594424154
    vertex 1.17891507246557 1.001075271882938 1.311497594424157
    vertex 1.275080195509422 1.158066326226924 1.311497594424156
  endloop
endfacet
facet normal -2.29793e-16 1.42906e-14 1
  outer loop
    vertex 1.473296482099742 1.161181008816203 1.311497594424154
    vertex 1.377387015476829 1.004260786142138 1.311497594424157
    vertex 1.575874361993859 1.007452467932895 1.311497594424157
  endloop
endfacet
facet normal -6.78583e-15 4.10751e-15 1
  outer loop
    vertex 1.86972905527682 1.167410373994707 1.311497594424155
    vertex 1.972789016982136 1.013321737829208 1.311497594424157
    vertex 2.067945341855991 1.170525056583812 1.311497594424157
  endloop
endfacet
facet normal -1.05941e-16 7.14315e-15 1
  outer loop
    vertex 1.575874361993859 1.007452467932895 1.311497594424157
    vertex 1.774273940059816 1.010394952154569 1.311497594424157
    vertex 1.671512768689428 1.164295691405473 1.311497594424156
  endloop
endfacet
facet normal -1.26228e-16 8.56169e-15 1
  outer loop
    vertex 1.86972905527682 1.167410373994707 1.311497594424155
    vertex 1.774273940059816 1.010394952154569 1.311497594424157
    vertex 1.972789016982136 1.013321737829208 1.311497594424157
  endloop
endfacet
facet normal -9.17058e-17 5.71368e-15 1
  outer loop
    vertex 1.17891507246557 1.001075271882938 1.311497594424157
    vertex 1.377387015476829 1.004260786142138 1.311497594424157
    vertex 1.275080195509422 1.158066326226924 1.311497594424156
  endloop
endfacet
facet normal 2.21902e-15 1.3625e-15 1
  outer loop
    vertex 3.45545934810575 1.192327834711733 1.311497594424157
    vertex 3.557708002369597 1.025801506120382 1.311497594424157
    vertex 3.653675633976986 1.19544251729251 1.311497594424156
  endloop
endfacet
facet normal 0 0 1
  outer loop
    vertex 2.067945343572521 -1.170525056608367 1.311497594424157
    vertex 1.970051366981155 -0.9977410063627845 1.311497594424157
    vertex 1.869729056886149 -1.167410374016644 1.311497594424157
  endloop
endfacet
facet normal -7.95045e-15 -5.7401e-15 1
  outer loop
    vertex 4.446542090584159 -1.207891439321277 1.311497594424156
    vertex 4.349672195948513 -1.035036588664566 1.311497594424157
    vertex 4.248805843045648 -1.204793869083414 1.311497594424155
  endloop
endfacet
facet normal 0 0 1
  outer loop
    vertex 5.541387664917735 0.6703254006699502 1.311497594424157
    vertex 5.345244832301801 0.6736375968001411 1.311497594424157
    vertex 5.443508086618887 0.4994578394880238 1.311497594424157
  endloop
endfacet
facet normal 0 0 1
  outer loop
    vertex 5.243476388906501 0.8535418841970339 1.311497594424157
    vertex 5.045168362113452 0.8573535392771487 1.311497594424157
    vertex 5.146434873768696 0.6786111987892756 1.311497594424157
  endloop
endfacet
facet normal 0 0 1
  outer loop
    vertex 6.331385680508391 -0.02841571150123134 1.311497594424157
    vertex 6.4291139058984 -0.2019777046858497 1.311497594424157
    vertex 6.528634744069649 -0.03118566751396123 1.311497594424157
  endloop
endfacet
facet normal 0 0 1
  outer loop
    vertex 6.032991967401881 -0.1985598058303355 1.311497594424157
    vertex 5.932374668582953 -0.3723575656280446 1.311497594424157
    vertex 6.131015003618476 -0.3731040677147824 1.311497594424157
  endloop
endfacet
facet normal 1.01186e-14 -4.2146e-15 1
  outer loop
    vertex 7.453379661467125 0.4747557802798611 1.311497594424157
    vertex 7.371004126272947 0.276985580061349 1.311497594424157
    vertex 7.591877065453586 0.333103459155577 1.311497594424155
  endloop
endfacet
facet normal 0 0 1
  outer loop
    vertex 2.865370653220766 -0.1549520395978388 1.311497594424157
    vertex 2.963374343092239 -0.3277639359991444 1.311497594424157
    vertex 3.063631621787255 -0.1577610890407612 1.311497594424157
  endloop
endfacet
facet normal 0 0 1
  outer loop
    vertex 5.830633484733919 -0.5478906324711241 1.311497594424157
    vertex 5.728857746112552 -0.7068173480553539 1.311497594424157
    vertex 5.925851362896718 -0.753495187846017 1.311497594424157
  endloop
endfacet
facet normal 0 0 1
  outer loop
    vertex 6.824831870440942 0.1369431240971362 1.311497594424157
    vertex 6.72185706236753 0.3115638348431633 1.311497594424157
    vertex 6.626439706131339 0.1396098905209973 1.311497594424157
  endloop
endfacet
facet normal 0 0 1
  outer loop
    vertex 6.135950332534368 0.3194963473987504 1.311497594424157
    vertex 6.039102988614492 0.4945326020063212 1.311497594424157
    vertex 5.93800731954259 0.3217123033460854 1.311497594424157
  endloop
endfacet
facet normal -0 0 1
  outer loop
    vertex 6.135950332534368 0.3194963473987504 1.311497594424157
    vertex 6.332171236860371 0.3158115826220522 1.311497594424157
    vertex 6.237340253848486 0.4921452155891768 1.311497594424157
  endloop
endfacet
facet normal 0 0 1
  outer loop
    vertex 5.93800731954259 0.3217123033460854 1.311497594424157
    vertex 5.837592551064207 0.150046072310752 1.311497594424157
    vertex 6.035688734070439 0.1477017457149266 1.311497594424157
  endloop
endfacet
facet normal 0 0 1
  outer loop
    vertex 6.039102988614492 0.4945326020063212 1.311497594424157
    vertex 5.839528777277391 0.4949633676899865 1.311497594424157
    vertex 5.93800731954259 0.3217123033460854 1.311497594424157
  endloop
endfacet
facet normal 0 0 1
  outer loop
    vertex 6.327890034709665 -0.3724470111171585 1.311497594424157
    vertex 6.229866204628759 -0.5433113604470017 1.311497594424157
    vertex 6.420548308552377 -0.5419965212832638 1.311497594424157
  endloop
endfacet
facet normal 0 -0 1
  outer loop
    vertex 5.737158748032744 -0.02125436994267793 1.311497594424157
    vertex 5.837592551064207 0.150046072310752 1.311497594424157
    vertex 5.639705192910569 0.1524765339093137 1.311497594424157
  endloop
endfacet
facet normal 0 0 1
  outer loop
    vertex 2.268255721043904 -0.831055796917174 1.311497594424157
    vertex 2.168198808092561 -1.000800402217313 1.311497594424157
    vertex 2.366255207132663 -1.003876218272499 1.311497594424157
  endloop
endfacet
facet normal 0 0 1
  outer loop
    vertex 6.327890034709665 -0.3724470111171585 1.311497594424157
    vertex 6.420548308552377 -0.5419965212832638 1.311497594424157
    vertex 6.527033907906145 -0.3771396026180275 1.311497594424157
  endloop
endfacet
facet normal 0 0 1
  outer loop
    vertex 2.774985405948406 0.7019595766118734 1.311497594424157
    vertex 2.575760781909434 0.7018129951511407 1.311497594424157
    vertex 2.673562648668347 0.5314507845349055 1.311497594424157
  endloop
endfacet
facet normal 0 -0 1
  outer loop
    vertex 6.233211546705609 0.1451050941496215 1.311497594424157
    vertex 6.332171236860371 0.3158115826220522 1.311497594424157
    vertex 6.135950332534368 0.3194963473987504 1.311497594424157
  endloop
endfacet
facet normal 0 0 1
  outer loop
    vertex 5.834537804325951 -0.1958085191561216 1.311497594424157
    vertex 5.932374668582953 -0.3723575656280446 1.311497594424157
    vertex 6.032991967401881 -0.1985598058303355 1.311497594424157
  endloop
endfacet
facet normal 0 0 1
  outer loop
    vertex 6.031964445375927 -0.5519503814001269 1.311497594424157
    vertex 5.925851362896718 -0.753495187846017 1.311497594424157
    vertex 6.142497976645926 -0.7219277249119638 1.311497594424157
  endloop
endfacet
facet normal -0 0 1
  outer loop
    vertex 5.733105306041566 -0.3668319871957771 1.311497594424157
    vertex 5.932374668582953 -0.3723575656280446 1.311497594424157
    vertex 5.834537804325951 -0.1958085191561216 1.311497594424157
  endloop
endfacet
facet normal 0 0 1
  outer loop
    vertex 4.352781043640705 0.6864999564484786 1.311497594424157
    vertex 4.154916043376892 0.6870124302233251 1.311497594424157
    vertex 4.254534999343307 0.5144698320002565 1.311497594424157
  endloop
endfacet
facet normal -0 0 1
  outer loop
    vertex 6.133709408579225 -0.02611996865266097 1.311497594424157
    vertex 6.331385680508391 -0.02841571150123134 1.311497594424157
    vertex 6.233211546705609 0.1451050941496215 1.311497594424157
  endloop
endfacet
facet normal 0 0 1
  outer loop
    vertex 2.970385054235819 0.6947557635460957 1.311497594424157
    vertex 2.87125418656646 0.5285309947841186 1.311497594424157
    vertex 3.068866953502325 0.5256887738335985 1.311497594424157
  endloop
endfacet
facet normal 0 0 1
  outer loop
    vertex 4.844739589600066 -0.1810246003834939 1.311497594424157
    vertex 4.942018477858251 -0.3541854662921124 1.311497594424157
    vertex 5.042562956205525 -0.1834492646034087 1.311497594424157
  endloop
endfacet
facet normal 0 0 1
  outer loop
    vertex 5.935314821943365 -0.02399074040018445 1.311497594424157
    vertex 5.837592551064207 0.150046072310752 1.311497594424157
    vertex 5.737158748032744 -0.02125436994267793 1.311497594424157
  endloop
endfacet
facet normal -0 0 1
  outer loop
    vertex 6.031964445375927 -0.5519503814001269 1.311497594424157
    vertex 6.142497976645926 -0.7219277249119638 1.311497594424157
    vertex 6.229866204628759 -0.5433113604470017 1.311497594424157
  endloop
endfacet
facet normal 0 0 1
  outer loop
    vertex 6.133709408579225 -0.02611996865266097 1.311497594424157
    vertex 6.035688734070439 0.1477017457149266 1.311497594424157
    vertex 5.935314821943365 -0.02399074040018445 1.311497594424157
  endloop
endfacet
facet normal 0 0 1
  outer loop
    vertex 6.233211546705609 0.1451050941496215 1.311497594424157
    vertex 6.135950332534368 0.3194963473987504 1.311497594424157
    vertex 6.035688734070439 0.1477017457149266 1.311497594424157
  endloop
endfacet
facet normal 0 -0 1
  outer loop
    vertex 6.135950332534368 0.3194963473987504 1.311497594424157
    vertex 6.237340253848486 0.4921452155891768 1.311497594424157
    vertex 6.039102988614492 0.4945326020063212 1.311497594424157
  endloop
endfacet
facet normal 0 0 1
  outer loop
    vertex 6.4291139058984 -0.2019777046858497 1.311497594424157
    vertex 6.327890034709665 -0.3724470111171585 1.311497594424157
    vertex 6.527033907906145 -0.3771396026180275 1.311497594424157
  endloop
endfacet
facet normal 0 0 1
  outer loop
    vertex 6.133709408579225 -0.02611996865266097 1.311497594424157
    vertex 6.231017666786006 -0.2001040449170033 1.311497594424157
    vertex 6.331385680508391 -0.02841571150123134 1.311497594424157
  endloop
endfacet
facet normal 0 0 1
  outer loop
    vertex 3.656951859528043 -0.852437244249628 1.311497594424157
    vertex 3.558768575411035 -0.6794468325022236 1.311497594424157
    vertex 3.457823860261389 -0.8494113241056737 1.311497594424157
  endloop
endfacet
facet normal 0 0 1
  outer loop
    vertex 7.02654351525273 0.1339268136454241 1.311497594424157
    vertex 6.921060403269988 0.3059355161928876 1.311497594424157
    vertex 6.824831870440942 0.1369431240971362 1.311497594424157
  endloop
endfacet
facet normal 0 -0 1
  outer loop
    vertex 6.133709408579225 -0.02611996865266097 1.311497594424157
    vertex 6.233211546705609 0.1451050941496215 1.311497594424157
    vertex 6.035688734070439 0.1477017457149266 1.311497594424157
  endloop
endfacet
facet normal -0 0 1
  outer loop
    vertex 6.032991967401881 -0.1985598058303355 1.311497594424157
    vertex 6.231017666786006 -0.2001040449170033 1.311497594424157
    vertex 6.133709408579225 -0.02611996865266097 1.311497594424157
  endloop
endfacet
facet normal 0 0 1
  outer loop
    vertex 5.939402108431771 0.6666047302621363 1.311497594424157
    vertex 5.739389649385322 0.6667397898392602 1.311497594424157
    vertex 5.839528777277391 0.4949633676899865 1.311497594424157
  endloop
endfacet
facet normal 0 0 1
  outer loop
    vertex 6.039102988614492 0.4945326020063212 1.311497594424157
    vertex 5.939402108431771 0.6666047302621363 1.311497594424157
    vertex 5.839528777277391 0.4949633676899865 1.311497594424157
  endloop
endfacet
facet normal 0 0 1
  outer loop
    vertex 6.331385680508391 -0.02841571150123134 1.311497594424157
    vertex 6.231017666786006 -0.2001040449170033 1.311497594424157
    vertex 6.4291139058984 -0.2019777046858497 1.311497594424157
  endloop
endfacet
facet normal 0 0 1
  outer loop
    vertex 3.858490856830688 0.5170248575038652 1.311497594424157
    vertex 3.957153470541745 0.3451890062916789 1.311497594424157
    vertex 4.056545464633296 0.5157708071753619 1.311497594424157
  endloop
endfacet
facet normal 0 0 1
  outer loop
    vertex 5.63508950672698 -1.192247808173307 1.311497594424157
    vertex 5.528954493150906 -1.032622474658514 1.311497594424157
    vertex 5.437545063910101 -1.208553126275206 1.311497594424157
  endloop
endfacet
facet normal 9.60807e-15 7.46156e-15 1
  outer loop
    vertex 5.437545059757514 1.208553131769106 1.311497594424156
    vertex 5.537603531868807 1.020193413977745 1.311497594424157
    vertex 5.635089500087828 1.192247788232027 1.311497594424154
  endloop
endfacet
facet normal 0 -0 1
  outer loop
    vertex 6.032991967401881 -0.1985598058303355 1.311497594424157
    vertex 6.133709408579225 -0.02611996865266097 1.311497594424157
    vertex 5.935314821943365 -0.02399074040018445 1.311497594424157
  endloop
endfacet
facet normal 0 0 1
  outer loop
    vertex 4.254534999343307 0.5144698320002565 1.311497594424157
    vertex 4.353430313937609 0.341397723600027 1.311497594424157
    vertex 4.452463510488342 0.5130517811493367 1.311497594424157
  endloop
endfacet
facet normal 0 0 1
  outer loop
    vertex 6.34307573224655 0.6664548265512289 1.311497594424157
    vertex 6.143720053847791 0.6724417221126688 1.311497594424157
    vertex 6.237340253848486 0.4921452155891768 1.311497594424157
  endloop
endfacet
facet normal 0 0 1
  outer loop
    vertex 5.737158748032744 -0.02125436994267793 1.311497594424157
    vertex 5.639705192910569 0.1524765339093137 1.311497594424157
    vertex 5.539118871452168 -0.01831777808029567 1.311497594424157
  endloop
endfacet
facet normal 0 0 1
  outer loop
    vertex 5.636243293793224 -0.1919790037226756 1.311497594424157
    vertex 5.733105306041566 -0.3668319871957771 1.311497594424157
    vertex 5.834537804325951 -0.1958085191561216 1.311497594424157
  endloop
endfacet
facet normal 0 0 1
  outer loop
    vertex 5.438169817172931 -0.1887185072883917 1.311497594424157
    vertex 5.534885364897634 -0.3619880861942761 1.311497594424157
    vertex 5.636243293793224 -0.1919790037226756 1.311497594424157
  endloop
endfacet
facet normal 0 0 1
  outer loop
    vertex 2.863219791450933 -0.4976543269326648 1.311497594424157
    vertex 2.765311622708715 -0.3248411805583366 1.311497594424157
    vertex 2.665333001183247 -0.4946321755565862 1.311497594424157
  endloop
endfacet
facet normal 0 0 1
  outer loop
    vertex 2.673562648668347 0.5314507845349055 1.311497594424157
    vertex 2.572627513860162 0.3617030810173414 1.311497594424157
    vertex 2.770735437119196 0.3595011840240159 1.311497594424157
  endloop
endfacet
facet normal -0 0 1
  outer loop
    vertex 5.337222866725601 -0.3587906684586932 1.311497594424157
    vertex 5.534885364897634 -0.3619880861942761 1.311497594424157
    vertex 5.438169817172931 -0.1887185072883917 1.311497594424157
  endloop
endfacet
facet normal -0 0 1
  outer loop
    vertex 5.834537804325951 -0.1958085191561216 1.311497594424157
    vertex 6.032991967401881 -0.1985598058303355 1.311497594424157
    vertex 5.935314821943365 -0.02399074040018445 1.311497594424157
  endloop
endfacet
facet normal 0 0 1
  outer loop
    vertex 6.616568804334587 0.4775953607981969 1.311497594424157
    vertex 6.526254012135781 0.311814121599761 1.311497594424157
    vertex 6.72185706236753 0.3115638348431633 1.311497594424157
  endloop
endfacet
facet normal 1.34918e-15 -6.59459e-15 1
  outer loop
    vertex 7.71016033635702 -0.1742212244673418 1.311497594424156
    vertex 7.516932928204302 -0.146411963526057 1.311497594424157
    vertex 7.591877100780816 -0.3331034817385861 1.311497594424155
  endloop
endfacet
facet normal 0 0 1
  outer loop
    vertex 5.739389649385322 0.6667397898392602 1.311497594424157
    vertex 5.637804490789648 0.8380966325027772 1.311497594424157
    vertex 5.541387664917735 0.6703254006699502 1.311497594424157
  endloop
endfacet
facet normal 0 0 1
  outer loop
    vertex 6.616568804334587 0.4775953607981969 1.311497594424157
    vertex 6.429998991664504 0.4841376693450161 1.311497594424157
    vertex 6.526254012135781 0.311814121599761 1.311497594424157
  endloop
endfacet
facet normal 0 0 1
  outer loop
    vertex 5.539118871452168 -0.01831777808029567 1.311497594424157
    vertex 5.441815986018317 0.1550962787380306 1.311497594424157
    vertex 5.341164173743992 -0.01550690119308329 1.311497594424157
  endloop
endfacet
facet normal 0 0 1
  outer loop
    vertex 2.667281500541425 -0.1521349079644605 1.311497594424157
    vertex 2.765311622708715 -0.3248411805583366 1.311497594424157
    vertex 2.865370653220766 -0.1549520395978388 1.311497594424157
  endloop
endfacet
facet normal 0 0 1
  outer loop
    vertex 6.035688734070439 0.1477017457149266 1.311497594424157
    vertex 5.837592551064207 0.150046072310752 1.311497594424157
    vertex 5.935314821943365 -0.02399074040018445 1.311497594424157
  endloop
endfacet
facet normal 0 0 1
  outer loop
    vertex 6.237340253848486 0.4921452155891768 1.311497594424157
    vertex 6.143720053847791 0.6724417221126688 1.311497594424157
    vertex 6.039102988614492 0.4945326020063212 1.311497594424157
  endloop
endfacet
facet normal 0 0 1
  outer loop
    vertex 4.649713432209346 0.165629089530366 1.311497594424157
    vertex 4.451527092367239 0.1681947243446491 1.311497594424157
    vertex 4.54933217444219 -0.005105413311528695 1.311497594424157
  endloop
endfacet
facet normal 0 0 1
  outer loop
    vertex 2.970385054235819 0.6947557635460957 1.311497594424157
    vertex 2.774985405948406 0.7019595766118734 1.311497594424157
    vertex 2.87125418656646 0.5285309947841186 1.311497594424157
  endloop
endfacet
facet normal 0 -0 1
  outer loop
    vertex 5.834537804325951 -0.1958085191561216 1.311497594424157
    vertex 5.935314821943365 -0.02399074040018445 1.311497594424157
    vertex 5.737158748032744 -0.02125436994267793 1.311497594424157
  endloop
endfacet
facet normal 0 -0 1
  outer loop
    vertex 6.039102988614492 0.4945326020063212 1.311497594424157
    vertex 6.143720053847791 0.6724417221126688 1.311497594424157
    vertex 5.939402108431771 0.6666047302621363 1.311497594424157
  endloop
endfacet
facet normal -0 0 1
  outer loop
    vertex 4.053152140289266 -0.1700052985862957 1.311497594424157
    vertex 4.250829420784878 -0.17269396978122 1.311497594424157
    vertex 4.153242014931497 0.0002321089816177402 1.311497594424157
  endloop
endfacet
facet normal 0 0 1
  outer loop
    vertex 6.815987577892547 0.4974849958500014 1.311497594424157
    vertex 6.616568804334587 0.4775953607981969 1.311497594424157
    vertex 6.72185706236753 0.3115638348431633 1.311497594424157
  endloop
endfacet
facet normal 0 0 1
  outer loop
    vertex 3.266006518482922 0.5225496880947216 1.311497594424157
    vertex 3.363915778110259 0.3511985393622827 1.311497594424157
    vertex 3.46336528033169 0.5202837711282122 1.311497594424157
  endloop
endfacet
facet normal 0 0 1
  outer loop
    vertex 5.345244832301801 0.6736375968001411 1.311497594424157
    vertex 5.243476388906501 0.8535418841970339 1.311497594424157
    vertex 5.146434873768696 0.6786111987892756 1.311497594424157
  endloop
endfacet
facet normal 0 0 1
  outer loop
    vertex 4.153242014931497 0.0002321089816177402 1.311497594424157
    vertex 4.055455769915366 0.1728659698263826 1.311497594424157
    vertex 3.955330238843162 0.002774334299707526 1.311497594424157
  endloop
endfacet
facet normal 0 0 1
  outer loop
    vertex 2.963374343092239 -0.3277639359991444 1.311497594424157
    vertex 3.061515973727289 -0.5006672756074961 1.311497594424157
    vertex 3.161825968415162 -0.3306508531469455 1.311497594424157
  endloop
endfacet
facet normal 0 -0 1
  outer loop
    vertex 5.341164173743992 -0.01550690119308329 1.311497594424157
    vertex 5.441815986018317 0.1550962787380306 1.311497594424157
    vertex 5.243917908997112 0.1577117666499175 1.311497594424157
  endloop
endfacet
facet normal -0 0 1
  outer loop
    vertex 5.636243293793224 -0.1919790037226756 1.311497594424157
    vertex 5.834537804325951 -0.1958085191561216 1.311497594424157
    vertex 5.737158748032744 -0.02125436994267793 1.311497594424157
  endloop
endfacet
facet normal 0 0 1
  outer loop
    vertex 5.047849575368627 0.5057506059365027 1.311497594424157
    vertex 5.146544097830092 0.3310597225931997 1.311497594424157
    vertex 5.24649590030493 0.5020694384502788 1.311497594424157
  endloop
endfacet
facet normal 0 0 1
  outer loop
    vertex 4.54933217444219 -0.005105413311528695 1.311497594424157
    vertex 4.451527092367239 0.1681947243446491 1.311497594424157
    vertex 4.351286120497734 -0.002426809896425741 1.311497594424157
  endloop
endfacet
facet normal 0 -0 1
  outer loop
    vertex 5.636243293793224 -0.1919790037226756 1.311497594424157
    vertex 5.737158748032744 -0.02125436994267793 1.311497594424157
    vertex 5.539118871452168 -0.01831777808029567 1.311497594424157
  endloop
endfacet
facet normal 0 0 1
  outer loop
    vertex 5.240353850537333 -0.1859310370590856 1.311497594424157
    vertex 5.337222866725601 -0.3587906684586932 1.311497594424157
    vertex 5.438169817172931 -0.1887185072883917 1.311497594424157
  endloop
endfacet
facet normal 0 0 1
  outer loop
    vertex 6.826615205550481 -0.2065979626131456 1.311497594424157
    vertex 6.627748511090538 -0.2049965639863882 1.311497594424157
    vertex 6.728090753541358 -0.3797762583797675 1.311497594424157
  endloop
endfacet
facet normal 0 0 1
  outer loop
    vertex 4.747353732477925 -0.007798222239791652 1.311497594424157
    vertex 4.649713432209346 0.165629089530366 1.311497594424157
    vertex 4.54933217444219 -0.005105413311528695 1.311497594424157
  endloop
endfacet
facet normal 0 0 1
  outer loop
    vertex 5.240353850537333 -0.1859310370590856 1.311497594424157
    vertex 5.13974779299654 -0.3563543446988634 1.311497594424157
    vertex 5.337222866725601 -0.3587906684586932 1.311497594424157
  endloop
endfacet
facet normal 0 0 1
  outer loop
    vertex 6.728090753541358 -0.3797762583797675 1.311497594424157
    vertex 6.813222036103946 -0.5340671160008807 1.311497594424157
    vertex 6.945867157390986 -0.4007787916760484 1.311497594424157
  endloop
endfacet
facet normal -0 0 1
  outer loop
    vertex 5.438169817172931 -0.1887185072883917 1.311497594424157
    vertex 5.636243293793224 -0.1919790037226756 1.311497594424157
    vertex 5.539118871452168 -0.01831777808029567 1.311497594424157
  endloop
endfacet
facet normal 0 0 1
  outer loop
    vertex 5.636243293793224 -0.1919790037226756 1.311497594424157
    vertex 5.534885364897634 -0.3619880861942761 1.311497594424157
    vertex 5.733105306041566 -0.3668319871957771 1.311497594424157
  endloop
endfacet
facet normal 0 0 1
  outer loop
    vertex 6.826615205550481 -0.2065979626131456 1.311497594424157
    vertex 6.728090753541358 -0.3797762583797675 1.311497594424157
    vertex 6.945867157390986 -0.4007787916760484 1.311497594424157
  endloop
endfacet
facet normal 0 0 1
  outer loop
    vertex 2.863219791450933 -0.4976543269326648 1.311497594424157
    vertex 2.665333001183247 -0.4946321755565862 1.311497594424157
    vertex 2.763396963469911 -0.6674497083504745 1.311497594424157
  endloop
endfacet
facet normal -0 0 1
  outer loop
    vertex 4.942018477858251 -0.3541854662921124 1.311497594424157
    vertex 5.13974779299654 -0.3563543446988634 1.311497594424157
    vertex 5.042562956205525 -0.1834492646034087 1.311497594424157
  endloop
endfacet
facet normal 0 -0 1
  outer loop
    vertex 3.257243064029413 -1.189213152163081 1.311497594424157
    vertex 3.357439688532106 -1.01925026651225 1.311497594424157
    vertex 3.158225010213197 -1.016126570346023 1.311497594424157
  endloop
endfacet
facet normal 0 0 1
  outer loop
    vertex 5.341164173743992 -0.01550690119308329 1.311497594424157
    vertex 5.243917908997112 0.1577117666499175 1.311497594424157
    vertex 5.143291254892833 -0.0128840818384226 1.311497594424157
  endloop
endfacet
facet normal 0 0 1
  outer loop
    vertex 4.948488247127194 0.3337725595160994 1.311497594424157
    vertex 5.04591191763629 0.1603823678499519 1.311497594424157
    vertex 5.146544097830092 0.3310597225931997 1.311497594424157
  endloop
endfacet
facet normal 0 -0 1
  outer loop
    vertex 5.438169817172931 -0.1887185072883917 1.311497594424157
    vertex 5.539118871452168 -0.01831777808029567 1.311497594424157
    vertex 5.341164173743992 -0.01550690119308329 1.311497594424157
  endloop
endfacet
facet normal 0 0 1
  outer loop
    vertex 5.639705192910569 0.1524765339093137 1.311497594424157
    vertex 5.441815986018317 0.1550962787380306 1.311497594424157
    vertex 5.539118871452168 -0.01831777808029567 1.311497594424157
  endloop
endfacet
facet normal 0 0 1
  outer loop
    vertex 5.637804490789648 0.8380966325027772 1.311497594424157
    vertex 5.441072443160329 0.8474489347050824 1.311497594424157
    vertex 5.541387664917735 0.6703254006699502 1.311497594424157
  endloop
endfacet
facet normal 0 0 1
  outer loop
    vertex 5.541387664917735 0.6703254006699502 1.311497594424157
    vertex 5.441072443160329 0.8474489347050824 1.311497594424157
    vertex 5.345244832301801 0.6736375968001411 1.311497594424157
  endloop
endfacet
facet normal 0 0 1
  outer loop
    vertex 6.728090753541358 -0.3797762583797675 1.311497594424157
    vertex 6.627233694816489 -0.5720399315097883 1.311497594424157
    vertex 6.813222036103946 -0.5340671160008807 1.311497594424157
  endloop
endfacet
facet normal 0 0 1
  outer loop
    vertex 3.167569732544657 0.6923738999067299 1.311497594424157
    vertex 3.068866953502325 0.5256887738335985 1.311497594424157
    vertex 3.266006518482922 0.5225496880947216 1.311497594424157
  endloop
endfacet
facet normal 0 0 1
  outer loop
    vertex 2.963374343092239 -0.3277639359991444 1.311497594424157
    vertex 2.863219791450933 -0.4976543269326648 1.311497594424157
    vertex 3.061515973727289 -0.5006672756074961 1.311497594424157
  endloop
endfacet
facet normal 0 0 1
  outer loop
    vertex 2.965770752906063 0.01496799441968344 1.311497594424157
    vertex 2.868139775783449 0.1875957980514351 1.311497594424157
    vertex 2.767605297337355 0.01773460196639332 1.311497594424157
  endloop
endfacet
facet normal 0 0 1
  outer loop
    vertex 7.133039456471965 0.3145205318563193 1.311497594424157
    vertex 6.921060403269988 0.3059355161928876 1.311497594424157
    vertex 7.02654351525273 0.1339268136454241 1.311497594424157
  endloop
endfacet
facet normal 0 0 1
  outer loop
    vertex 4.154916043376892 0.6870124302233251 1.311497594424157
    vertex 4.054535116860155 0.858688978198711 1.311497594424157
    vertex 3.956898005643746 0.6874543888768276 1.311497594424157
  endloop
endfacet
facet normal 0 0 1
  outer loop
    vertex 3.559991586907176 0.007211952094047458 1.311497594424157
    vertex 3.461964140770493 0.1794195355825576 1.311497594424157
    vertex 3.362082444571182 0.009618454157348522 1.311497594424157
  endloop
endfacet
facet normal 0 0 1
  outer loop
    vertex 2.863219791450933 -0.4976543269326648 1.311497594424157
    vertex 2.763396963469911 -0.6674497083504745 1.311497594424157
    vertex 2.96140660460816 -0.6705116916790943 1.311497594424157
  endloop
endfacet
facet normal -0 0 1
  outer loop
    vertex 5.240353850537333 -0.1859310370590856 1.311497594424157
    vertex 5.438169817172931 -0.1887185072883917 1.311497594424157
    vertex 5.341164173743992 -0.01550690119308329 1.311497594424157
  endloop
endfacet
facet normal -0 0 1
  outer loop
    vertex 2.567290446763682 -0.3219096972993243 1.311497594424157
    vertex 2.765311622708715 -0.3248411805583366 1.311497594424157
    vertex 2.667281500541425 -0.1521349079644605 1.311497594424157
  endloop
endfacet
facet normal 0 0 1
  outer loop
    vertex 2.863219791450933 -0.4976543269326648 1.311497594424157
    vertex 2.96140660460816 -0.6705116916790943 1.311497594424157
    vertex 3.061515973727289 -0.5006672756074961 1.311497594424157
  endloop
endfacet
facet normal 0 0 1
  outer loop
    vertex 3.656951859528043 -0.852437244249628 1.311497594424157
    vertex 3.457823860261389 -0.8494113241056737 1.311497594424157
    vertex 3.55604209602839 -1.022399503658602 1.311497594424157
  endloop
endfacet
facet normal 0 0 1
  outer loop
    vertex 3.167569732544657 0.6923738999067299 1.311497594424157
    vertex 2.970385054235819 0.6947557635460957 1.311497594424157
    vertex 3.068866953502325 0.5256887738335985 1.311497594424157
  endloop
endfacet
facet normal 0 -0 1
  outer loop
    vertex 2.865370653220766 -0.1549520395978388 1.311497594424157
    vertex 2.965770752906063 0.01496799441968344 1.311497594424157
    vertex 2.767605297337355 0.01773460196639332 1.311497594424157
  endloop
endfacet
facet normal 0 -0 1
  outer loop
    vertex 5.240353850537333 -0.1859310370590856 1.311497594424157
    vertex 5.341164173743992 -0.01550690119308329 1.311497594424157
    vertex 5.143291254892833 -0.0128840818384226 1.311497594424157
  endloop
endfacet
facet normal 0 0 1
  outer loop
    vertex 2.96140660460816 -0.6705116916790943 1.311497594424157
    vertex 3.059411817935624 -0.8433570179531442 1.311497594424157
    vertex 3.159657661972648 -0.6736105116292926 1.311497594424157
  endloop
endfacet
facet normal 0 0 1
  outer loop
    vertex 4.154916043376892 0.6870124302233251 1.311497594424157
    vertex 4.056545464633296 0.5157708071753619 1.311497594424157
    vertex 4.254534999343307 0.5144698320002565 1.311497594424157
  endloop
endfacet
facet normal 0 0 1
  outer loop
    vertex 4.254534999343307 0.5144698320002565 1.311497594424157
    vertex 4.155212617942433 0.3433674292895248 1.311497594424157
    vertex 4.353430313937609 0.341397723600027 1.311497594424157
  endloop
endfacet
facet normal -0 0 1
  outer loop
    vertex 3.957153470541745 0.3451890062916789 1.311497594424157
    vertex 4.155212617942433 0.3433674292895248 1.311497594424157
    vertex 4.056545464633296 0.5157708071753619 1.311497594424157
  endloop
endfacet
facet normal 0 0 1
  outer loop
    vertex 2.865370653220766 -0.1549520395978388 1.311497594424157
    vertex 2.765311622708715 -0.3248411805583366 1.311497594424157
    vertex 2.963374343092239 -0.3277639359991444 1.311497594424157
  endloop
endfacet
facet normal -0 0 1
  outer loop
    vertex 5.042562956205525 -0.1834492646034087 1.311497594424157
    vertex 5.240353850537333 -0.1859310370590856 1.311497594424157
    vertex 5.143291254892833 -0.0128840818384226 1.311497594424157
  endloop
endfacet
facet normal 0 0 1
  outer loop
    vertex 2.963374343092239 -0.3277639359991444 1.311497594424157
    vertex 2.765311622708715 -0.3248411805583366 1.311497594424157
    vertex 2.863219791450933 -0.4976543269326648 1.311497594424157
  endloop
endfacet
facet normal 0 0 1
  outer loop
    vertex 3.364384150588521 0.690099301072155 1.311497594424157
    vertex 3.266006518482922 0.5225496880947216 1.311497594424157
    vertex 3.46336528033169 0.5202837711282122 1.311497594424157
  endloop
endfacet
facet normal -0 0 1
  outer loop
    vertex 2.667281500541425 -0.1521349079644605 1.311497594424157
    vertex 2.865370653220766 -0.1549520395978388 1.311497594424157
    vertex 2.767605297337355 0.01773460196639332 1.311497594424157
  endloop
endfacet
facet normal 0 -0 1
  outer loop
    vertex 4.250829420784878 -0.17269396978122 1.311497594424157
    vertex 4.351286120497734 -0.002426809896425741 1.311497594424157
    vertex 4.153242014931497 0.0002321089816177402 1.311497594424157
  endloop
endfacet
facet normal 0 -0 1
  outer loop
    vertex 1.671512770171156 -1.164295691424705 1.311497594424157
    vertex 1.771810206248451 -0.9946899175486527 1.311497594424157
    vertex 1.573605872318834 -0.9916079104520328 1.311497594424157
  endloop
endfacet
facet normal 0 0 1
  outer loop
    vertex 1.970051366981155 -0.9977410063627845 1.311497594424157
    vertex 1.771810206248451 -0.9946899175486527 1.311497594424157
    vertex 1.869729056886149 -1.167410374016644 1.311497594424157
  endloop
endfacet
facet normal 0 -0 1
  outer loop
    vertex 0.6804313363877275 -1.148722278465181 1.311497594424157
    vertex 0.7808068805069529 -0.9796030572837496 1.311497594424157
    vertex 0.5828438538395061 -0.9772666595394405 1.311497594424157
  endloop
endfacet
facet normal 0 0 1
  outer loop
    vertex 5.042562956205525 -0.1834492646034087 1.311497594424157
    vertex 5.13974779299654 -0.3563543446988634 1.311497594424157
    vertex 5.240353850537333 -0.1859310370590856 1.311497594424157
  endloop
endfacet
facet normal 0 0 1
  outer loop
    vertex 3.558768575411035 -0.6794468325022236 1.311497594424157
    vertex 3.35909955618658 -0.676539886074603 1.311497594424157
    vertex 3.457823860261389 -0.8494113241056737 1.311497594424157
  endloop
endfacet
facet normal 0 0 1
  outer loop
    vertex 3.364384150588521 0.690099301072155 1.311497594424157
    vertex 3.167569732544657 0.6923738999067299 1.311497594424157
    vertex 3.266006518482922 0.5225496880947216 1.311497594424157
  endloop
endfacet
facet normal -0 0 1
  outer loop
    vertex 4.948488247127194 0.3337725595160994 1.311497594424157
    vertex 5.146544097830092 0.3310597225931997 1.311497594424157
    vertex 5.047849575368627 0.5057506059365027 1.311497594424157
  endloop
endfacet
facet normal 0 -0 1
  outer loop
    vertex 5.042562956205525 -0.1834492646034087 1.311497594424157
    vertex 5.143291254892833 -0.0128840818384226 1.311497594424157
    vertex 4.945351235619109 -0.01035388837310003 1.311497594424157
  endloop
endfacet
facet normal 0 -0 1
  outer loop
    vertex 5.345244832301801 0.6736375968001411 1.311497594424157
    vertex 5.441072443160329 0.8474489347050824 1.311497594424157
    vertex 5.243476388906501 0.8535418841970339 1.311497594424157
  endloop
endfacet
facet normal 0 0 1
  outer loop
    vertex 0.8882616659585475 0.204658629782672 1.311497594424157
    vertex 0.7911356995332428 0.3677045000906485 1.311497594424157
    vertex 0.6920374849891255 0.2067551141692727 1.311497594424157
  endloop
endfacet
facet normal 0 0 1
  outer loop
    vertex 2.868139775783449 0.1875957980514351 1.311497594424157
    vertex 2.669993214981934 0.19026579655895 1.311497594424157
    vertex 2.767605297337355 0.01773460196639332 1.311497594424157
  endloop
endfacet
facet normal 0 0 1
  outer loop
    vertex 5.04591191763629 0.1603823678499519 1.311497594424157
    vertex 4.847770108952275 0.1630712689153826 1.311497594424157
    vertex 4.945351235619109 -0.01035388837310003 1.311497594424157
  endloop
endfacet
facet normal 0 0 1
  outer loop
    vertex 3.264183579854256 0.1819964965453698 1.311497594424157
    vertex 3.066203589347867 0.1846291118895447 1.311497594424157
    vertex 3.163966320615132 0.01223413588036681 1.311497594424157
  endloop
endfacet
facet normal 0 -0 1
  outer loop
    vertex 3.757552958725502 0.005064461153845956 1.311497594424157
    vertex 3.857407117515792 0.175012685956246 1.311497594424157
    vertex 3.659733592313377 0.1771909412718877 1.311497594424157
  endloop
endfacet
facet normal 0 0 1
  outer loop
    vertex 2.070227868124509 -0.8280491209571693 1.311497594424157
    vertex 2.168198808092561 -1.000800402217313 1.311497594424157
    vertex 2.268255721043904 -0.831055796917174 1.311497594424157
  endloop
endfacet
facet normal 0 0 1
  outer loop
    vertex 4.056545464633296 0.5157708071753619 1.311497594424157
    vertex 4.155212617942433 0.3433674292895248 1.311497594424157
    vertex 4.254534999343307 0.5144698320002565 1.311497594424157
  endloop
endfacet
facet normal 0 0 1
  outer loop
    vertex 4.650660839993969 0.5112599207087933 1.311497594424157
    vertex 4.551357790871836 0.3393408839988297 1.311497594424157
    vertex 4.749802088643794 0.3367957072087706 1.311497594424157
  endloop
endfacet
facet normal 0 0 1
  outer loop
    vertex 2.87125418656646 0.5285309947841186 1.311497594424157
    vertex 2.96865040222904 0.3567615381671869 1.311497594424157
    vertex 3.068866953502325 0.5256887738335985 1.311497594424157
  endloop
endfacet
facet normal 0 0 1
  outer loop
    vertex 2.469314908498994 -0.1493223463627924 1.311497594424157
    vertex 2.567290446763682 -0.3219096972993243 1.311497594424157
    vertex 2.667281500541425 -0.1521349079644605 1.311497594424157
  endloop
endfacet
facet normal 0 0 1
  outer loop
    vertex 2.569566095640482 0.02042677212644972 1.311497594424157
    vertex 2.471991342322883 0.1928206979356668 1.311497594424157
    vertex 2.371640505243426 0.02304342703530504 1.311497594424157
  endloop
endfacet
facet normal 0 0 1
  outer loop
    vertex 3.955330238843162 0.002774334299707526 1.311497594424157
    vertex 3.857407117515792 0.175012685956246 1.311497594424157
    vertex 3.757552958725502 0.005064461153845956 1.311497594424157
  endloop
endfacet
facet normal -0 0 1
  outer loop
    vertex 4.844739589600066 -0.1810246003834939 1.311497594424157
    vertex 5.042562956205525 -0.1834492646034087 1.311497594424157
    vertex 4.945351235619109 -0.01035388837310003 1.311497594424157
  endloop
endfacet
facet normal -0 0 1
  outer loop
    vertex 4.250829420784878 -0.17269396978122 1.311497594424157
    vertex 4.448902018836124 -0.1755991741070622 1.311497594424157
    vertex 4.351286120497734 -0.002426809896425741 1.311497594424157
  endloop
endfacet
facet normal 0 -0 1
  outer loop
    vertex 2.667281500541425 -0.1521349079644605 1.311497594424157
    vertex 2.767605297337355 0.01773460196639332 1.311497594424157
    vertex 2.569566095640482 0.02042677212644972 1.311497594424157
  endloop
endfacet
facet normal 0 0 1
  outer loop
    vertex 2.475082703540051 0.5325964396694007 1.311497594424157
    vertex 2.572627513860162 0.3617030810173414 1.311497594424157
    vertex 2.673562648668347 0.5314507845349055 1.311497594424157
  endloop
endfacet
facet normal 0 0 1
  outer loop
    vertex 4.055455769915366 0.1728659698263826 1.311497594424157
    vertex 3.857407117515792 0.175012685956246 1.311497594424157
    vertex 3.955330238843162 0.002774334299707526 1.311497594424157
  endloop
endfacet
facet normal 0 0 1
  outer loop
    vertex 4.349672195948513 -1.035036588664566 1.311497594424157
    vertex 4.251425556460237 -0.8616282361714076 1.311497594424157
    vertex 4.151930558602323 -1.031873319496434 1.311497594424157
  endloop
endfacet
facet normal 0 0 1
  outer loop
    vertex 3.561626792557033 0.6888242653575845 1.311497594424157
    vertex 3.46336528033169 0.5202837711282122 1.311497594424157
    vertex 3.660813340551267 0.5184754946137946 1.311497594424157
  endloop
endfacet
facet normal 0 -0 1
  outer loop
    vertex 4.844739589600066 -0.1810246003834939 1.311497594424157
    vertex 4.945351235619109 -0.01035388837310003 1.311497594424157
    vertex 4.747353732477925 -0.007798222239791652 1.311497594424157
  endloop
endfacet
facet normal 0 -0 1
  outer loop
    vertex 2.965770752906063 0.01496799441968344 1.311497594424157
    vertex 3.066203589347867 0.1846291118895447 1.311497594424157
    vertex 2.868139775783449 0.1875957980514351 1.311497594424157
  endloop
endfacet
facet normal -1.65818e-16 -1.03656e-14 1
  outer loop
    vertex 4.349672195948513 -1.035036588664566 1.311497594424157
    vertex 4.151930558602323 -1.031873319496434 1.311497594424157
    vertex 4.248805843045648 -1.204793869083414 1.311497594424155
  endloop
endfacet
facet normal 0 0 1
  outer loop
    vertex 3.561626792557033 0.6888242653575845 1.311497594424157
    vertex 3.364384150588521 0.690099301072155 1.311497594424157
    vertex 3.46336528033169 0.5202837711282122 1.311497594424157
  endloop
endfacet
facet normal 0 0 1
  outer loop
    vertex 4.154916043376892 0.6870124302233251 1.311497594424157
    vertex 3.956898005643746 0.6874543888768276 1.311497594424157
    vertex 4.056545464633296 0.5157708071753619 1.311497594424157
  endloop
endfacet
facet normal 0 0 1
  outer loop
    vertex 3.956898005643746 0.6874543888768276 1.311497594424157
    vertex 3.858490856830688 0.5170248575038652 1.311497594424157
    vertex 4.056545464633296 0.5157708071753619 1.311497594424157
  endloop
endfacet
facet normal -0 0 1
  outer loop
    vertex 2.469314908498994 -0.1493223463627924 1.311497594424157
    vertex 2.667281500541425 -0.1521349079644605 1.311497594424157
    vertex 2.569566095640482 0.02042677212644972 1.311497594424157
  endloop
endfacet
facet normal 0 0 1
  outer loop
    vertex 3.659733592313377 0.1771909412718877 1.311497594424157
    vertex 3.461964140770493 0.1794195355825576 1.311497594424157
    vertex 3.559991586907176 0.007211952094047458 1.311497594424157
  endloop
endfacet
facet normal 0 -0 1
  outer loop
    vertex 4.448902018836124 -0.1755991741070622 1.311497594424157
    vertex 4.54933217444219 -0.005105413311528695 1.311497594424157
    vertex 4.351286120497734 -0.002426809896425741 1.311497594424157
  endloop
endfacet
facet normal -0 0 1
  outer loop
    vertex 4.646876622040977 -0.1784436486996295 1.311497594424157
    vertex 4.844739589600066 -0.1810246003834939 1.311497594424157
    vertex 4.747353732477925 -0.007798222239791652 1.311497594424157
  endloop
endfacet
facet normal 0 0 1
  outer loop
    vertex 3.163966320615132 0.01223413588036681 1.311497594424157
    vertex 3.066203589347867 0.1846291118895447 1.311497594424157
    vertex 2.965770752906063 0.01496799441968344 1.311497594424157
  endloop
endfacet
facet normal 0 -0 1
  outer loop
    vertex 2.469314908498994 -0.1493223463627924 1.311497594424157
    vertex 2.569566095640482 0.02042677212644972 1.311497594424157
    vertex 2.371640505243426 0.02304342703530504 1.311497594424157
  endloop
endfacet
facet normal 0 -0 1
  outer loop
    vertex 4.349672195948513 -1.035036588664566 1.311497594424157
    vertex 4.448545944170441 -0.8646008916743575 1.311497594424157
    vertex 4.251425556460237 -0.8616282361714076 1.311497594424157
  endloop
endfacet
facet normal 0 -0 1
  outer loop
    vertex 4.646876622040977 -0.1784436486996295 1.311497594424157
    vertex 4.747353732477925 -0.007798222239791652 1.311497594424157
    vertex 4.54933217444219 -0.005105413311528695 1.311497594424157
  endloop
endfacet
facet normal -0 0 1
  outer loop
    vertex 4.448902018836124 -0.1755991741070622 1.311497594424157
    vertex 4.646876622040977 -0.1784436486996295 1.311497594424157
    vertex 4.54933217444219 -0.005105413311528695 1.311497594424157
  endloop
endfacet
facet normal 0 0 1
  outer loop
    vertex 3.759097110448911 0.6879746774343307 1.311497594424157
    vertex 3.660813340551267 0.5184754946137946 1.311497594424157
    vertex 3.858490856830688 0.5170248575038652 1.311497594424157
  endloop
endfacet
facet normal 0 0 1
  outer loop
    vertex 2.767605297337355 0.01773460196639332 1.311497594424157
    vertex 2.669993214981934 0.19026579655895 1.311497594424157
    vertex 2.569566095640482 0.02042677212644972 1.311497594424157
  endloop
endfacet
facet normal 0 0 1
  outer loop
    vertex 4.448545944170441 -0.8646008916743575 1.311497594424157
    vertex 4.349911248783141 -0.6909261236667485 1.311497594424157
    vertex 4.251425556460237 -0.8616282361714076 1.311497594424157
  endloop
endfacet
facet normal -0 0 1
  outer loop
    vertex 2.27163298766099 -0.1465859534608074 1.311497594424157
    vertex 2.469314908498994 -0.1493223463627924 1.311497594424157
    vertex 2.371640505243426 0.02304342703530504 1.311497594424157
  endloop
endfacet
facet normal 0 0 1
  outer loop
    vertex 4.251425556460237 -0.8616282361714076 1.311497594424157
    vertex 4.054105271779728 -0.8586124375436944 1.311497594424157
    vertex 4.151930558602323 -1.031873319496434 1.311497594424157
  endloop
endfacet
facet normal 0 0 1
  outer loop
    vertex 3.759097110448911 0.6879746774343307 1.311497594424157
    vertex 3.561626792557033 0.6888242653575845 1.311497594424157
    vertex 3.660813340551267 0.5184754946137946 1.311497594424157
  endloop
endfacet
facet normal 1.10814e-14 -7.8712e-15 1
  outer loop
    vertex 4.644758370949101 -1.210932219957389 1.311497594424154
    vertex 4.547083486452794 -1.038135504790104 1.311497594424157
    vertex 4.446542090584159 -1.207891439321277 1.311497594424156
  endloop
endfacet
facet normal 0 0 1
  outer loop
    vertex 2.073917315027342 -0.1438963959432358 1.311497594424157
    vertex 2.17193355839062 -0.3161471006310173 1.311497594424157
    vertex 2.27163298766099 -0.1465859534608074 1.311497594424157
  endloop
endfacet
facet normal 0 0 1
  outer loop
    vertex 2.173835148036205 0.0255306871411185 1.311497594424157
    vertex 2.076149540603738 0.1972631697089731 1.311497594424157
    vertex 1.97600529456089 0.02790144268420325 1.311497594424157
  endloop
endfacet
facet normal 0 0 1
  outer loop
    vertex 3.068866953502325 0.5256887738335985 1.311497594424157
    vertex 2.96865040222904 0.3567615381671869 1.311497594424157
    vertex 3.166373728730921 0.3539296667395253 1.311497594424157
  endloop
endfacet
facet normal 0 0 1
  outer loop
    vertex 3.956898005643746 0.6874543888768276 1.311497594424157
    vertex 3.759097110448911 0.6879746774343307 1.311497594424157
    vertex 3.858490856830688 0.5170248575038652 1.311497594424157
  endloop
endfacet
facet normal 0 -0 1
  outer loop
    vertex 4.448545944170441 -0.8646008916743575 1.311497594424157
    vertex 4.546891036283003 -0.6938627827068198 1.311497594424157
    vertex 4.349911248783141 -0.6909261236667485 1.311497594424157
  endloop
endfacet
facet normal 0 -0 1
  outer loop
    vertex 2.569566095640482 0.02042677212644972 1.311497594424157
    vertex 2.669993214981934 0.19026579655895 1.311497594424157
    vertex 2.471991342322883 0.1928206979356668 1.311497594424157
  endloop
endfacet
facet normal 0 -0 1
  outer loop
    vertex 2.27163298766099 -0.1465859534608074 1.311497594424157
    vertex 2.371640505243426 0.02304342703530504 1.311497594424157
    vertex 2.173835148036205 0.0255306871411185 1.311497594424157
  endloop
endfacet
facet normal 0 0 1
  outer loop
    vertex 4.945351235619109 -0.01035388837310003 1.311497594424157
    vertex 4.847770108952275 0.1630712689153826 1.311497594424157
    vertex 4.747353732477925 -0.007798222239791652 1.311497594424157
  endloop
endfacet
facet normal 0 0 1
  outer loop
    vertex 2.471991342322883 0.1928206979356668 1.311497594424157
    vertex 2.273993835751609 0.1951881040892951 1.311497594424157
    vertex 2.371640505243426 0.02304342703530504 1.311497594424157
  endloop
endfacet
facet normal 0 0 1
  outer loop
    vertex 1.869729056886149 -1.167410374016644 1.311497594424157
    vertex 1.771810206248451 -0.9946899175486527 1.311497594424157
    vertex 1.671512770171156 -1.164295691424705 1.311497594424157
  endloop
endfacet
facet normal 0 -0 1
  outer loop
    vertex 1.872065810508148 -0.8250572618769042 1.311497594424157
    vertex 1.972214396592767 -0.6554045804488804 1.311497594424157
    vertex 1.774032587920321 -0.6524810712964921 1.311497594424157
  endloop
endfacet
facet normal -0 0 1
  outer loop
    vertex 2.073917315027342 -0.1438963959432358 1.311497594424157
    vertex 2.27163298766099 -0.1465859534608074 1.311497594424157
    vertex 2.173835148036205 0.0255306871411185 1.311497594424157
  endloop
endfacet
facet normal 0 -0 1
  outer loop
    vertex 4.747353732477925 -0.007798222239791652 1.311497594424157
    vertex 4.847770108952275 0.1630712689153826 1.311497594424157
    vertex 4.649713432209346 0.165629089530366 1.311497594424157
  endloop
endfacet
facet normal 0 0 1
  outer loop
    vertex 1.281297058901551 -0.1331005936642145 1.311497594424157
    vertex 1.379401300510341 -0.3048722360066978 1.311497594424157
    vertex 1.479624374345567 -0.1360178506952898 1.311497594424157
  endloop
endfacet
facet normal 0 0 1
  outer loop
    vertex 2.371640505243426 0.02304342703530504 1.311497594424157
    vertex 2.273993835751609 0.1951881040892951 1.311497594424157
    vertex 2.173835148036205 0.0255306871411185 1.311497594424157
  endloop
endfacet
facet normal 0 -0 1
  outer loop
    vertex 2.073917315027342 -0.1438963959432358 1.311497594424157
    vertex 2.173835148036205 0.0255306871411185 1.311497594424157
    vertex 1.97600529456089 0.02790144268420325 1.311497594424157
  endloop
endfacet
facet normal 0 -0 1
  outer loop
    vertex 2.173835148036205 0.0255306871411185 1.311497594424157
    vertex 2.273993835751609 0.1951881040892951 1.311497594424157
    vertex 2.076149540603738 0.1972631697089731 1.311497594424157
  endloop
endfacet
facet normal 0 0 1
  outer loop
    vertex 0.8786476232080314 -1.151836961057624 1.311497594424157
    vertex 0.7808068805069529 -0.9796030572837496 1.311497594424157
    vertex 0.6804313363877275 -1.148722278465181 1.311497594424157
  endloop
endfacet
facet normal 0 -0 1
  outer loop
    vertex 1.277148617789893 -0.8158993387632781 1.311497594424157
    vertex 1.377391861386569 -0.6464151878477682 1.311497594424157
    vertex 1.178714797685773 -0.6432647628608481 1.311497594424157
  endloop
endfacet
facet normal -0 0 1
  outer loop
    vertex 1.875995330088517 -0.1413289638156263 1.311497594424157
    vertex 2.073917315027342 -0.1438963959432358 1.311497594424157
    vertex 1.97600529456089 0.02790144268420325 1.311497594424157
  endloop
endfacet
facet normal 0 0 1
  outer loop
    vertex 1.677887625468604 -0.1387390885747182 1.311497594424157
    vertex 1.775988771043559 -0.3106917098286336 1.311497594424157
    vertex 1.875995330088517 -0.1413289638156263 1.311497594424157
  endloop
endfacet
facet normal -0 0 1
  outer loop
    vertex 1.673896360625267 -0.8220272611588448 1.311497594424157
    vertex 1.872065810508148 -0.8250572618769042 1.311497594424157
    vertex 1.774032587920321 -0.6524810712964921 1.311497594424157
  endloop
endfacet
facet normal 0 0 1
  outer loop
    vertex 1.778109337062808 0.03012492120897536 1.311497594424157
    vertex 1.680283104148408 0.2004404621120026 1.311497594424157
    vertex 1.580077745297165 0.03240567222887103 1.311497594424157
  endloop
endfacet
facet normal 0 -0 1
  outer loop
    vertex 1.875995330088517 -0.1413289638156263 1.311497594424157
    vertex 1.97600529456089 0.02790144268420325 1.311497594424157
    vertex 1.778109337062808 0.03012492120897536 1.311497594424157
  endloop
endfacet
facet normal 0 0 1
  outer loop
    vertex 4.744160052380273 -1.04102766711579 1.311497594424157
    vertex 4.645415102477682 -0.8674972481852498 1.311497594424157
    vertex 4.547083486452794 -1.038135504790104 1.311497594424157
  endloop
endfacet
facet normal 0 0 1
  outer loop
    vertex 0.8801837457453819 -0.4668478076675717 1.311497594424157
    vertex 0.7823023467901622 -0.2956774558966676 1.311497594424157
    vertex 0.6804407224695834 -0.4635385739136815 1.311497594424157
  endloop
endfacet
facet normal -2.03439e-17 -1.29597e-15 1
  outer loop
    vertex 4.446542090584159 -1.207891439321277 1.311497594424156
    vertex 4.547083486452794 -1.038135504790104 1.311497594424157
    vertex 4.349672195948513 -1.035036588664566 1.311497594424157
  endloop
endfacet
facet normal 0 0 1
  outer loop
    vertex 2.076149540603738 0.1972631697089731 1.311497594424157
    vertex 1.878256928890159 0.1991520254017121 1.311497594424157
    vertex 1.97600529456089 0.02790144268420325 1.311497594424157
  endloop
endfacet
facet normal 0 -0 1
  outer loop
    vertex 0.7809134032548312 -0.6370831792511449 1.311497594424157
    vertex 0.8801837457453819 -0.4668478076675717 1.311497594424157
    vertex 0.6804407224695834 -0.4635385739136815 1.311497594424157
  endloop
endfacet
facet normal 0 0 1
  outer loop
    vertex 1.281297058901551 -0.1331005936642145 1.311497594424157
    vertex 1.180615120705863 -0.301541576186956 1.311497594424157
    vertex 1.379401300510341 -0.3048722360066978 1.311497594424157
  endloop
endfacet
facet normal 0 0 1
  outer loop
    vertex 1.580077745297165 0.03240567222887103 1.311497594424157
    vertex 1.48224982918317 0.2017534633564082 1.311497594424157
    vertex 1.381846263090586 0.03421546212904469 1.311497594424157
  endloop
endfacet
facet normal -0 0 1
  outer loop
    vertex 1.677887625468604 -0.1387390885747182 1.311497594424157
    vertex 1.875995330088517 -0.1413289638156263 1.311497594424157
    vertex 1.778109337062808 0.03012492120897536 1.311497594424157
  endloop
endfacet
facet normal 0 -0 1
  outer loop
    vertex 0.9851729881917063 0.03810675627966731 1.311497594424157
    vertex 1.085829319542113 0.2033557712923471 1.311497594424157
    vertex 0.8882616659585475 0.204658629782672 1.311497594424157
  endloop
endfacet
facet normal 0 -0 1
  outer loop
    vertex 1.381846263090586 0.03421546212904469 1.311497594424157
    vertex 1.48224982918317 0.2017534633564082 1.311497594424157
    vertex 1.284016430850019 0.2025004317688224 1.311497594424157
  endloop
endfacet
facet normal 0 0 1
  outer loop
    vertex 1.97600529456089 0.02790144268420325 1.311497594424157
    vertex 1.878256928890159 0.1991520254017121 1.311497594424157
    vertex 1.778109337062808 0.03012492120897536 1.311497594424157
  endloop
endfacet
facet normal 0 -0 1
  outer loop
    vertex 1.677887625468604 -0.1387390885747182 1.311497594424157
    vertex 1.778109337062808 0.03012492120897536 1.311497594424157
    vertex 1.580077745297165 0.03240567222887103 1.311497594424157
  endloop
endfacet
facet normal 0 -0 1
  outer loop
    vertex 1.778109337062808 0.03012492120897536 1.311497594424157
    vertex 1.878256928890159 0.1991520254017121 1.311497594424157
    vertex 1.680283104148408 0.2004404621120026 1.311497594424157
  endloop
endfacet
facet normal -0 0 1
  outer loop
    vertex 4.349672195948513 -1.035036588664566 1.311497594424157
    vertex 4.547083486452794 -1.038135504790104 1.311497594424157
    vertex 4.448545944170441 -0.8646008916743575 1.311497594424157
  endloop
endfacet
facet normal -0 0 1
  outer loop
    vertex 1.479624374345567 -0.1360178506952898 1.311497594424157
    vertex 1.677887625468604 -0.1387390885747182 1.311497594424157
    vertex 1.580077745297165 0.03240567222887103 1.311497594424157
  endloop
endfacet
facet normal 0 0 1
  outer loop
    vertex 1.381846263090586 0.03421546212904469 1.311497594424157
    vertex 1.284016430850019 0.2025004317688224 1.311497594424157
    vertex 1.183490546259692 0.03602109786692043 1.311497594424157
  endloop
endfacet
facet normal 0 0 1
  outer loop
    vertex 1.08607272392184 0.527667603839874 1.311497594424157
    vertex 1.284292657112581 0.5289182666208041 1.311497594424157
    vertex 1.18433682223517 0.6892497087674925 1.311497594424157
  endloop
endfacet
facet normal 0 -0 1
  outer loop
    vertex 1.284292657112581 0.5289182666208041 1.311497594424157
    vertex 1.38309789608925 0.6918203617293472 1.311497594424157
    vertex 1.18433682223517 0.6892497087674925 1.311497594424157
  endloop
endfacet
facet normal 0 0 1
  outer loop
    vertex 0.7911356995332428 0.3677045000906485 1.311497594424157
    vertex 0.6923433204529413 0.5248293028768904 1.311497594424157
    vertex 0.5971364194514884 0.3674307519276878 1.311497594424157
  endloop
endfacet
facet normal 0 0 1
  outer loop
    vertex 1.082537058165041 -0.1307253208733803 1.311497594424157
    vertex 0.9851729881917063 0.03810675627966731 1.311497594424157
    vertex 0.8839131317661566 -0.1283040386553849 1.311497594424157
  endloop
endfacet
facet normal 0 -0 1
  outer loop
    vertex 1.082537058165041 -0.1307253208733803 1.311497594424157
    vertex 1.183490546259692 0.03602109786692043 1.311497594424157
    vertex 0.9851729881917063 0.03810675627966731 1.311497594424157
  endloop
endfacet
facet normal -0 0 1
  outer loop
    vertex 1.082537058165041 -0.1307253208733803 1.311497594424157
    vertex 1.281297058901551 -0.1331005936642145 1.311497594424157
    vertex 1.183490546259692 0.03602109786692043 1.311497594424157
  endloop
endfacet
facet normal 0 0 1
  outer loop
    vertex 0.9813697359168388 -0.2984817297219965 1.311497594424157
    vertex 0.8839131317661566 -0.1283040386553849 1.311497594424157
    vertex 0.7823023467901622 -0.2956774558966676 1.311497594424157
  endloop
endfacet
facet normal 0 -0 1
  outer loop
    vertex 1.479624374345567 -0.1360178506952898 1.311497594424157
    vertex 1.580077745297165 0.03240567222887103 1.311497594424157
    vertex 1.381846263090586 0.03421546212904469 1.311497594424157
  endloop
endfacet
facet normal 0 0 1
  outer loop
    vertex 1.284016430850019 0.2025004317688224 1.311497594424157
    vertex 1.085829319542113 0.2033557712923471 1.311497594424157
    vertex 1.183490546259692 0.03602109786692043 1.311497594424157
  endloop
endfacet
facet normal 0 0 1
  outer loop
    vertex 1.183490546259692 0.03602109786692043 1.311497594424157
    vertex 1.085829319542113 0.2033557712923471 1.311497594424157
    vertex 0.9851729881917063 0.03810675627966731 1.311497594424157
  endloop
endfacet
facet normal 0 0 1
  outer loop
    vertex 2.17193355839062 -0.3161471006310173 1.311497594424157
    vertex 2.072198607871468 -0.4857411988172391 1.311497594424157
    vertex 2.269966181019272 -0.4886523556920581 1.311497594424157
  endloop
endfacet
facet normal 0 0 1
  outer loop
    vertex 1.577738491202144 -0.3079111266675607 1.311497594424157
    vertex 1.675866702527152 -0.4801007259973538 1.311497594424157
    vertex 1.775988771043559 -0.3106917098286336 1.311497594424157
  endloop
endfacet
facet normal -0 0 1
  outer loop
    vertex 1.176992165319751 -0.9854431154884433 1.311497594424157
    vertex 1.37529324155657 -0.9885275715487363 1.311497594424157
    vertex 1.277148617789893 -0.8158993387632781 1.311497594424157
  endloop
endfacet
facet normal 0 -0 1
  outer loop
    vertex 0.9813697359168388 -0.2984817297219965 1.311497594424157
    vertex 1.082537058165041 -0.1307253208733803 1.311497594424157
    vertex 0.8839131317661566 -0.1283040386553849 1.311497594424157
  endloop
endfacet
facet normal -0 0 1
  outer loop
    vertex 1.281297058901551 -0.1331005936642145 1.311497594424157
    vertex 1.479624374345567 -0.1360178506952898 1.311497594424157
    vertex 1.381846263090586 0.03421546212904469 1.311497594424157
  endloop
endfacet
facet normal -0 0 1
  outer loop
    vertex 4.448545944170441 -0.8646008916743575 1.311497594424157
    vertex 4.645415102477682 -0.8674972481852498 1.311497594424157
    vertex 4.546891036283003 -0.6938627827068198 1.311497594424157
  endloop
endfacet
facet normal 0 0 1
  outer loop
    vertex 1.680283104148408 0.2004404621120026 1.311497594424157
    vertex 1.48224982918317 0.2017534633564082 1.311497594424157
    vertex 1.580077745297165 0.03240567222887103 1.311497594424157
  endloop
endfacet
facet normal 0 -0 1
  outer loop
    vertex 1.281297058901551 -0.1331005936642145 1.311497594424157
    vertex 1.381846263090586 0.03421546212904469 1.311497594424157
    vertex 1.183490546259692 0.03602109786692043 1.311497594424157
  endloop
endfacet
facet normal 0 0 1
  outer loop
    vertex 0.888412462657426 0.5260555259856177 1.311497594424157
    vertex 1.08607272392184 0.527667603839874 1.311497594424157
    vertex 0.9855287531375255 0.6856603996648636 1.311497594424157
  endloop
endfacet
facet normal -0 0 1
  outer loop
    vertex 0.682054437875746 -0.8074350067711653 1.311497594424157
    vertex 0.8801711768715063 -0.8099044195100653 1.311497594424157
    vertex 0.7809134032548312 -0.6370831792511449 1.311497594424157
  endloop
endfacet
facet normal 0 -0 1
  outer loop
    vertex 4.547083486452794 -1.038135504790104 1.311497594424157
    vertex 4.645415102477682 -0.8674972481852498 1.311497594424157
    vertex 4.448545944170441 -0.8646008916743575 1.311497594424157
  endloop
endfacet
facet normal 0 -0 1
  outer loop
    vertex 0.8801837457453819 -0.4668478076675717 1.311497594424157
    vertex 0.9813697359168388 -0.2984817297219965 1.311497594424157
    vertex 0.7823023467901622 -0.2956774558966676 1.311497594424157
  endloop
endfacet
facet normal 0 -0 1
  outer loop
    vertex 1.08607272392184 0.527667603839874 1.311497594424157
    vertex 1.18433682223517 0.6892497087674925 1.311497594424157
    vertex 0.9855287531375255 0.6856603996648636 1.311497594424157
  endloop
endfacet
facet normal -0 0 1
  outer loop
    vertex 0.8801837457453819 -0.4668478076675717 1.311497594424157
    vertex 1.080123408039105 -0.4704926013242349 1.311497594424157
    vertex 0.9813697359168388 -0.2984817297219965 1.311497594424157
  endloop
endfacet
facet normal -0 0 1
  outer loop
    vertex 1.38309789608925 0.6918203617293472 1.311497594424157
    vertex 1.482598203712478 0.5298981780829053 1.311497594424157
    vertex 1.581914183181977 0.6947517669321621 1.311497594424157
  endloop
endfacet
facet normal -9.01937e-15 5.05114e-15 1
  outer loop
    vertex 4.050108207713843 1.201671882485531 1.311497594424155
    vertex 4.151527844177815 1.031093354418916 1.311497594424157
    vertex 4.248805821678681 1.204793868749778 1.311497594424157
  endloop
endfacet
facet normal 0 0 1
  outer loop
    vertex 0.9855287531375255 0.6856603996648636 1.311497594424157
    vertex 0.8834897535176521 0.8390179206587851 1.311497594424157
    vertex 0.7873080507382625 0.6809053366299158 1.311497594424157
  endloop
endfacet
facet normal 0 0 1
  outer loop
    vertex 2.369577423903166 -0.3189973488350237 1.311497594424157
    vertex 2.467647274745202 -0.4916513352686943 1.311497594424157
    vertex 2.567290446763682 -0.3219096972993243 1.311497594424157
  endloop
endfacet
facet normal 0 0 1
  outer loop
    vertex 0.888412462657426 0.5260555259856177 1.311497594424157
    vertex 0.7873080507382625 0.6809053366299158 1.311497594424157
    vertex 0.6923433204529413 0.5248293028768904 1.311497594424157
  endloop
endfacet
facet normal 0 0 1
  outer loop
    vertex 4.744377846137383 -0.3519276914021556 1.311497594424157
    vertex 4.645409210405719 -0.5231111743844005 1.311497594424157
    vertex 4.842360123586443 -0.5253285881948223 1.311497594424157
  endloop
endfacet
facet normal 0 -0 1
  outer loop
    vertex 0.888412462657426 0.5260555259856177 1.311497594424157
    vertex 0.9855287531375255 0.6856603996648636 1.311497594424157
    vertex 0.7873080507382625 0.6809053366299158 1.311497594424157
  endloop
endfacet
facet normal 0 0 1
  outer loop
    vertex 1.082537058165041 -0.1307253208733803 1.311497594424157
    vertex 1.180615120705863 -0.301541576186956 1.311497594424157
    vertex 1.281297058901551 -0.1331005936642145 1.311497594424157
  endloop
endfacet
facet normal -0 0 1
  outer loop
    vertex 0.9813697359168388 -0.2984817297219965 1.311497594424157
    vertex 1.180615120705863 -0.301541576186956 1.311497594424157
    vertex 1.082537058165041 -0.1307253208733803 1.311497594424157
  endloop
endfacet
facet normal 0 -0 1
  outer loop
    vertex 1.178714797685773 -0.6432647628608481 1.311497594424157
    vertex 1.278996420263987 -0.4739368354157273 1.311497594424157
    vertex 1.080123408039105 -0.4704926013242349 1.311497594424157
  endloop
endfacet
facet normal 0 -0 1
  outer loop
    vertex 2.269966181019272 -0.4886523556920581 1.311497594424157
    vertex 2.369577423903166 -0.3189973488350237 1.311497594424157
    vertex 2.17193355839062 -0.3161471006310173 1.311497594424157
  endloop
endfacet
facet normal 0 0 1
  outer loop
    vertex -0.1124338106207139 -0.1893769217262289 1.311497594424157
    vertex 0.06444030509640429 -0.104417072623276 1.311497594424157
    vertex -0.1124338106207139 -2.109423746787797e-15 1.311497594424157
  endloop
endfacet
facet normal 0 -0 1
  outer loop
    vertex 1.080123408039105 -0.4704926013242349 1.311497594424157
    vertex 1.180615120705863 -0.301541576186956 1.311497594424157
    vertex 0.9813697359168388 -0.2984817297219965 1.311497594424157
  endloop
endfacet
facet normal 0 0 1
  outer loop
    vertex -0.1124338106207139 0.1893769217262246 1.311497594424157
    vertex 0.03482368048941149 0.2885248327850447 1.311497594424157
    vertex -0.1124338106207139 0.3787538434524508 1.311497594424157
  endloop
endfacet
facet normal 0 -0 1
  outer loop
    vertex 0.7911356995332428 0.3677045000906485 1.311497594424157
    vertex 0.888412462657426 0.5260555259856177 1.311497594424157
    vertex 0.6923433204529413 0.5248293028768904 1.311497594424157
  endloop
endfacet
facet normal -0 0 1
  outer loop
    vertex 0.7809134032548312 -0.6370831792511449 1.311497594424157
    vertex 0.9797883935454795 -0.6400701344149484 1.311497594424157
    vertex 0.8801837457453819 -0.4668478076675717 1.311497594424157
  endloop
endfacet
facet normal 0 -0 1
  outer loop
    vertex 0.8801711768715063 -0.8099044195100653 1.311497594424157
    vertex 0.9797883935454795 -0.6400701344149484 1.311497594424157
    vertex 0.7809134032548312 -0.6370831792511449 1.311497594424157
  endloop
endfacet
facet normal 0 0 1
  outer loop
    vertex 5.038157548188055 -0.8711781327524331 1.311497594424157
    vertex 5.234812421549289 -0.8703050241799823 1.311497594424157
    vertex 5.1370366039837 -0.6992575279815979 1.311497594424157
  endloop
endfacet
facet normal 0 0 1
  outer loop
    vertex -0.1124338106207139 -0.5681307651786809 1.311497594424157
    vertex 0.06597431741321584 -0.4647478932710492 1.311497594424157
    vertex -0.1124338106207139 -0.3787538434524554 1.311497594424157
  endloop
endfacet
facet normal 0 0 1
  outer loop
    vertex 1.085829319542113 0.2033557712923471 1.311497594424157
    vertex 0.9878693212564554 0.367739709981775 1.311497594424157
    vertex 0.8882616659585475 0.204658629782672 1.311497594424157
  endloop
endfacet
facet normal 0 0 1
  outer loop
    vertex 0.8801837457453819 -0.4668478076675717 1.311497594424157
    vertex 0.9797883935454795 -0.6400701344149484 1.311497594424157
    vertex 1.080123408039105 -0.4704926013242349 1.311497594424157
  endloop
endfacet
facet normal 0 -0 1
  outer loop
    vertex 0.8882616659585475 0.204658629782672 1.311497594424157
    vertex 0.9878693212564554 0.367739709981775 1.311497594424157
    vertex 0.7911356995332428 0.3677045000906485 1.311497594424157
  endloop
endfacet
facet normal -0 0 1
  outer loop
    vertex 0.888412462657426 0.5260555259856177 1.311497594424157
    vertex 0.9878693212564554 0.367739709981775 1.311497594424157
    vertex 1.08607272392184 0.527667603839874 1.311497594424157
  endloop
endfacet
facet normal 0 0 1
  outer loop
    vertex -0.1124338106207139 0.3787538434524508 1.311497594424157
    vertex 0.03795661191865281 0.4804034710742255 1.311497594424157
    vertex -0.1124338106207139 0.5681307651786772 1.311497594424157
  endloop
endfacet
facet normal -0 0 1
  outer loop
    vertex 4.151757306346378 -0.3432583593344422 1.311497594424157
    vertex 4.349318472171186 -0.3461658728024314 1.311497594424157
    vertex 4.250829420784878 -0.17269396978122 1.311497594424157
  endloop
endfacet
facet normal 0 0 1
  outer loop
    vertex 5.13699552869419 -1.043577822294562 1.311497594424157
    vertex 4.940776758938008 -1.043265298262981 1.311497594424157
    vertex 5.041203927426932 -1.2162036249673 1.311497594424157
  endloop
endfacet
facet normal 0 0 1
  outer loop
    vertex 5.041203927426932 -1.2162036249673 1.311497594424157
    vertex 4.940776758938008 -1.043265298262981 1.311497594424157
    vertex 4.842979465120324 -1.213853674760839 1.311497594424157
  endloop
endfacet
facet normal 0 0 1
  outer loop
    vertex 4.448902018836124 -0.1755991741070622 1.311497594424157
    vertex 4.349318472171186 -0.3461658728024314 1.311497594424157
    vertex 4.547110702232927 -0.3492054736800634 1.311497594424157
  endloop
endfacet
facet normal 0 -0 1
  outer loop
    vertex 3.955723337297513 -0.6851478770024235 1.311497594424157
    vertex 4.053720619483559 -0.5142813172764082 1.311497594424157
    vertex 3.856702322111639 -0.5116166393390125 1.311497594424157
  endloop
endfacet
facet normal 0 0 1
  outer loop
    vertex 0.7911356995332428 0.3677045000906485 1.311497594424157
    vertex 0.9878693212564554 0.367739709981775 1.311497594424157
    vertex 0.888412462657426 0.5260555259856177 1.311497594424157
  endloop
endfacet
facet normal 0 -0 1
  outer loop
    vertex 5.334433181488682 -1.039888787548604 1.311497594424157
    vertex 5.429588964471662 -0.8680619292147602 1.311497594424157
    vertex 5.234812421549289 -0.8703050241799823 1.311497594424157
  endloop
endfacet
facet normal 0 0 1
  outer loop
    vertex 3.755536349724248 1.02748265953214 1.311497594424157
    vertex 3.658700164016354 0.85762620567375 1.311497594424157
    vertex 3.856479929293289 0.8580913831586405 1.311497594424157
  endloop
endfacet
facet normal 0 0 1
  outer loop
    vertex 4.053152140289266 -0.1700052985862957 1.311497594424157
    vertex 3.954453470144198 -0.340582907375627 1.311497594424157
    vertex 4.151757306346378 -0.3432583593344422 1.311497594424157
  endloop
endfacet
facet normal 0 0 1
  outer loop
    vertex 4.842360123586443 -0.5253285881948223 1.311497594424157
    vertex 4.743773425785434 -0.6969627885519178 1.311497594424157
    vertex 4.940295692007271 -0.6984301965552162 1.311497594424157
  endloop
endfacet
facet normal 0 -0 1
  outer loop
    vertex 1.477585206177149 -0.4770878849533706 1.311497594424157
    vertex 1.577738491202144 -0.3079111266675607 1.311497594424157
    vertex 1.379401300510341 -0.3048722360066978 1.311497594424157
  endloop
endfacet
facet normal -0 0 1
  outer loop
    vertex 3.559186592382443 -0.3360109834812712 1.311497594424157
    vertex 3.757231989942844 -0.3383259593633453 1.311497594424157
    vertex 3.658313844699472 -0.1654411721976257 1.311497594424157
  endloop
endfacet
facet normal 0 0 1
  outer loop
    vertex 5.13699552869419 -1.043577822294562 1.311497594424157
    vertex 5.334433181488682 -1.039888787548604 1.311497594424157
    vertex 5.234812421549289 -0.8703050241799823 1.311497594424157
  endloop
endfacet
facet normal 0 -0 1
  outer loop
    vertex 1.874093444802757 -0.4829367756108081 1.311497594424157
    vertex 1.97408360863009 -0.3133609527047934 1.311497594424157
    vertex 1.775988771043559 -0.3106917098286336 1.311497594424157
  endloop
endfacet
facet normal 0 0 1
  outer loop
    vertex 4.547110702232927 -0.3492054736800634 1.311497594424157
    vertex 4.645409210405719 -0.5231111743844005 1.311497594424157
    vertex 4.744377846137383 -0.3519276914021556 1.311497594424157
  endloop
endfacet
facet normal 0 0 1
  outer loop
    vertex 1.774032587920321 -0.6524810712964921 1.311497594424157
    vertex 1.675866702527152 -0.4801007259973538 1.311497594424157
    vertex 1.575761714016982 -0.6494957876272577 1.311497594424157
  endloop
endfacet
facet normal 0 0 1
  outer loop
    vertex 0.07338327111972782 -0.8228539462625366 1.311497594424157
    vertex 0.02559679826022858 -0.6472500609212917 1.311497594424157
    vertex -0.1124338106207139 -0.7575076869049058 1.311497594424157
  endloop
endfacet
facet normal 0 -0 1
  outer loop
    vertex 4.842979465120324 -1.213853674760839 1.311497594424157
    vertex 4.940776758938008 -1.043265298262981 1.311497594424157
    vertex 4.744160052380273 -1.04102766711579 1.311497594424157
  endloop
endfacet
facet normal -0 0 1
  outer loop
    vertex 1.08607272392184 0.527667603839874 1.311497594424157
    vertex 1.185519313896026 0.3669455157071575 1.311497594424157
    vertex 1.284292657112581 0.5289182666208041 1.311497594424157
  endloop
endfacet
facet normal 0 0 1
  outer loop
    vertex 3.658679500563795 -0.5090924152417589 1.311497594424157
    vertex 3.459726749586046 -0.5065586589159651 1.311497594424157
    vertex 3.558768575411035 -0.6794468325022236 1.311497594424157
  endloop
endfacet
facet normal 0 0 1
  outer loop
    vertex 4.940295692007271 -0.6984301965552162 1.311497594424157
    vertex 4.84203666979415 -0.8703938542725094 1.311497594424157
    vertex 5.038157548188055 -0.8711781327524331 1.311497594424157
  endloop
endfacet
facet normal -0 0 1
  outer loop
    vertex 0.9878693212564554 0.367739709981775 1.311497594424157
    vertex 1.185519313896026 0.3669455157071575 1.311497594424157
    vertex 1.08607272392184 0.527667603839874 1.311497594424157
  endloop
endfacet
facet normal 0 -0 1
  outer loop
    vertex 1.085829319542113 0.2033557712923471 1.311497594424157
    vertex 1.185519313896026 0.3669455157071575 1.311497594424157
    vertex 0.9878693212564554 0.367739709981775 1.311497594424157
  endloop
endfacet
facet normal 0 0 1
  outer loop
    vertex 0.03482368048941149 0.2885248327850447 1.311497594424157
    vertex 0.2102625034387333 0.3830872591845005 1.311497594424157
    vertex 0.03795661191865281 0.4804034710742255 1.311497594424157
  endloop
endfacet
facet normal 0 0 1
  outer loop
    vertex 5.1370366039837 -0.6992575279815979 1.311497594424157
    vertex 5.234812421549289 -0.8703050241799823 1.311497594424157
    vertex 5.332663352254035 -0.6998659816177215 1.311497594424157
  endloop
endfacet
facet normal -2.01255e-17 -1.2957e-15 1
  outer loop
    vertex 2.860810490526324 -1.182983786978358 1.311497594424156
    vertex 2.960219159356834 -1.013157367465574 1.311497594424157
    vertex 2.762204527176898 -1.010081701964142 1.311497594424157
  endloop
endfacet
facet normal -1.35937e-16 -9.06519e-15 1
  outer loop
    vertex 3.158225010213197 -1.016126570346023 1.311497594424157
    vertex 2.960219159356834 -1.013157367465574 1.311497594424157
    vertex 3.059026777293393 -1.186098469570963 1.311497594424155
  endloop
endfacet
facet normal 0 0 1
  outer loop
    vertex 1.68119301903971 0.5316261158686044 1.311497594424157
    vertex 1.482598203712478 0.5298981780829053 1.311497594424157
    vertex 1.581662573296871 0.3661413329536916 1.311497594424157
  endloop
endfacet
facet normal -0 0 1
  outer loop
    vertex -0.1124338106207139 0.3787538434524508 1.311497594424157
    vertex 0.03482368048941149 0.2885248327850447 1.311497594424157
    vertex 0.03795661191865281 0.4804034710742255 1.311497594424157
  endloop
endfacet
facet normal 0 0 1
  outer loop
    vertex 1.581662573296871 0.3661413329536916 1.311497594424157
    vertex 1.383428893554476 0.3661312243928212 1.311497594424157
    vertex 1.48224982918317 0.2017534633564082 1.311497594424157
  endloop
endfacet
facet normal 0 0 1
  outer loop
    vertex 1.780615076630213 0.6977599091191886 1.311497594424157
    vertex 1.581914183181977 0.6947517669321621 1.311497594424157
    vertex 1.68119301903971 0.5316261158686044 1.311497594424157
  endloop
endfacet
facet normal -0 0 1
  outer loop
    vertex 1.185519313896026 0.3669455157071575 1.311497594424157
    vertex 1.383428893554476 0.3661312243928212 1.311497594424157
    vertex 1.284292657112581 0.5289182666208041 1.311497594424157
  endloop
endfacet
facet normal 0 0 1
  outer loop
    vertex 4.152736235383522 -0.6879776783041213 1.311497594424157
    vertex 4.053720619483559 -0.5142813172764082 1.311497594424157
    vertex 3.955723337297513 -0.6851478770024235 1.311497594424157
  endloop
endfacet
facet normal 0 0 1
  outer loop
    vertex 2.96140660460816 -0.6705116916790943 1.311497594424157
    vertex 2.861745584940432 -0.8402949743010009 1.311497594424157
    vertex 3.059411817935624 -0.8433570179531442 1.311497594424157
  endloop
endfacet
facet normal 0 0 1
  outer loop
    vertex 2.269966181019272 -0.4886523556920581 1.311497594424157
    vertex 2.072198607871468 -0.4857411988172391 1.311497594424157
    vertex 2.170255935209002 -0.6583315092297728 1.311497594424157
  endloop
endfacet
facet normal 0 -0 1
  outer loop
    vertex 1.972214396592767 -0.6554045804488804 1.311497594424157
    vertex 2.072198607871468 -0.4857411988172391 1.311497594424157
    vertex 1.874093444802757 -0.4829367756108081 1.311497594424157
  endloop
endfacet
facet normal 0 0 1
  outer loop
    vertex 1.284016430850019 0.2025004317688224 1.311497594424157
    vertex 1.185519313896026 0.3669455157071575 1.311497594424157
    vertex 1.085829319542113 0.2033557712923471 1.311497594424157
  endloop
endfacet
facet normal -0 0 1
  outer loop
    vertex 1.379401300510341 -0.3048722360066978 1.311497594424157
    vertex 1.577738491202144 -0.3079111266675607 1.311497594424157
    vertex 1.479624374345567 -0.1360178506952898 1.311497594424157
  endloop
endfacet
facet normal 0 0 1
  outer loop
    vertex 4.248805821678681 1.204793868749778 1.311497594424157
    vertex 4.151527844177815 1.031093354418916 1.311497594424157
    vertex 4.349689357665532 1.032835629893418 1.311497594424157
  endloop
endfacet
facet normal 0 0 1
  outer loop
    vertex 1.677887625468604 -0.1387390885747182 1.311497594424157
    vertex 1.577738491202144 -0.3079111266675607 1.311497594424157
    vertex 1.775988771043559 -0.3106917098286336 1.311497594424157
  endloop
endfacet
facet normal 0 0 1
  outer loop
    vertex 4.250829420784878 -0.17269396978122 1.311497594424157
    vertex 4.349318472171186 -0.3461658728024314 1.311497594424157
    vertex 4.448902018836124 -0.1755991741070622 1.311497594424157
  endloop
endfacet
facet normal -0 0 1
  outer loop
    vertex 1.477585206177149 -0.4770878849533706 1.311497594424157
    vertex 1.675866702527152 -0.4801007259973538 1.311497594424157
    vertex 1.577738491202144 -0.3079111266675607 1.311497594424157
  endloop
endfacet
facet normal 0 0 1
  outer loop
    vertex 4.547110702232927 -0.3492054736800634 1.311497594424157
    vertex 4.448265285915681 -0.5200626449238812 1.311497594424157
    vertex 4.645409210405719 -0.5231111743844005 1.311497594424157
  endloop
endfacet
facet normal 0 0 1
  outer loop
    vertex 2.469314908498994 -0.1493223463627924 1.311497594424157
    vertex 2.369577423903166 -0.3189973488350237 1.311497594424157
    vertex 2.567290446763682 -0.3219096972993243 1.311497594424157
  endloop
endfacet
facet normal 0 -0 1
  outer loop
    vertex 1.284016430850019 0.2025004317688224 1.311497594424157
    vertex 1.383428893554476 0.3661312243928212 1.311497594424157
    vertex 1.185519313896026 0.3669455157071575 1.311497594424157
  endloop
endfacet
facet normal 0 0 1
  outer loop
    vertex 2.073917315027342 -0.1438963959432358 1.311497594424157
    vertex 1.97408360863009 -0.3133609527047934 1.311497594424157
    vertex 2.17193355839062 -0.3161471006310173 1.311497594424157
  endloop
endfacet
facet normal -0 0 1
  outer loop
    vertex 2.17193355839062 -0.3161471006310173 1.311497594424157
    vertex 2.369577423903166 -0.3189973488350237 1.311497594424157
    vertex 2.27163298766099 -0.1465859534608074 1.311497594424157
  endloop
endfacet
facet normal 0 0 1
  outer loop
    vertex 4.940295692007271 -0.6984301965552162 1.311497594424157
    vertex 4.743773425785434 -0.6969627885519178 1.311497594424157
    vertex 4.84203666979415 -0.8703938542725094 1.311497594424157
  endloop
endfacet
facet normal -0 0 1
  outer loop
    vertex 3.557708002369597 1.025801506120382 1.311497594424157
    vertex 3.658700164016354 0.85762620567375 1.311497594424157
    vertex 3.755536349724248 1.02748265953214 1.311497594424157
  endloop
endfacet
facet normal 0 0 1
  outer loop
    vertex 3.855751603318564 -0.1676199795232018 1.311497594424157
    vertex 3.954453470144198 -0.340582907375627 1.311497594424157
    vertex 4.053152140289266 -0.1700052985862957 1.311497594424157
  endloop
endfacet
facet normal -0 0 1
  outer loop
    vertex 1.775988771043559 -0.3106917098286336 1.311497594424157
    vertex 1.97408360863009 -0.3133609527047934 1.311497594424157
    vertex 1.875995330088517 -0.1413289638156263 1.311497594424157
  endloop
endfacet
facet normal -0 0 1
  outer loop
    vertex 1.080123408039105 -0.4704926013242349 1.311497594424157
    vertex 1.278996420263987 -0.4739368354157273 1.311497594424157
    vertex 1.180615120705863 -0.301541576186956 1.311497594424157
  endloop
endfacet
facet normal 0 0 1
  outer loop
    vertex 4.054535116860155 0.858688978198711 1.311497594424157
    vertex 3.856479929293289 0.8580913831586405 1.311497594424157
    vertex 3.956898005643746 0.6874543888768276 1.311497594424157
  endloop
endfacet
facet normal 0 0 1
  outer loop
    vertex 1.48224982918317 0.2017534633564082 1.311497594424157
    vertex 1.383428893554476 0.3661312243928212 1.311497594424157
    vertex 1.284016430850019 0.2025004317688224 1.311497594424157
  endloop
endfacet
facet normal 0 0 1
  outer loop
    vertex 3.855751603318564 -0.1676199795232018 1.311497594424157
    vertex 3.757231989942844 -0.3383259593633453 1.311497594424157
    vertex 3.954453470144198 -0.340582907375627 1.311497594424157
  endloop
endfacet
facet normal 0 0 1
  outer loop
    vertex 2.763396963469911 -0.6674497083504745 1.311497594424157
    vertex 2.565710462606355 -0.6643868208543802 1.311497594424157
    vertex 2.663885983883798 -0.8372184288990736 1.311497594424157
  endloop
endfacet
facet normal 0 0 1
  outer loop
    vertex 2.663885983883798 -0.8372184288990736 1.311497594424157
    vertex 2.565710462606355 -0.6643868208543802 1.311497594424157
    vertex 2.466070553535603 -0.8341269772082895 1.311497594424157
  endloop
endfacet
facet normal 0 0 1
  outer loop
    vertex 6.627233694816489 -0.5720399315097883 1.311497594424157
    vertex 6.486114977198182 -0.6895463866012431 1.311497594424157
    vertex 6.623570966166487 -0.7681101311563442 1.311497594424157
  endloop
endfacet
facet normal 0 0 1
  outer loop
    vertex 3.658313844699472 -0.1654411721976257 1.311497594424157
    vertex 3.757231989942844 -0.3383259593633453 1.311497594424157
    vertex 3.855751603318564 -0.1676199795232018 1.311497594424157
  endloop
endfacet
facet normal 0 0 1
  outer loop
    vertex 5.617821526272876 -0.8646773873351891 1.311497594424157
    vertex 5.429588964471662 -0.8680619292147602 1.311497594424157
    vertex 5.528954493150906 -1.032622474658514 1.311497594424157
  endloop
endfacet
facet normal 0 0 1
  outer loop
    vertex 2.762204527176898 -1.010081701964142 1.311497594424157
    vertex 2.663885983883798 -0.8372184288990736 1.311497594424157
    vertex 2.564225495621657 -1.006983704310602 1.311497594424157
  endloop
endfacet
facet normal 0 0 1
  outer loop
    vertex 0.7875022142243421 0.04031254607217538 1.311497594424157
    vertex 0.5910066485416331 0.04384677273815529 1.311497594424157
    vertex 0.6858003589221917 -0.1255366192335727 1.311497594424157
  endloop
endfacet
facet normal -0 0 1
  outer loop
    vertex 2.269966181019272 -0.4886523556920581 1.311497594424157
    vertex 2.467647274745202 -0.4916513352686943 1.311497594424157
    vertex 2.369577423903166 -0.3189973488350237 1.311497594424157
  endloop
endfacet
facet normal 0 0 1
  outer loop
    vertex 1.180615120705863 -0.301541576186956 1.311497594424157
    vertex 1.278996420263987 -0.4739368354157273 1.311497594424157
    vertex 1.379401300510341 -0.3048722360066978 1.311497594424157
  endloop
endfacet
facet normal 0 0 1
  outer loop
    vertex 3.558768575411035 -0.6794468325022236 1.311497594424157
    vertex 3.459726749586046 -0.5065586589159651 1.311497594424157
    vertex 3.35909955618658 -0.676539886074603 1.311497594424157
  endloop
endfacet
facet normal 0 0 1
  outer loop
    vertex 6.142497976645926 -0.7219277249119638 1.311497594424157
    vertex 6.329082286669461 -0.7028881748363134 1.311497594424157
    vertex 6.229866204628759 -0.5433113604470017 1.311497594424157
  endloop
endfacet
facet normal 0 0 1
  outer loop
    vertex 1.581662573296871 0.3661413329536916 1.311497594424157
    vertex 1.482598203712478 0.5298981780829053 1.311497594424157
    vertex 1.383428893554476 0.3661312243928212 1.311497594424157
  endloop
endfacet
facet normal -0 0 1
  outer loop
    vertex -0.1124338106207139 0.7575076869049034 1.311497594424157
    vertex 0.01476722936071027 0.6479559150364864 1.311497594424157
    vertex 0.07076587729506255 0.821191682048543 1.311497594424157
  endloop
endfacet
facet normal 6.63967e-15 -5.19404e-15 1
  outer loop
    vertex 3.059026777293393 -1.186098469570963 1.311497594424155
    vertex 2.960219159356834 -1.013157367465574 1.311497594424157
    vertex 2.860810490526324 -1.182983786978358 1.311497594424156
  endloop
endfacet
facet normal 0 0 1
  outer loop
    vertex 4.940776758938008 -1.043265298262981 1.311497594424157
    vertex 4.84203666979415 -0.8703938542725094 1.311497594424157
    vertex 4.744160052380273 -1.04102766711579 1.311497594424157
  endloop
endfacet
facet normal 0 0 1
  outer loop
    vertex 5.038157548188055 -0.8711781327524331 1.311497594424157
    vertex 4.84203666979415 -0.8703938542725094 1.311497594424157
    vertex 4.940776758938008 -1.043265298262981 1.311497594424157
  endloop
endfacet
facet normal 0 0 1
  outer loop
    vertex 0.1821609395208127 -0.2863551763871925 1.311497594424157
    vertex 0.01462959587295799 -0.2847572368136014 1.311497594424157
    vertex 0.06597431741321584 -0.4647478932710492 1.311497594424157
  endloop
endfacet
facet normal 0 0 1
  outer loop
    vertex 3.557708002369597 1.025801506120382 1.311497594424157
    vertex 3.461195106401887 0.8574157853698752 1.311497594424157
    vertex 3.658700164016354 0.85762620567375 1.311497594424157
  endloop
endfacet
facet normal 0 -0 1
  outer loop
    vertex 1.383428893554476 0.3661312243928212 1.311497594424157
    vertex 1.482598203712478 0.5298981780829053 1.311497594424157
    vertex 1.284292657112581 0.5289182666208041 1.311497594424157
  endloop
endfacet
facet normal 0 0 1
  outer loop
    vertex 4.546891036283003 -0.6938627827068198 1.311497594424157
    vertex 4.448265285915681 -0.5200626449238812 1.311497594424157
    vertex 4.349911248783141 -0.6909261236667485 1.311497594424157
  endloop
endfacet
facet normal 0 0 1
  outer loop
    vertex 2.763396963469911 -0.6674497083504745 1.311497594424157
    vertex 2.861745584940432 -0.8402949743010009 1.311497594424157
    vertex 2.96140660460816 -0.6705116916790943 1.311497594424157
  endloop
endfacet
facet normal 0 0 1
  outer loop
    vertex 1.479624374345567 -0.1360178506952898 1.311497594424157
    vertex 1.577738491202144 -0.3079111266675607 1.311497594424157
    vertex 1.677887625468604 -0.1387390885747182 1.311497594424157
  endloop
endfacet
facet normal 0 0 1
  outer loop
    vertex 1.284292657112581 0.5289182666208041 1.311497594424157
    vertex 1.482598203712478 0.5298981780829053 1.311497594424157
    vertex 1.38309789608925 0.6918203617293472 1.311497594424157
  endloop
endfacet
facet normal 0 0 1
  outer loop
    vertex 2.170255935209002 -0.6583315092297728 1.311497594424157
    vertex 2.072198607871468 -0.4857411988172391 1.311497594424157
    vertex 1.972214396592767 -0.6554045804488804 1.311497594424157
  endloop
endfacet
facet normal 0 0 1
  outer loop
    vertex 0.4087714768937999 0.3682859608122622 1.311497594424157
    vertex 0.2102625034387333 0.3830872591845005 1.311497594424157
    vertex 0.3118132237746651 0.2181223947281059 1.311497594424157
  endloop
endfacet
facet normal 0 0 1
  outer loop
    vertex 5.332663352254035 -0.6998659816177215 1.311497594424157
    vertex 5.429588964471662 -0.8680619292147602 1.311497594424157
    vertex 5.528848812114187 -0.7010119199485512 1.311497594424157
  endloop
endfacet
facet normal 0 -0 1
  outer loop
    vertex 1.575761714016982 -0.6494957876272577 1.311497594424157
    vertex 1.675866702527152 -0.4801007259973538 1.311497594424157
    vertex 1.477585206177149 -0.4770878849533706 1.311497594424157
  endloop
endfacet
facet normal 0 -0 1
  outer loop
    vertex 2.466070553535603 -0.8341269772082895 1.311497594424157
    vertex 2.565710462606355 -0.6643868208543802 1.311497594424157
    vertex 2.368006132995488 -0.6613296133747928 1.311497594424157
  endloop
endfacet
facet normal 0 0 1
  outer loop
    vertex 2.565710462606355 -0.6643868208543802 1.311497594424157
    vertex 2.467647274745202 -0.4916513352686943 1.311497594424157
    vertex 2.368006132995488 -0.6613296133747928 1.311497594424157
  endloop
endfacet
facet normal 0 0 1
  outer loop
    vertex 4.645409210405719 -0.5231111743844005 1.311497594424157
    vertex 4.448265285915681 -0.5200626449238812 1.311497594424157
    vertex 4.546891036283003 -0.6938627827068198 1.311497594424157
  endloop
endfacet
facet normal 0 -0 1
  outer loop
    vertex 2.368006132995488 -0.6613296133747928 1.311497594424157
    vertex 2.467647274745202 -0.4916513352686943 1.311497594424157
    vertex 2.269966181019272 -0.4886523556920581 1.311497594424157
  endloop
endfacet
facet normal 0 0 1
  outer loop
    vertex 1.875995330088517 -0.1413289638156263 1.311497594424157
    vertex 1.97408360863009 -0.3133609527047934 1.311497594424157
    vertex 2.073917315027342 -0.1438963959432358 1.311497594424157
  endloop
endfacet
facet normal 0 0 1
  outer loop
    vertex 2.27163298766099 -0.1465859534608074 1.311497594424157
    vertex 2.369577423903166 -0.3189973488350237 1.311497594424157
    vertex 2.469314908498994 -0.1493223463627924 1.311497594424157
  endloop
endfacet
facet normal 0 0 1
  outer loop
    vertex 2.861745584940432 -0.8402949743010009 1.311497594424157
    vertex 2.663885983883798 -0.8372184288990736 1.311497594424157
    vertex 2.762204527176898 -1.010081701964142 1.311497594424157
  endloop
endfacet
facet normal -0 0 1
  outer loop
    vertex 3.36000374727256 1.02426855957021 1.311497594424157
    vertex 3.461195106401887 0.8574157853698752 1.311497594424157
    vertex 3.557708002369597 1.025801506120382 1.311497594424157
  endloop
endfacet
facet normal 0 0 1
  outer loop
    vertex 3.956898005643746 0.6874543888768276 1.311497594424157
    vertex 3.856479929293289 0.8580913831586405 1.311497594424157
    vertex 3.759097110448911 0.6879746774343307 1.311497594424157
  endloop
endfacet
facet normal 0 0 1
  outer loop
    vertex 0.1927538794659011 0.6159682108087849 1.311497594424157
    vertex 0.01476722936071027 0.6479559150364864 1.311497594424157
    vertex 0.03795661191865281 0.4804034710742255 1.311497594424157
  endloop
endfacet
facet normal 0 -0 1
  outer loop
    vertex 2.564225495621657 -1.006983704310602 1.311497594424157
    vertex 2.663885983883798 -0.8372184288990736 1.311497594424157
    vertex 2.466070553535603 -0.8341269772082895 1.311497594424157
  endloop
endfacet
facet normal 0 0 1
  outer loop
    vertex 5.437545063910101 -1.208553126275206 1.311497594424157
    vertex 5.334433181488682 -1.039888787548604 1.311497594424157
    vertex 5.239438863209127 -1.215496118566457 1.311497594424157
  endloop
endfacet
facet normal 0 0 1
  outer loop
    vertex 5.528954493150906 -1.032622474658514 1.311497594424157
    vertex 5.334433181488682 -1.039888787548604 1.311497594424157
    vertex 5.437545063910101 -1.208553126275206 1.311497594424157
  endloop
endfacet
facet normal 0 0 1
  outer loop
    vertex 2.665333001183247 -0.4946321755565862 1.311497594424157
    vertex 2.565710462606355 -0.6643868208543802 1.311497594424157
    vertex 2.763396963469911 -0.6674497083504745 1.311497594424157
  endloop
endfacet
facet normal 0 0 1
  outer loop
    vertex 0.06597431741321584 -0.4647478932710492 1.311497594424157
    vertex 0.02559679826022858 -0.6472500609212917 1.311497594424157
    vertex 0.1971430490659806 -0.6293451457996679 1.311497594424157
  endloop
endfacet
facet normal 0 0 1
  outer loop
    vertex 3.36000374727256 1.02426855957021 1.311497594424157
    vertex 3.264124675603289 0.8576582925781973 1.311497594424157
    vertex 3.461195106401887 0.8574157853698752 1.311497594424157
  endloop
endfacet
facet normal 0 0 1
  outer loop
    vertex 2.665333001183247 -0.4946321755565862 1.311497594424157
    vertex 2.467647274745202 -0.4916513352686943 1.311497594424157
    vertex 2.565710462606355 -0.6643868208543802 1.311497594424157
  endloop
endfacet
facet normal 0 0 1
  outer loop
    vertex 2.763396963469911 -0.6674497083504745 1.311497594424157
    vertex 2.663885983883798 -0.8372184288990736 1.311497594424157
    vertex 2.861745584940432 -0.8402949743010009 1.311497594424157
  endloop
endfacet
facet normal 0 0 1
  outer loop
    vertex 2.567290446763682 -0.3219096972993243 1.311497594424157
    vertex 2.467647274745202 -0.4916513352686943 1.311497594424157
    vertex 2.665333001183247 -0.4946321755565862 1.311497594424157
  endloop
endfacet
facet normal 0 0 1
  outer loop
    vertex 3.856479929293289 0.8580913831586405 1.311497594424157
    vertex 3.658700164016354 0.85762620567375 1.311497594424157
    vertex 3.759097110448911 0.6879746774343307 1.311497594424157
  endloop
endfacet
facet normal 0 -0 1
  outer loop
    vertex 4.744160052380273 -1.04102766711579 1.311497594424157
    vertex 4.84203666979415 -0.8703938542725094 1.311497594424157
    vertex 4.645415102477682 -0.8674972481852498 1.311497594424157
  endloop
endfacet
facet normal 0 0 1
  outer loop
    vertex 0.07338327111972782 -0.8228539462625366 1.311497594424157
    vertex 0.03493876705159411 -0.9934321265618506 1.311497594424157
    vertex 0.1936796223634882 -0.9779549919776274 1.311497594424157
  endloop
endfacet
facet normal 0 -0 1
  outer loop
    vertex 5.239438863209127 -1.215496118566457 1.311497594424157
    vertex 5.334433181488682 -1.039888787548604 1.311497594424157
    vertex 5.13699552869419 -1.043577822294562 1.311497594424157
  endloop
endfacet
facet normal 0 0 1
  outer loop
    vertex 5.528848812114187 -0.7010119199485512 1.311497594424157
    vertex 5.617821526272876 -0.8646773873351891 1.311497594424157
    vertex 5.728857746112552 -0.7068173480553539 1.311497594424157
  endloop
endfacet
facet normal 0 -0 1
  outer loop
    vertex 4.645415102477682 -0.8674972481852498 1.311497594424157
    vertex 4.743773425785434 -0.6969627885519178 1.311497594424157
    vertex 4.546891036283003 -0.6938627827068198 1.311497594424157
  endloop
endfacet
facet normal -0 0 1
  outer loop
    vertex 6.229866204628759 -0.5433113604470017 1.311497594424157
    vertex 6.329082286669461 -0.7028881748363134 1.311497594424157
    vertex 6.420548308552377 -0.5419965212832638 1.311497594424157
  endloop
endfacet
facet normal 0 0 1
  outer loop
    vertex -0.1124338106207139 -1.136262539229682 1.311497594424157
    vertex 0.03493876705159411 -0.9934321265618506 1.311497594424157
    vertex -0.1124338106207139 -0.9468846086311309 1.311497594424157
  endloop
endfacet
facet normal 0 0 1
  outer loop
    vertex -0.1124338106207139 0.9468846086311297 1.311497594424157
    vertex 0.03493876688991797 0.993432126655019 1.311497594424157
    vertex -0.1124338106207139 1.136262539229682 1.311497594424157
  endloop
endfacet
facet normal 0 0 1
  outer loop
    vertex 0.08578247623866982 -1.139378230694133 1.311497594424157
    vertex 0.03493876705159411 -0.9934321265618506 1.311497594424157
    vertex -0.1124338106207139 -1.136262539229682 1.311497594424157
  endloop
endfacet
facet normal -0 0 1
  outer loop
    vertex -0.1124338106207139 1.136262539229682 1.311497594424157
    vertex 0.03493876688991797 0.993432126655019 1.311497594424157
    vertex 0.08578247596931407 1.139378230691275 1.311497594424157
  endloop
endfacet
facet normal 0 -0 1
  outer loop
    vertex 4.349911248783141 -0.6909261236667485 1.311497594424157
    vertex 4.448265285915681 -0.5200626449238812 1.311497594424157
    vertex 4.250951045618109 -0.5171044423028222 1.311497594424157
  endloop
endfacet
facet normal 0 0 1
  outer loop
    vertex 4.84203666979415 -0.8703938542725094 1.311497594424157
    vertex 4.743773425785434 -0.6969627885519178 1.311497594424157
    vertex 4.645415102477682 -0.8674972481852498 1.311497594424157
  endloop
endfacet
facet normal -0 0 1
  outer loop
    vertex 3.163111490421232 1.02281124760551 1.311497594424157
    vertex 3.264124675603289 0.8576582925781973 1.311497594424157
    vertex 3.36000374727256 1.02426855957021 1.311497594424157
  endloop
endfacet
facet normal 0 0 1
  outer loop
    vertex 5.528954493150906 -1.032622474658514 1.311497594424157
    vertex 5.429588964471662 -0.8680619292147602 1.311497594424157
    vertex 5.334433181488682 -1.039888787548604 1.311497594424157
  endloop
endfacet
facet normal 0 0 1
  outer loop
    vertex 6.815987577892547 0.4974849958500014 1.311497594424157
    vertex 6.678397338879549 0.6193849635774016 1.311497594424157
    vertex 6.616568804334587 0.4775953607981969 1.311497594424157
  endloop
endfacet
facet normal 0 0 1
  outer loop
    vertex 3.759097110448911 0.6879746774343307 1.311497594424157
    vertex 3.658700164016354 0.85762620567375 1.311497594424157
    vertex 3.561626792557033 0.6888242653575845 1.311497594424157
  endloop
endfacet
facet normal 0 0 1
  outer loop
    vertex 6.813222036103946 -0.5340671160008807 1.311497594424157
    vertex 6.792387329610494 -0.7065145810464486 1.311497594424157
    vertex 6.971636320235744 -0.6147478225219769 1.311497594424157
  endloop
endfacet
facet normal 3.54976e-17 2.56819e-15 1
  outer loop
    vertex 7.71016030710616 0.1742212136443287 1.311497594424156
    vertex 7.624271089199406 0.002489402749191516 1.311497594424157
    vertex 7.80437502329019 0 1.311497594424157
  endloop
endfacet
facet normal 7.816e-15 2.07266e-15 1
  outer loop
    vertex 6.409261733301415 1.026435771195307 1.311497594424157
    vertex 6.462575722457668 0.8253884463548717 1.311497594424157
    vertex 6.596764788973106 0.9621434763470521 1.311497594424155
  endloop
endfacet
facet normal 2.2256e-15 7.55816e-15 1
  outer loop
    vertex 6.596764788973106 0.9621434763470521 1.311497594424155
    vertex 6.462575722457668 0.8253884463548717 1.311497594424157
    vertex 6.641969194529505 0.7725635906523143 1.311497594424157
  endloop
endfacet
facet normal 0 0 1
  outer loop
    vertex 0.6920374849891255 0.2067551141692727 1.311497594424157
    vertex 0.5910066485416331 0.04384677273815529 1.311497594424157
    vertex 0.7875022142243421 0.04031254607217538 1.311497594424157
  endloop
endfacet
facet normal 0 0 1
  outer loop
    vertex 3.163111490421232 1.02281124760551 1.311497594424157
    vertex 3.066914838777652 0.8581584948780281 1.311497594424157
    vertex 3.264124675603289 0.8576582925781973 1.311497594424157
  endloop
endfacet
facet normal -0 0 1
  outer loop
    vertex 6.258811415699307 0.883639712575975 1.311497594424157
    vertex 6.462575722457668 0.8253884463548717 1.311497594424157
    vertex 6.409261733301415 1.026435771195307 1.311497594424157
  endloop
endfacet
facet normal -1.04314e-14 6.35677e-15 1
  outer loop
    vertex 5.635089500087828 1.192247788232027 1.311497594424154
    vertex 5.733813134738599 1.004948718478609 1.311497594424157
    vertex 5.831448170346106 1.165167667680129 1.311497594424157
  endloop
endfacet
facet normal 9.60424e-16 1.23613e-14 1
  outer loop
    vertex 5.537603531868807 1.020193413977745 1.311497594424157
    vertex 5.733813134738599 1.004948718478609 1.311497594424157
    vertex 5.635089500087828 1.192247788232027 1.311497594424154
  endloop
endfacet
facet normal 0 0 1
  outer loop
    vertex 5.831448170346106 1.165167667680129 1.311497594424157
    vertex 5.733813134738599 1.004948718478609 1.311497594424157
    vertex 5.926890807905387 0.9933467588984868 1.311497594424157
  endloop
endfacet
facet normal 0 0 1
  outer loop
    vertex 3.658700164016354 0.85762620567375 1.311497594424157
    vertex 3.461195106401887 0.8574157853698752 1.311497594424157
    vertex 3.561626792557033 0.6888242653575845 1.311497594424157
  endloop
endfacet
facet normal 0 0 1
  outer loop
    vertex 0.1938636928695365 0.9767960631381059 1.311497594424157
    vertex 0.03493876688991797 0.993432126655019 1.311497594424157
    vertex 0.07076587729506255 0.821191682048543 1.311497594424157
  endloop
endfacet
facet normal 0 0 1
  outer loop
    vertex 7.133039456471965 0.3145205318563193 1.311497594424157
    vertex 7.27824590070913 0.4372502571053418 1.311497594424157
    vertex 7.134588564317415 0.5207529500804819 1.311497594424157
  endloop
endfacet
facet normal 1.79994e-15 -8.91968e-15 1
  outer loop
    vertex 6.409261732759357 -1.026435755851892 1.311497594424155
    vertex 6.451371803852491 -0.8436816418271632 1.311497594424157
    vertex 6.270756219686489 -0.8801287994945757 1.311497594424157
  endloop
endfacet
facet normal 1.10862e-14 5.13823e-15 1
  outer loop
    vertex 6.780587735520135 0.8879909759014032 1.311497594424156
    vertex 6.807918111365555 0.6993803809251349 1.311497594424157
    vertex 6.959920327647003 0.803562581151237 1.311497594424154
  endloop
endfacet
facet normal 1.66384e-15 3.77289e-15 1
  outer loop
    vertex 6.641969194529505 0.7725635906523143 1.311497594424157
    vertex 6.807918111365555 0.6993803809251349 1.311497594424157
    vertex 6.780587735520135 0.8879909759014032 1.311497594424156
  endloop
endfacet
facet normal 4.43577e-15 2.86934e-15 1
  outer loop
    vertex 0.6804313357393983 1.148722278459099 1.311497594424157
    vertex 0.7812617652302746 0.9928466535780356 1.311497594424157
    vertex 0.8786476223294244 1.151836961048374 1.311497594424156
  endloop
endfacet
facet normal 0 0 1
  outer loop
    vertex 7.516932928204302 -0.146411963526057 1.311497594424157
    vertex 7.473635804732162 -7.044266630518159e-05 1.311497594424157
    vertex 7.332686750207464 -0.05939768401752987 1.311497594424157
  endloop
endfacet
facet normal 0 0 1
  outer loop
    vertex 6.462575722457668 0.8253884463548717 1.311497594424157
    vertex 6.525571469996133 0.6410933008073558 1.311497594424157
    vertex 6.641969194529505 0.7725635906523143 1.311497594424157
  endloop
endfacet
facet normal -0 0 1
  outer loop
    vertex 2.96559236345563 1.021217699561378 1.311497594424157
    vertex 3.066914838777652 0.8581584948780281 1.311497594424157
    vertex 3.163111490421232 1.02281124760551 1.311497594424157
  endloop
endfacet
facet normal 0 -0 1
  outer loop
    vertex 5.739389649385322 0.6667397898392602 1.311497594424157
    vertex 5.836782875830425 0.8339945994259998 1.311497594424157
    vertex 5.637804490789648 0.8380966325027772 1.311497594424157
  endloop
endfacet
facet normal 3.20779e-15 -7.30934e-15 1
  outer loop
    vertex 6.623570966166487 -0.7681101311563442 1.311497594424157
    vertex 6.451371803852491 -0.8436816418271632 1.311497594424157
    vertex 6.596764789696481 -0.9621434666814406 1.311497594424155
  endloop
endfacet
facet normal 0 0 1
  outer loop
    vertex 5.234812421549289 -0.8703050241799823 1.311497594424157
    vertex 5.429588964471662 -0.8680619292147602 1.311497594424157
    vertex 5.332663352254035 -0.6998659816177215 1.311497594424157
  endloop
endfacet
facet normal 0 0 1
  outer loop
    vertex 3.561626792557033 0.6888242653575845 1.311497594424157
    vertex 3.461195106401887 0.8574157853698752 1.311497594424157
    vertex 3.364384150588521 0.690099301072155 1.311497594424157
  endloop
endfacet
facet normal -0 0 1
  outer loop
    vertex 0.2847292876248428 0.8100240336715008 1.311497594424157
    vertex 0.396489591499671 0.6596269568493491 1.311497594424157
    vertex 0.4829617623132501 0.8224293718452096 1.311497594424157
  endloop
endfacet
facet normal 0 0 1
  outer loop
    vertex 7.134588564317415 0.5207529500804819 1.311497594424157
    vertex 6.992780266171629 0.450142917917729 1.311497594424157
    vertex 7.133039456471965 0.3145205318563193 1.311497594424157
  endloop
endfacet
facet normal 0 0 1
  outer loop
    vertex 2.96559236345563 1.021217699561378 1.311497594424157
    vertex 2.87070571640529 0.8601340660702606 1.311497594424157
    vertex 3.066914838777652 0.8581584948780281 1.311497594424157
  endloop
endfacet
facet normal 1.88059e-15 -8.93826e-15 1
  outer loop
    vertex 6.596764789696481 -0.9621434666814406 1.311497594424155
    vertex 6.451371803852491 -0.8436816418271632 1.311497594424157
    vertex 6.409261732759357 -1.026435755851892 1.311497594424155
  endloop
endfacet
facet normal 9.50946e-17 1.17995e-14 1
  outer loop
    vertex 6.959920327647003 0.803562581151237 1.311497594424154
    vertex 6.970646493724588 0.6152951784184499 1.311497594424157
    vertex 7.133601573813978 0.7080723719406667 1.311497594424156
  endloop
endfacet
facet normal 3.42834e-15 5.94496e-15 1
  outer loop
    vertex 7.133601573813978 0.7080723719406667 1.311497594424156
    vertex 6.970646493724588 0.6152951784184499 1.311497594424157
    vertex 7.134588564317415 0.5207529500804819 1.311497594424157
  endloop
endfacet
facet normal 0 0 1
  outer loop
    vertex 6.616568804334587 0.4775953607981969 1.311497594424157
    vertex 6.525571469996133 0.6410933008073558 1.311497594424157
    vertex 6.429998991664504 0.4841376693450161 1.311497594424157
  endloop
endfacet
facet normal 0 0 1
  outer loop
    vertex 3.461195106401887 0.8574157853698752 1.311497594424157
    vertex 3.264124675603289 0.8576582925781973 1.311497594424157
    vertex 3.364384150588521 0.690099301072155 1.311497594424157
  endloop
endfacet
facet normal -0 0 1
  outer loop
    vertex 2.766928106505345 1.02047464980569 1.311497594424157
    vertex 2.87070571640529 0.8601340660702606 1.311497594424157
    vertex 2.96559236345563 1.021217699561378 1.311497594424157
  endloop
endfacet
facet normal 0 0 1
  outer loop
    vertex 6.945867157390986 -0.4007787916760484 1.311497594424157
    vertex 7.12097329905609 -0.3435161002448096 1.311497594424157
    vertex 7.023317088049893 -0.2029758721006434 1.311497594424157
  endloop
endfacet
facet normal 0 0 1
  outer loop
    vertex 0.2086502382030447 0.05854955364670444 1.311497594424157
    vertex 0.03162671307734156 0.1013844884952106 1.311497594424157
    vertex 0.06444030509640429 -0.104417072623276 1.311497594424157
  endloop
endfacet
facet normal 1.33537e-15 -6.39574e-15 1
  outer loop
    vertex 5.896626936020481 -0.9779710397614494 1.311497594424157
    vertex 5.714417864602296 -1.01601450713293 1.311497594424157
    vertex 5.831448175687164 -1.165167671625201 1.311497594424156
  endloop
endfacet
facet normal 0 0 1
  outer loop
    vertex 7.219671364030925 -0.2169043949842011 1.311497594424157
    vertex 7.12097329905609 -0.3435161002448096 1.311497594424157
    vertex 7.269093381977915 -0.4033564964455373 1.311497594424157
  endloop
endfacet
facet normal 0 0 1
  outer loop
    vertex 3.364384150588521 0.690099301072155 1.311497594424157
    vertex 3.264124675603289 0.8576582925781973 1.311497594424157
    vertex 3.167569732544657 0.6923738999067299 1.311497594424157
  endloop
endfacet
facet normal 0 -0 1
  outer loop
    vertex 5.63508950672698 -1.192247808173307 1.311497594424157
    vertex 5.714417864602296 -1.01601450713293 1.311497594424157
    vertex 5.528954493150906 -1.032622474658514 1.311497594424157
  endloop
endfacet
facet normal 0 0 1
  outer loop
    vertex 6.258811415699307 0.883639712575975 1.311497594424157
    vertex 6.095331384526541 0.9909602507781214 1.311497594424157
    vertex 6.037813645439226 0.8369943867821601 1.311497594424157
  endloop
endfacet
facet normal 0 0 1
  outer loop
    vertex 0.06444030509640429 -0.104417072623276 1.311497594424157
    vertex 0.03162671307734156 0.1013844884952106 1.311497594424157
    vertex -0.1124338106207139 -2.109423746787797e-15 1.311497594424157
  endloop
endfacet
facet normal -0 0 1
  outer loop
    vertex -0.1124338106207139 0.1893769217262246 1.311497594424157
    vertex 0.03162671307734156 0.1013844884952106 1.311497594424157
    vertex 0.03482368048941149 0.2885248327850447 1.311497594424157
  endloop
endfacet
facet normal 0 0 1
  outer loop
    vertex 0.3118132237746651 0.2181223947281059 1.311497594424157
    vertex 0.1615454991015882 0.2014015852190132 1.311497594424157
    vertex 0.2086502382030447 0.05854955364670444 1.311497594424157
  endloop
endfacet
facet normal 0 -0 1
  outer loop
    vertex 6.037813645439226 0.8369943867821601 1.311497594424157
    vertex 6.095331384526541 0.9909602507781214 1.311497594424157
    vertex 5.926890807905387 0.9933467588984868 1.311497594424157
  endloop
endfacet
facet normal 0 0 1
  outer loop
    vertex 2.766928106505345 1.02047464980569 1.311497594424157
    vertex 2.67191386322739 0.8610339501217485 1.311497594424157
    vertex 2.87070571640529 0.8601340660702606 1.311497594424157
  endloop
endfacet
facet normal 0 0 1
  outer loop
    vertex 1.18433682223517 0.6892497087674925 1.311497594424157
    vertex 1.082300719087113 0.8433122889470701 1.311497594424157
    vertex 0.9855287531375255 0.6856603996648636 1.311497594424157
  endloop
endfacet
facet normal 0 0 1
  outer loop
    vertex 6.270756219686489 -0.8801287994945757 1.311497594424157
    vertex 6.451371803852491 -0.8436816418271632 1.311497594424157
    vertex 6.329082286669461 -0.7028881748363134 1.311497594424157
  endloop
endfacet
facet normal 0 0 1
  outer loop
    vertex 0.500546170958612 0.5207681385646248 1.311497594424157
    vertex 0.3343060551236355 0.5094881577968915 1.311497594424157
    vertex 0.4087714768937999 0.3682859608122622 1.311497594424157
  endloop
endfacet
facet normal 0 0 1
  outer loop
    vertex 5.728857746112552 -0.7068173480553539 1.311497594424157
    vertex 5.77656654975537 -0.8634006612439161 1.311497594424157
    vertex 5.925851362896718 -0.753495187846017 1.311497594424157
  endloop
endfacet
facet normal 0 0 1
  outer loop
    vertex 3.264124675603289 0.8576582925781973 1.311497594424157
    vertex 3.066914838777652 0.8581584948780281 1.311497594424157
    vertex 3.167569732544657 0.6923738999067299 1.311497594424157
  endloop
endfacet
facet normal -0 0 1
  outer loop
    vertex -0.1124338106207139 -0.1893769217262289 1.311497594424157
    vertex 0.01462959587295799 -0.2847572368136014 1.311497594424157
    vertex 0.06444030509640429 -0.104417072623276 1.311497594424157
  endloop
endfacet
facet normal 0 0 1
  outer loop
    vertex 0.06597431741321584 -0.4647478932710492 1.311497594424157
    vertex 0.01462959587295799 -0.2847572368136014 1.311497594424157
    vertex -0.1124338106207139 -0.3787538434524554 1.311497594424157
  endloop
endfacet
facet normal -0 0 1
  outer loop
    vertex 2.568336344794738 1.01954584515374 1.311497594424157
    vertex 2.67191386322739 0.8610339501217485 1.311497594424157
    vertex 2.766928106505345 1.02047464980569 1.311497594424157
  endloop
endfacet
facet normal 0 0 1
  outer loop
    vertex 7.133039456471965 0.3145205318563193 1.311497594424157
    vertex 6.992780266171629 0.450142917917729 1.311497594424157
    vertex 6.921060403269988 0.3059355161928876 1.311497594424157
  endloop
endfacet
facet normal 0 0 1
  outer loop
    vertex 0.7873080507382625 0.6809053366299158 1.311497594424157
    vertex 0.5906446946769029 0.6735786786930649 1.311497594424157
    vertex 0.6923433204529413 0.5248293028768904 1.311497594424157
  endloop
endfacet
facet normal 0 0 1
  outer loop
    vertex 3.167569732544657 0.6923738999067299 1.311497594424157
    vertex 3.066914838777652 0.8581584948780281 1.311497594424157
    vertex 2.970385054235819 0.6947557635460957 1.311497594424157
  endloop
endfacet
facet normal 0 0 1
  outer loop
    vertex 2.568336344794738 1.01954584515374 1.311497594424157
    vertex 2.472783914595332 0.860230172639816 1.311497594424157
    vertex 2.67191386322739 0.8610339501217485 1.311497594424157
  endloop
endfacet
facet normal 0 0 1
  outer loop
    vertex 7.453379692739869 -0.4747558073149375 1.311497594424157
    vertex 7.269093381977915 -0.4033564964455373 1.311497594424157
    vertex 7.299217717390347 -0.5992364664025223 1.311497594424157
  endloop
endfacet
facet normal 0 0 1
  outer loop
    vertex 7.299217717390347 -0.5992364664025223 1.311497594424157
    vertex 7.269093381977915 -0.4033564964455373 1.311497594424157
    vertex 7.12385760436988 -0.5123190535992754 1.311497594424157
  endloop
endfacet
facet normal 0 0 1
  outer loop
    vertex -0.1124338106207139 -0.7575076869049058 1.311497594424157
    vertex 0.02559679826022858 -0.6472500609212917 1.311497594424157
    vertex -0.1124338106207139 -0.5681307651786809 1.311497594424157
  endloop
endfacet
facet normal 0 0 1
  outer loop
    vertex 7.2992176950162 0.5992364432486976 1.311497594424157
    vertex 7.27824590070913 0.4372502571053418 1.311497594424157
    vertex 7.453379661467125 0.4747557802798611 1.311497594424157
  endloop
endfacet
facet normal -4.95895e-15 -1.31366e-14 1
  outer loop
    vertex 6.959920327151768 -0.8035625695216879 1.311497594424156
    vertex 6.792387329610494 -0.7065145810464486 1.311497594424157
    vertex 6.78058773844537 -0.887990971932534 1.311497594424154
  endloop
endfacet
facet normal 0 0 1
  outer loop
    vertex 7.453379661467125 0.4747557802798611 1.311497594424157
    vertex 7.27824590070913 0.4372502571053418 1.311497594424157
    vertex 7.371004126272947 0.276985580061349 1.311497594424157
  endloop
endfacet
facet normal 0 0 1
  outer loop
    vertex 3.066914838777652 0.8581584948780281 1.311497594424157
    vertex 2.87070571640529 0.8601340660702606 1.311497594424157
    vertex 2.970385054235819 0.6947557635460957 1.311497594424157
  endloop
endfacet
facet normal 6.63326e-15 -2.76358e-15 1
  outer loop
    vertex 7.133601571777474 -0.7080723590968269 1.311497594424155
    vertex 6.971636320235744 -0.6147478225219769 1.311497594424157
    vertex 6.959920327151768 -0.8035625695216879 1.311497594424156
  endloop
endfacet
facet normal -0 0 1
  outer loop
    vertex 2.369639726746747 1.01775830799588 1.311497594424157
    vertex 2.472783914595332 0.860230172639816 1.311497594424157
    vertex 2.568336344794738 1.01954584515374 1.311497594424157
  endloop
endfacet
facet normal 0 0 1
  outer loop
    vertex 5.528954493150906 -1.032622474658514 1.311497594424157
    vertex 5.714417864602296 -1.01601450713293 1.311497594424157
    vertex 5.617821526272876 -0.8646773873351891 1.311497594424157
  endloop
endfacet
facet normal -0 0 1
  outer loop
    vertex 7.134588564317415 0.5207529500804819 1.311497594424157
    vertex 7.27824590070913 0.4372502571053418 1.311497594424157
    vertex 7.2992176950162 0.5992364432486976 1.311497594424157
  endloop
endfacet
facet normal 6.27912e-15 1.21518e-14 1
  outer loop
    vertex 6.807918111365555 0.6993803809251349 1.311497594424157
    vertex 6.970646493724588 0.6152951784184499 1.311497594424157
    vertex 6.959920327647003 0.803562581151237 1.311497594424154
  endloop
endfacet
facet normal 0 0 1
  outer loop
    vertex 2.970385054235819 0.6947557635460957 1.311497594424157
    vertex 2.87070571640529 0.8601340660702606 1.311497594424157
    vertex 2.774985405948406 0.7019595766118734 1.311497594424157
  endloop
endfacet
facet normal 0 0 1
  outer loop
    vertex -0.1124338106207139 0.5681307651786772 1.311497594424157
    vertex 0.01476722936071027 0.6479559150364864 1.311497594424157
    vertex -0.1124338106207139 0.7575076869049034 1.311497594424157
  endloop
endfacet
facet normal 6.02828e-15 -2.71353e-15 1
  outer loop
    vertex 5.831448175687164 -1.165167671625201 1.311497594424156
    vertex 5.714417864602296 -1.01601450713293 1.311497594424157
    vertex 5.63508950672698 -1.192247808173307 1.311497594424157
  endloop
endfacet
facet normal 0 0 1
  outer loop
    vertex 2.369639726746747 1.01775830799588 1.311497594424157
    vertex 2.274097710313592 0.8592561144263706 1.311497594424157
    vertex 2.472783914595332 0.860230172639816 1.311497594424157
  endloop
endfacet
facet normal 0 0 1
  outer loop
    vertex 6.420548308552377 -0.5419965212832638 1.311497594424157
    vertex 6.486114977198182 -0.6895463866012431 1.311497594424157
    vertex 6.627233694816489 -0.5720399315097883 1.311497594424157
  endloop
endfacet
facet normal -0 0 1
  outer loop
    vertex 0.03482368048941149 0.2885248327850447 1.311497594424157
    vertex 0.1615454991015882 0.2014015852190132 1.311497594424157
    vertex 0.2102625034387333 0.3830872591845005 1.311497594424157
  endloop
endfacet
facet normal 0 0 1
  outer loop
    vertex 0.3118132237746651 0.2181223947281059 1.311497594424157
    vertex 0.3968777617917162 0.04947493884385001 1.311497594424157
    vertex 0.4985644886156654 0.210819062671765 1.311497594424157
  endloop
endfacet
facet normal 0 0 1
  outer loop
    vertex 2.87070571640529 0.8601340660702606 1.311497594424157
    vertex 2.67191386322739 0.8610339501217485 1.311497594424157
    vertex 2.774985405948406 0.7019595766118734 1.311497594424157
  endloop
endfacet
facet normal 7.49149e-15 2.08056e-15 1
  outer loop
    vertex 7.591877100780816 -0.3331034817385861 1.311497594424155
    vertex 7.397460614280379 -0.2734071561274773 1.311497594424157
    vertex 7.453379692739869 -0.4747558073149375 1.311497594424157
  endloop
endfacet
facet normal -0 0 1
  outer loop
    vertex 2.171600230190391 1.016150266006501 1.311497594424157
    vertex 2.274097710313592 0.8592561144263706 1.311497594424157
    vertex 2.369639726746747 1.01775830799588 1.311497594424157
  endloop
endfacet
facet normal 5.31681e-15 -5.00185e-15 1
  outer loop
    vertex 7.516932928204302 -0.146411963526057 1.311497594424157
    vertex 7.397460614280379 -0.2734071561274773 1.311497594424157
    vertex 7.591877100780816 -0.3331034817385861 1.311497594424155
  endloop
endfacet
facet normal 5.94217e-15 9.05163e-15 1
  outer loop
    vertex 6.218863375647586 1.08158081755101 1.311497594424155
    vertex 6.095331384526541 0.9909602507781214 1.311497594424157
    vertex 6.258811415699307 0.883639712575975 1.311497594424157
  endloop
endfacet
facet normal 2.31196e-16 1.63179e-14 1
  outer loop
    vertex 5.926890807905387 0.9933467588984868 1.311497594424157
    vertex 6.095331384526541 0.9909602507781214 1.311497594424157
    vertex 6.026155636551433 1.128014930245903 1.311497594424154
  endloop
endfacet
facet normal -0 0 1
  outer loop
    vertex 0.3968777617917162 0.04947493884385001 1.311497594424157
    vertex 0.5910066485416331 0.04384677273815529 1.311497594424157
    vertex 0.4985644886156654 0.210819062671765 1.311497594424157
  endloop
endfacet
facet normal 0 0 1
  outer loop
    vertex 2.774985405948406 0.7019595766118734 1.311497594424157
    vertex 2.67191386322739 0.8610339501217485 1.311497594424157
    vertex 2.575760781909434 0.7018129951511407 1.311497594424157
  endloop
endfacet
facet normal 0 0 1
  outer loop
    vertex 2.171600230190391 1.016150266006501 1.311497594424157
    vertex 2.075822289406472 0.8585979396931178 1.311497594424157
    vertex 2.274097710313592 0.8592561144263706 1.311497594424157
  endloop
endfacet
facet normal 1.4715e-15 1.08783e-14 1
  outer loop
    vertex 7.591877065453586 0.333103459155577 1.311497594424155
    vertex 7.52925383284551 0.1578688007284355 1.311497594424157
    vertex 7.71016030710616 0.1742212136443287 1.311497594424156
  endloop
endfacet
facet normal 0 0 1
  outer loop
    vertex 2.67191386322739 0.8610339501217485 1.311497594424157
    vertex 2.472783914595332 0.860230172639816 1.311497594424157
    vertex 2.575760781909434 0.7018129951511407 1.311497594424157
  endloop
endfacet
facet normal -0 0 1
  outer loop
    vertex 1.972789016982136 1.013321737829208 1.311497594424157
    vertex 2.075822289406472 0.8585979396931178 1.311497594424157
    vertex 2.171600230190391 1.016150266006501 1.311497594424157
  endloop
endfacet
facet normal 0 0 1
  outer loop
    vertex 0.4985644886156654 0.210819062671765 1.311497594424157
    vertex 0.5910066485416331 0.04384677273815529 1.311497594424157
    vertex 0.6920374849891255 0.2067551141692727 1.311497594424157
  endloop
endfacet
facet normal 6.76445e-15 8.98675e-15 1
  outer loop
    vertex 7.371004126272947 0.276985580061349 1.311497594424157
    vertex 7.52925383284551 0.1578688007284355 1.311497594424157
    vertex 7.591877065453586 0.333103459155577 1.311497594424155
  endloop
endfacet
facet normal -0 0 1
  outer loop
    vertex 0.5805309569019635 0.9869509788874631 1.311497594424157
    vertex 0.6842192720986805 0.832912965392399 1.311497594424157
    vertex 0.7812617652302746 0.9928466535780356 1.311497594424157
  endloop
endfacet
facet normal 0 0 1
  outer loop
    vertex 1.972789016982136 1.013321737829208 1.311497594424157
    vertex 1.877075282488786 0.8561173739429917 1.311497594424157
    vertex 2.075822289406472 0.8585979396931178 1.311497594424157
  endloop
endfacet
facet normal 0 0 1
  outer loop
    vertex 2.575760781909434 0.7018129951511407 1.311497594424157
    vertex 2.472783914595332 0.860230172639816 1.311497594424157
    vertex 2.376719149857006 0.7014774205456356 1.311497594424157
  endloop
endfacet
facet normal 4.43119e-15 -6.58528e-15 1
  outer loop
    vertex 7.12385760436988 -0.5123190535992754 1.311497594424157
    vertex 6.971636320235744 -0.6147478225219769 1.311497594424157
    vertex 7.133601571777474 -0.7080723590968269 1.311497594424155
  endloop
endfacet
facet normal 0 0 1
  outer loop
    vertex 0.5805309569019635 0.9869509788874631 1.311497594424157
    vertex 0.7812617652302746 0.9928466535780356 1.311497594424157
    vertex 0.6804313357393983 1.148722278459099 1.311497594424157
  endloop
endfacet
facet normal 0 0 1
  outer loop
    vertex 0.2102625034387333 0.3830872591845005 1.311497594424157
    vertex 0.1615454991015882 0.2014015852190132 1.311497594424157
    vertex 0.3118132237746651 0.2181223947281059 1.311497594424157
  endloop
endfacet
facet normal 0 0 1
  outer loop
    vertex 5.939402108431771 0.6666047302621363 1.311497594424157
    vertex 5.836782875830425 0.8339945994259998 1.311497594424157
    vertex 5.739389649385322 0.6667397898392602 1.311497594424157
  endloop
endfacet
facet normal 0 0 1
  outer loop
    vertex 0.4829617623132501 0.8224293718452096 1.311497594424157
    vertex 0.6842192720986805 0.832912965392399 1.311497594424157
    vertex 0.5805309569019635 0.9869509788874631 1.311497594424157
  endloop
endfacet
facet normal -0 0 1
  outer loop
    vertex 1.774273940059816 1.010394952154569 1.311497594424157
    vertex 1.877075282488786 0.8561173739429917 1.311497594424157
    vertex 1.972789016982136 1.013321737829208 1.311497594424157
  endloop
endfacet
facet normal 0 0 1
  outer loop
    vertex 2.472783914595332 0.860230172639816 1.311497594424157
    vertex 2.274097710313592 0.8592561144263706 1.311497594424157
    vertex 2.376719149857006 0.7014774205456356 1.311497594424157
  endloop
endfacet
facet normal 0 0 1
  outer loop
    vertex 0.03795661191865281 0.4804034710742255 1.311497594424157
    vertex 0.01476722936071027 0.6479559150364864 1.311497594424157
    vertex -0.1124338106207139 0.5681307651786772 1.311497594424157
  endloop
endfacet
facet normal 0 0 1
  outer loop
    vertex 1.575874361993859 1.007452467932895 1.311497594424157
    vertex 1.479893591478084 0.8503649532600901 1.311497594424157
    vertex 1.678366044330255 0.8530293259233448 1.311497594424157
  endloop
endfacet
facet normal 0 0 1
  outer loop
    vertex 1.774273940059816 1.010394952154569 1.311497594424157
    vertex 1.678366044330255 0.8530293259233448 1.311497594424157
    vertex 1.877075282488786 0.8561173739429917 1.311497594424157
  endloop
endfacet
facet normal 0 0 1
  outer loop
    vertex 2.376719149857006 0.7014774205456356 1.311497594424157
    vertex 2.274097710313592 0.8592561144263706 1.311497594424157
    vertex 2.177890983826887 0.7009878989907676 1.311497594424157
  endloop
endfacet
facet normal -0 0 1
  outer loop
    vertex -0.1124338106207139 -0.5681307651786809 1.311497594424157
    vertex 0.02559679826022858 -0.6472500609212917 1.311497594424157
    vertex 0.06597431741321584 -0.4647478932710492 1.311497594424157
  endloop
endfacet
facet normal -0 0 1
  outer loop
    vertex 1.575874361993859 1.007452467932895 1.311497594424157
    vertex 1.678366044330255 0.8530293259233448 1.311497594424157
    vertex 1.774273940059816 1.010394952154569 1.311497594424157
  endloop
endfacet
facet normal 0 0 1
  outer loop
    vertex 0.1927538794659011 0.6159682108087849 1.311497594424157
    vertex 0.396489591499671 0.6596269568493491 1.311497594424157
    vertex 0.2847292876248428 0.8100240336715008 1.311497594424157
  endloop
endfacet
facet normal -0 0 1
  outer loop
    vertex 1.17891507246557 1.001075271882938 1.311497594424157
    vertex 1.280988519472002 0.846680561788179 1.311497594424157
    vertex 1.377387015476829 1.004260786142138 1.311497594424157
  endloop
endfacet
facet normal 0 0 1
  outer loop
    vertex 2.274097710313592 0.8592561144263706 1.311497594424157
    vertex 2.075822289406472 0.8585979396931178 1.311497594424157
    vertex 2.177890983826887 0.7009878989907676 1.311497594424157
  endloop
endfacet
facet normal 6.5633e-15 1.00541e-14 1
  outer loop
    vertex 0.8786476223294244 1.151836961048374 1.311497594424156
    vertex 0.9802464735915829 0.9971734566254755 1.311497594424157
    vertex 1.076863908919463 1.15495164363765 1.311497594424154
  endloop
endfacet
facet normal 2.32622e-15 1.42252e-15 1
  outer loop
    vertex 7.71016030710616 0.1742212136443287 1.311497594424156
    vertex 7.52925383284551 0.1578688007284355 1.311497594424157
    vertex 7.624271089199406 0.002489402749191516 1.311497594424157
  endloop
endfacet
facet normal -0 0 1
  outer loop
    vertex 1.377387015476829 1.004260786142138 1.311497594424157
    vertex 1.479893591478084 0.8503649532600901 1.311497594424157
    vertex 1.575874361993859 1.007452467932895 1.311497594424157
  endloop
endfacet
facet normal 0 0 1
  outer loop
    vertex 0.396489591499671 0.6596269568493491 1.311497594424157
    vertex 0.3343060551236355 0.5094881577968915 1.311497594424157
    vertex 0.500546170958612 0.5207681385646248 1.311497594424157
  endloop
endfacet
facet normal 0 0 1
  outer loop
    vertex 2.177890983826887 0.7009878989907676 1.311497594424157
    vertex 2.075822289406472 0.8585979396931178 1.311497594424157
    vertex 1.979196608160488 0.6998613883140046 1.311497594424157
  endloop
endfacet
facet normal -2.7976e-16 1.42445e-14 1
  outer loop
    vertex 1.076863908919463 1.15495164363765 1.311497594424154
    vertex 0.9802464735915829 0.9971734566254755 1.311497594424157
    vertex 1.17891507246557 1.001075271882938 1.311497594424157
  endloop
endfacet
facet normal 0 0 1
  outer loop
    vertex 0.6842192720986805 0.832912965392399 1.311497594424157
    vertex 0.5906446946769029 0.6735786786930649 1.311497594424157
    vertex 0.7873080507382625 0.6809053366299158 1.311497594424157
  endloop
endfacet
facet normal 5.03008e-15 -1.37861e-14 1
  outer loop
    vertex 6.78058773844537 -0.887990971932534 1.311497594424154
    vertex 6.792387329610494 -0.7065145810464486 1.311497594424157
    vertex 6.623570966166487 -0.7681101311563442 1.311497594424157
  endloop
endfacet
facet normal 0 0 1
  outer loop
    vertex 0.1971430490659806 -0.6293451457996679 1.311497594424157
    vertex 0.02559679826022858 -0.6472500609212917 1.311497594424157
    vertex 0.07338327111972782 -0.8228539462625366 1.311497594424157
  endloop
endfacet
facet normal 0 0 1
  outer loop
    vertex 0.07076587729506255 0.821191682048543 1.311497594424157
    vertex 0.01476722936071027 0.6479559150364864 1.311497594424157
    vertex 0.1927538794659011 0.6159682108087849 1.311497594424157
  endloop
endfacet
facet normal 0 0 1
  outer loop
    vertex 0.03162671307734156 0.1013844884952106 1.311497594424157
    vertex 0.1615454991015882 0.2014015852190132 1.311497594424157
    vertex 0.03482368048941149 0.2885248327850447 1.311497594424157
  endloop
endfacet
facet normal 0 0 1
  outer loop
    vertex 5.896626936020481 -0.9779710397614494 1.311497594424157
    vertex 5.77656654975537 -0.8634006612439161 1.311497594424157
    vertex 5.714417864602296 -1.01601450713293 1.311497594424157
  endloop
endfacet
facet normal 0 0 1
  outer loop
    vertex 2.075822289406472 0.8585979396931178 1.311497594424157
    vertex 1.877075282488786 0.8561173739429917 1.311497594424157
    vertex 1.979196608160488 0.6998613883140046 1.311497594424157
  endloop
endfacet
facet normal 0 -0 1
  outer loop
    vertex 6.429998991664504 0.4841376693450161 1.311497594424157
    vertex 6.525571469996133 0.6410933008073558 1.311497594424157
    vertex 6.34307573224655 0.6664548265512289 1.311497594424157
  endloop
endfacet
facet normal 0 0 1
  outer loop
    vertex 1.979196608160488 0.6998613883140046 1.311497594424157
    vertex 1.877075282488786 0.8561173739429917 1.311497594424157
    vertex 1.780615076630213 0.6977599091191886 1.311497594424157
  endloop
endfacet
facet normal 0 0 1
  outer loop
    vertex 1.678366044330255 0.8530293259233448 1.311497594424157
    vertex 1.479893591478084 0.8503649532600901 1.311497594424157
    vertex 1.581914183181977 0.6947517669321621 1.311497594424157
  endloop
endfacet
facet normal 0 0 1
  outer loop
    vertex 7.453379692739869 -0.4747558073149375 1.311497594424157
    vertex 7.397460614280379 -0.2734071561274773 1.311497594424157
    vertex 7.269093381977915 -0.4033564964455373 1.311497594424157
  endloop
endfacet
facet normal 0 0 1
  outer loop
    vertex -0.1124338106207139 -2.109423746787797e-15 1.311497594424157
    vertex 0.03162671307734156 0.1013844884952106 1.311497594424157
    vertex -0.1124338106207139 0.1893769217262246 1.311497594424157
  endloop
endfacet
facet normal 0 0 1
  outer loop
    vertex 1.877075282488786 0.8561173739429917 1.311497594424157
    vertex 1.678366044330255 0.8530293259233448 1.311497594424157
    vertex 1.780615076630213 0.6977599091191886 1.311497594424157
  endloop
endfacet
facet normal 0 0 1
  outer loop
    vertex 7.023317088049893 -0.2029758721006434 1.311497594424157
    vertex 7.12097329905609 -0.3435161002448096 1.311497594424157
    vertex 7.219671364030925 -0.2169043949842011 1.311497594424157
  endloop
endfacet
facet normal 0 0 1
  outer loop
    vertex 1.377387015476829 1.004260786142138 1.311497594424157
    vertex 1.280988519472002 0.846680561788179 1.311497594424157
    vertex 1.479893591478084 0.8503649532600901 1.311497594424157
  endloop
endfacet
facet normal 0 0 1
  outer loop
    vertex 1.780615076630213 0.6977599091191886 1.311497594424157
    vertex 1.678366044330255 0.8530293259233448 1.311497594424157
    vertex 1.581914183181977 0.6947517669321621 1.311497594424157
  endloop
endfacet
facet normal 0 0 1
  outer loop
    vertex 1.581914183181977 0.6947517669321621 1.311497594424157
    vertex 1.479893591478084 0.8503649532600901 1.311497594424157
    vertex 1.38309789608925 0.6918203617293472 1.311497594424157
  endloop
endfacet
facet normal 0 0 1
  outer loop
    vertex 1.38309789608925 0.6918203617293472 1.311497594424157
    vertex 1.280988519472002 0.846680561788179 1.311497594424157
    vertex 1.18433682223517 0.6892497087674925 1.311497594424157
  endloop
endfacet
facet normal 0 -0 1
  outer loop
    vertex 0.9855287531375255 0.6856603996648636 1.311497594424157
    vertex 1.082300719087113 0.8433122889470701 1.311497594424157
    vertex 0.8834897535176521 0.8390179206587851 1.311497594424157
  endloop
endfacet
facet normal 0 -0 1
  outer loop
    vertex 5.714417864602296 -1.01601450713293 1.311497594424157
    vertex 5.77656654975537 -0.8634006612439161 1.311497594424157
    vertex 5.617821526272876 -0.8646773873351891 1.311497594424157
  endloop
endfacet
facet normal 0 0 1
  outer loop
    vertex -0.1124338106207139 -0.3787538434524554 1.311497594424157
    vertex 0.01462959587295799 -0.2847572368136014 1.311497594424157
    vertex -0.1124338106207139 -0.1893769217262289 1.311497594424157
  endloop
endfacet
facet normal 0 -0 1
  outer loop
    vertex 6.616568804334587 0.4775953607981969 1.311497594424157
    vertex 6.678397338879549 0.6193849635774016 1.311497594424157
    vertex 6.525571469996133 0.6410933008073558 1.311497594424157
  endloop
endfacet
facet normal 0 0 1
  outer loop
    vertex 0.1936796223634882 -0.9779549919776274 1.311497594424157
    vertex 0.03493876705159411 -0.9934321265618506 1.311497594424157
    vertex 0.08578247623866982 -1.139378230694133 1.311497594424157
  endloop
endfacet
facet normal 0 0 1
  outer loop
    vertex 0.08578247596931407 1.139378230691275 1.311497594424157
    vertex 0.03493876688991797 0.993432126655019 1.311497594424157
    vertex 0.1938636928695365 0.9767960631381059 1.311497594424157
  endloop
endfacet
facet normal 0 -0 1
  outer loop
    vertex 7.332686750207464 -0.05939768401752987 1.311497594424157
    vertex 7.386213472497238 0.1001087214143517 1.311497594424157
    vertex 7.227931807353563 0.1246245588485166 1.311497594424157
  endloop
endfacet
facet normal 0 0 1
  outer loop
    vertex 1.479893591478084 0.8503649532600901 1.311497594424157
    vertex 1.280988519472002 0.846680561788179 1.311497594424157
    vertex 1.38309789608925 0.6918203617293472 1.311497594424157
  endloop
endfacet
facet normal 0 0 1
  outer loop
    vertex 0.6923433204529413 0.5248293028768904 1.311497594424157
    vertex 0.5906446946769029 0.6735786786930649 1.311497594424157
    vertex 0.500546170958612 0.5207681385646248 1.311497594424157
  endloop
endfacet
facet normal 0 0 1
  outer loop
    vertex 7.269093381977915 -0.4033564964455373 1.311497594424157
    vertex 7.12097329905609 -0.3435161002448096 1.311497594424157
    vertex 7.12385760436988 -0.5123190535992754 1.311497594424157
  endloop
endfacet
facet normal 0 0 1
  outer loop
    vertex 5.617821526272876 -0.8646773873351891 1.311497594424157
    vertex 5.77656654975537 -0.8634006612439161 1.311497594424157
    vertex 5.728857746112552 -0.7068173480553539 1.311497594424157
  endloop
endfacet
facet normal 0 -0 1
  outer loop
    vertex 6.921060403269988 0.3059355161928876 1.311497594424157
    vertex 6.992780266171629 0.450142917917729 1.311497594424157
    vertex 6.815987577892547 0.4974849958500014 1.311497594424157
  endloop
endfacet
facet normal 0 0 1
  outer loop
    vertex 7.52925383284551 0.1578688007284355 1.311497594424157
    vertex 7.473635804732162 -7.044266630518159e-05 1.311497594424157
    vertex 7.624271089199406 0.002489402749191516 1.311497594424157
  endloop
endfacet
facet normal 0 0 1
  outer loop
    vertex 6.329082286669461 -0.7028881748363134 1.311497594424157
    vertex 6.486114977198182 -0.6895463866012431 1.311497594424157
    vertex 6.420548308552377 -0.5419965212832638 1.311497594424157
  endloop
endfacet
facet normal -0 0 1
  outer loop
    vertex 6.815987577892547 0.4974849958500014 1.311497594424157
    vertex 6.992780266171629 0.450142917917729 1.311497594424157
    vertex 6.970646493724588 0.6152951784184499 1.311497594424157
  endloop
endfacet
facet normal 5.08966e-16 1.64581e-14 1
  outer loop
    vertex 6.026155636551433 1.128014930245903 1.311497594424154
    vertex 6.095331384526541 0.9909602507781214 1.311497594424157
    vertex 6.218863375647586 1.08158081755101 1.311497594424155
  endloop
endfacet
facet normal 0 0 1
  outer loop
    vertex 0.4087714768937999 0.3682859608122622 1.311497594424157
    vertex 0.3343060551236355 0.5094881577968915 1.311497594424157
    vertex 0.2102625034387333 0.3830872591845005 1.311497594424157
  endloop
endfacet
facet normal 0 0 1
  outer loop
    vertex 7.371004126272947 0.276985580061349 1.311497594424157
    vertex 7.386213472497238 0.1001087214143517 1.311497594424157
    vertex 7.52925383284551 0.1578688007284355 1.311497594424157
  endloop
endfacet
facet normal 0 -0 1
  outer loop
    vertex 6.451371803852491 -0.8436816418271632 1.311497594424157
    vertex 6.486114977198182 -0.6895463866012431 1.311497594424157
    vertex 6.329082286669461 -0.7028881748363134 1.311497594424157
  endloop
endfacet
facet normal 0 0 1
  outer loop
    vertex 6.623570966166487 -0.7681101311563442 1.311497594424157
    vertex 6.486114977198182 -0.6895463866012431 1.311497594424157
    vertex 6.451371803852491 -0.8436816418271632 1.311497594424157
  endloop
endfacet
facet normal 0 0 1
  outer loop
    vertex 6.970646493724588 0.6152951784184499 1.311497594424157
    vertex 6.992780266171629 0.450142917917729 1.311497594424157
    vertex 7.134588564317415 0.5207529500804819 1.311497594424157
  endloop
endfacet
facet normal -0 0 1
  outer loop
    vertex 0.4829617623132501 0.8224293718452096 1.311497594424157
    vertex 0.5906446946769029 0.6735786786930649 1.311497594424157
    vertex 0.6842192720986805 0.832912965392399 1.311497594424157
  endloop
endfacet
facet normal 0 0 1
  outer loop
    vertex 1.17891507246557 1.001075271882938 1.311497594424157
    vertex 0.9802464735915829 0.9971734566254755 1.311497594424157
    vertex 1.082300719087113 0.8433122889470701 1.311497594424157
  endloop
endfacet
facet normal 0 0 1
  outer loop
    vertex 0.2086502382030447 0.05854955364670444 1.311497594424157
    vertex 0.1615454991015882 0.2014015852190132 1.311497594424157
    vertex 0.03162671307734156 0.1013844884952106 1.311497594424157
  endloop
endfacet
facet normal -0 0 1
  outer loop
    vertex 7.386213472497238 0.1001087214143517 1.311497594424157
    vertex 7.473635804732162 -7.044266630518159e-05 1.311497594424157
    vertex 7.52925383284551 0.1578688007284355 1.311497594424157
  endloop
endfacet
facet normal -0 0 1
  outer loop
    vertex 0.1927538794659011 0.6159682108087849 1.311497594424157
    vertex 0.3343060551236355 0.5094881577968915 1.311497594424157
    vertex 0.396489591499671 0.6596269568493491 1.311497594424157
  endloop
endfacet
facet normal 0 0 1
  outer loop
    vertex 7.624271089199406 0.002489402749191516 1.311497594424157
    vertex 7.473635804732162 -7.044266630518159e-05 1.311497594424157
    vertex 7.516932928204302 -0.146411963526057 1.311497594424157
  endloop
endfacet
facet normal 0 0 1
  outer loop
    vertex 6.641969194529505 0.7725635906523143 1.311497594424157
    vertex 6.678397338879549 0.6193849635774016 1.311497594424157
    vertex 6.807918111365555 0.6993803809251349 1.311497594424157
  endloop
endfacet
facet normal -0 0 1
  outer loop
    vertex 6.525571469996133 0.6410933008073558 1.311497594424157
    vertex 6.678397338879549 0.6193849635774016 1.311497594424157
    vertex 6.641969194529505 0.7725635906523143 1.311497594424157
  endloop
endfacet
facet normal 0 0 1
  outer loop
    vertex 1.082300719087113 0.8433122889470701 1.311497594424157
    vertex 0.9802464735915829 0.9971734566254755 1.311497594424157
    vertex 0.8834897535176521 0.8390179206587851 1.311497594424157
  endloop
endfacet
facet normal 0 0 1
  outer loop
    vertex 7.332686750207464 -0.05939768401752987 1.311497594424157
    vertex 7.473635804732162 -7.044266630518159e-05 1.311497594424157
    vertex 7.386213472497238 0.1001087214143517 1.311497594424157
  endloop
endfacet
facet normal 0.546223 0.472883 -0.691391
  outer loop
    vertex 7.591877065453586 0.333103459155577 1.311497594424155
    vertex 7.562864936876764 0.1697972782035138 1.176882380665004
    vertex 7.440003307144926 0.3231448100294857 1.184700745181595
  endloop
endfacet
facet normal 0.498242 0.529952 -0.686225
  outer loop
    vertex 7.440003307144926 0.3231448100294857 1.184700745181595
    vertex 7.274420733872762 0.4601355341105817 1.17027149511101
    vertex 7.453379661467125 0.4747557802798611 1.311497594424157
  endloop
endfacet
facet normal 0.614347 0.513072 -0.599446
  outer loop
    vertex 7.339748114653773 0 0.8353207332230479
    vertex 7.317445265991454 0.1744073370616545 0.9617404671278302
    vertex 7.455904841812879 0 0.954364948523323
  endloop
endfacet
facet normal 0.00958127 0.990279 -0.138766
  outer loop
    vertex 4.730859427789577 1.159649016820886 0.949203506914559
    vertex 4.537086500581521 1.159468831466604 0.9345383379271746
    vertex 4.54597319130002 1.188359061098992 1.141322109324469
  endloop
endfacet
facet normal -0.00378577 0.995206 -0.0977268
  outer loop
    vertex 1.477776211197586 1.102663117678422 0.6463501935503959
    vertex 1.471896938323809 1.086864276579033 0.4856896087409569
    vertex 1.284302227169994 1.088126645629533 0.5058121202571766
  endloop
endfacet
facet normal -0.00968092 0.987567 -0.156898
  outer loop
    vertex 4.54597319130002 1.188359061098992 1.141322109324469
    vertex 4.760213480873336 1.190535872729658 1.14180461607972
    vertex 4.730859427789577 1.159649016820886 0.949203506914559
  endloop
endfacet
facet normal 0.568846 0.518242 -0.638623
  outer loop
    vertex 7.483437441235321 0.1130797818591483 1.060106959198109
    vertex 7.394678101471329 0.241259232084347 1.08506317974593
    vertex 7.562864936876764 0.1697972782035138 1.176882380665004
  endloop
endfacet
facet normal 0.0330499 0.986045 -0.163166
  outer loop
    vertex 4.760213480873336 1.190535872729658 1.14180461607972
    vertex 4.920349862664199 1.155004030219383 0.9595149106126072
    vertex 4.730859427789577 1.159649016820886 0.949203506914559
  endloop
endfacet
facet normal 0.00281505 0.981986 -0.188935
  outer loop
    vertex 4.95738702492877 1.190870960547197 1.146484015781643
    vertex 4.920349862664199 1.155004030219383 0.9595149106126072
    vertex 4.760213480873336 1.190535872729658 1.14180461607972
  endloop
endfacet
facet normal -0.0066418 0.997282 -0.0733758
  outer loop
    vertex 0.261873597160532 1.101847159755152 0.7524539638789236
    vertex 0.2916119831001931 1.083890736154986 0.5057084686396266
    vertex 0.1119839241961563 1.092682381832149 0.6414590952774514
  endloop
endfacet
facet normal 0.568815 0.489433 -0.660988
  outer loop
    vertex 7.562864936876764 0.1697972782035138 1.176882380665004
    vertex 7.394678101471329 0.241259232084347 1.08506317974593
    vertex 7.440003307144926 0.3231448100294857 1.184700745181595
  endloop
endfacet
facet normal 0.423735 0.644799 -0.636147
  outer loop
    vertex 7.2992176950162 0.5992364432486976 1.311497594424157
    vertex 7.110964175857852 0.5565516481457404 1.142837592095141
    vertex 7.133601573813978 0.7080723719406667 1.311497594424156
  endloop
endfacet
facet normal -0.00333456 0.994384 -0.105776
  outer loop
    vertex 1.859507344362133 1.10422525735966 0.636671782936149
    vertex 1.833651062318814 1.086156929426447 0.467628831273642
    vertex 1.637787899885909 1.0889772241139 0.5003166075683572
  endloop
endfacet
facet normal -0.00669581 0.994928 -0.100371
  outer loop
    vertex 1.637787899885909 1.0889772241139 0.5003166075683572
    vertex 1.6715288116428 1.105684565304648 0.6636773432074341
    vertex 1.859507344362133 1.10422525735966 0.636671782936149
  endloop
endfacet
facet normal 0.422937 0.648622 -0.632783
  outer loop
    vertex 6.970833632828487 0.5338945602096423 1.024837393149587
    vertex 6.793712887644003 0.6348814487668747 1.009968954678182
    vertex 6.974150447254959 0.6742818704063619 1.170955759160872
  endloop
endfacet
facet normal -0.00771211 0.997265 -0.0735035
  outer loop
    vertex 0.261873597160532 1.101847159755152 0.7524539638789236
    vertex 0.4085737741596526 1.095440083121962 0.6501333794188795
    vertex 0.2916119831001931 1.083890736154986 0.5057084686396266
  endloop
endfacet
facet normal 0.388679 0.694399 -0.605589
  outer loop
    vertex 6.793712887644003 0.6348814487668747 1.009968954678182
    vertex 6.81720635500572 0.7621731416647717 1.171006566149953
    vertex 6.974150447254959 0.6742818704063619 1.170955759160872
  endloop
endfacet
facet normal 0.110463 0.948599 -0.296576
  outer loop
    vertex 5.334235560070709 1.17266443804861 1.142831845241516
    vertex 5.332703888628891 1.119332264975601 0.97167810236199
    vertex 5.132820321654744 1.145269918349333 0.9801912670373114
  endloop
endfacet
facet normal -0.0070427 0.995615 -0.0932853
  outer loop
    vertex 1.284302227169994 1.088126645629533 0.5058121202571766
    vertex 1.280310363614767 1.103146139564031 0.6664133271223627
    vertex 1.477776211197586 1.102663117678422 0.6463501935503959
  endloop
endfacet
facet normal 0.0608784 0.969198 -0.23864
  outer loop
    vertex 5.132820321654744 1.145269918349333 0.9801912670373114
    vertex 5.140222558521095 1.188157788572702 1.156261781141128
    vertex 5.334235560070709 1.17266443804861 1.142831845241516
  endloop
endfacet
facet normal 0.357319 0.735712 -0.575371
  outer loop
    vertex 6.374559072891581 0.8065394993091198 0.9522346125225505
    vertex 6.501427785175008 0.8184992520363372 1.046315626497512
    vertex 6.58107018877941 0.7257719850052307 0.9772074398744448
  endloop
endfacet
facet normal 0.571598 0.481869 -0.664137
  outer loop
    vertex 7.317445265991454 0.1744073370616545 0.9617404671278302
    vertex 7.483437441235321 0.1130797818591483 1.060106959198109
    vertex 7.455904841812879 0 0.954364948523323
  endloop
endfacet
facet normal 0.304733 0.777866 -0.549602
  outer loop
    vertex 6.210764712153068 0.9337566937628885 1.041470712648522
    vertex 6.368807198787703 0.8914618226810092 1.069238067335927
    vertex 6.374559072891581 0.8065394993091198 0.9522346125225505
  endloop
endfacet
facet normal 0.459829 0.590965 -0.66281
  outer loop
    vertex 7.274420733872762 0.4601355341105817 1.17027149511101
    vertex 7.110964175857852 0.5565516481457404 1.142837592095141
    vertex 7.2992176950162 0.5992364432486976 1.311497594424157
  endloop
endfacet
facet normal 0.514454 0.552776 -0.655573
  outer loop
    vertex 7.281855483167234 0.32713283131018 1.063958640790185
    vertex 7.274420733872762 0.4601355341105817 1.17027149511101
    vertex 7.440003307144926 0.3231448100294857 1.184700745181595
  endloop
endfacet
facet normal 0.0642786 0.977629 -0.200275
  outer loop
    vertex 5.132820321654744 1.145269918349333 0.9801912670373114
    vertex 4.920349862664199 1.155004030219383 0.9595149106126072
    vertex 4.95738702492877 1.190870960547197 1.146484015781643
  endloop
endfacet
facet normal 0.355987 0.729707 -0.583782
  outer loop
    vertex 6.463065323089296 0.6597554722774661 0.8227304937742426
    vertex 6.374559072891581 0.8065394993091198 0.9522346125225505
    vertex 6.58107018877941 0.7257719850052307 0.9772074398744448
  endloop
endfacet
facet normal 0.329925 0.788681 -0.51878
  outer loop
    vertex 6.188420877924702 0.856811013304154 0.91028339370714
    vertex 6.210764712153068 0.9337566937628885 1.041470712648522
    vertex 6.374559072891581 0.8065394993091198 0.9522346125225505
  endloop
endfacet
facet normal 0.59885 0.518809 -0.610095
  outer loop
    vertex 7.203366377055115 0.1312879463349937 0.8130966327335648
    vertex 7.317445265991454 0.1744073370616545 0.9617404671278302
    vertex 7.339748114653773 0 0.8353207332230479
  endloop
endfacet
facet normal 0.027118 0.970972 -0.237653
  outer loop
    vertex 4.95738702492877 1.190870960547197 1.146484015781643
    vertex 5.140222558521095 1.188157788572702 1.156261781141128
    vertex 5.132820321654744 1.145269918349333 0.9801912670373114
  endloop
endfacet
facet normal 0.597013 0.444459 -0.667856
  outer loop
    vertex 7.71016030710616 0.1742212136443287 1.311497594424156
    vertex 7.562864936876764 0.1697972782035138 1.176882380665004
    vertex 7.591877065453586 0.333103459155577 1.311497594424155
  endloop
endfacet
facet normal -0.00638009 0.993698 -0.111907
  outer loop
    vertex 2.29676637173163 1.108800370600329 0.6533425403047504
    vertex 2.212895210963275 1.089501827404341 0.4867594909106947
    vertex 2.089446391786912 1.1073031525854 0.6518675384992045
  endloop
endfacet
facet normal -0.00333096 0.993964 -0.109656
  outer loop
    vertex 2.089446391786912 1.1073031525854 0.6518675384992045
    vertex 2.212895210963275 1.089501827404341 0.4867594909106947
    vertex 2.009345056770819 1.087946339238921 0.4788430737935264
  endloop
endfacet
facet normal 0.472411 0.585053 -0.659197
  outer loop
    vertex 7.453379661467125 0.4747557802798611 1.311497594424157
    vertex 7.274420733872762 0.4601355341105817 1.17027149511101
    vertex 7.2992176950162 0.5992364432486976 1.311497594424157
  endloop
endfacet
facet normal -0.0140494 0.997311 -0.0719246
  outer loop
    vertex 0.2724407177959472 1.116582431149898 0.9539842312311574
    vertex 0.1963258317978623 1.12944348454342 1.147184279375794
    vertex 0.3782046167085513 1.131670325171374 1.142534540664266
  endloop
endfacet
facet normal 0.406809 0.683318 -0.606286
  outer loop
    vertex 6.352187057288893 0.5919145926811971 0.6718722208218326
    vertex 6.463065323089296 0.6597554722774661 0.8227304937742426
    vertex 6.528665872453748 0.5117482457593561 0.6999349790723246
  endloop
endfacet
facet normal 0.667481 0.360958 -0.65129
  outer loop
    vertex 7.688218296131093 0 1.192453379123872
    vertex 7.71016030710616 0.1742212136443287 1.311497594424156
    vertex 7.80437502329019 0 1.311497594424157
  endloop
endfacet
facet normal -0.00313299 0.993106 -0.117179
  outer loop
    vertex 2.410458736690294 1.090468697516881 0.489634125817289
    vertex 2.497467683476334 1.11020540305386 0.6545786699006829
    vertex 2.607258833794463 1.091415741960847 0.492398637332484
  endloop
endfacet
facet normal -0.00608594 0.992858 -0.119149
  outer loop
    vertex 2.607258833794463 1.091415741960847 0.492398637332484
    vertex 2.497467683476334 1.11020540305386 0.6545786699006829
    vertex 2.694824608929785 1.111562249602763 0.6558044708713097
  endloop
endfacet
facet normal 0.389109 0.690588 -0.609657
  outer loop
    vertex 6.65595312128756 0.5727147928254648 0.8516255755153324
    vertex 6.58107018877941 0.7257719850052307 0.9772074398744448
    vertex 6.793712887644003 0.6348814487668747 1.009968954678182
  endloop
endfacet
facet normal 0.144402 0.944349 -0.295555
  outer loop
    vertex 5.503563127163954 1.100454563069782 0.9948385457428122
    vertex 5.332703888628891 1.119332264975601 0.97167810236199
    vertex 5.334235560070709 1.17266443804861 1.142831845241516
  endloop
endfacet
facet normal 0.208594 0.869109 -0.448485
  outer loop
    vertex 5.817103419674366 0.9734848214070164 0.8844010020196235
    vertex 5.659023460737235 1.075189302027072 1.007967491913607
    vertex 5.805991459368968 1.046752665583463 1.021216893885549
  endloop
endfacet
facet normal 0.305929 0.816571 -0.489509
  outer loop
    vertex 6.188420877924702 0.856811013304154 0.91028339370714
    vertex 6.027308824320868 0.8895205078861991 0.8641571344389235
    vertex 6.013408400506735 0.9803806372688095 1.007037408041523
  endloop
endfacet
facet normal 0.281277 0.806076 -0.520697
  outer loop
    vertex 6.013408400506735 0.9803806372688095 1.007037408041523
    vertex 6.210764712153068 0.9337566937628885 1.041470712648522
    vertex 6.188420877924702 0.856811013304154 0.91028339370714
  endloop
endfacet
facet normal 0.109455 0.936935 -0.331922
  outer loop
    vertex 5.334235560070709 1.17266443804861 1.142831845241516
    vertex 5.542432371911096 1.154952033610623 1.161489349546772
    vertex 5.503563127163954 1.100454563069782 0.9948385457428122
  endloop
endfacet
facet normal 0.426691 0.651692 -0.627082
  outer loop
    vertex 6.65595312128756 0.5727147928254648 0.8516255755153324
    vertex 6.793712887644003 0.6348814487668747 1.009968954678182
    vertex 6.833543335657502 0.4848600005416943 0.8811619820434325
  endloop
endfacet
facet normal -0.0156794 0.997505 -0.0688298
  outer loop
    vertex 0.08578247596931407 1.139378230691275 1.311497594424157
    vertex -0.01318637641417041 1.128958876181593 1.183041810312733
    vertex -0.1124338106207139 1.136262539229682 1.311497594424157
  endloop
endfacet
facet normal 0.370427 0.714475 -0.593556
  outer loop
    vertex 6.266877224112213 0.7362009673680187 0.7923123627072918
    vertex 6.463065323089296 0.6597554722774661 0.8227304937742426
    vertex 6.352187057288893 0.5919145926811971 0.6718722208218326
  endloop
endfacet
facet normal -0.00726355 0.997106 -0.075674
  outer loop
    vertex 0.571017493257966 1.09690937182022 0.6539010942131503
    vertex 0.4085737741596526 1.095440083121962 0.6501333794188795
    vertex 0.4463574948589681 1.108446389954433 0.8178822169656298
  endloop
endfacet
facet normal -0.0123197 0.996952 -0.0770346
  outer loop
    vertex 0.626229681138849 1.110156073737821 0.8168018900095912
    vertex 0.4895320155125877 1.122212887241882 0.9946978895901124
    vertex 0.6977775854596056 1.124357470909751 0.9891488141210043
  endloop
endfacet
facet normal -0.0122834 0.99211 -0.124771
  outer loop
    vertex 4.351852215393093 1.174126330413404 1.047569013296374
    vertex 4.202476188817844 1.16112358068818 0.9588842032273576
    vertex 4.149768687426419 1.18339658468782 1.141175503407754
  endloop
endfacet
facet normal -0.0121801 0.99726 -0.0729691
  outer loop
    vertex 0.3782046167085513 1.131670325171374 1.142534540664266
    vertex 0.4895320155125877 1.122212887241882 0.9946978895901124
    vertex 0.2724407177959472 1.116582431149898 0.9539842312311574
  endloop
endfacet
facet normal -0.0120537 0.992174 -0.124281
  outer loop
    vertex 4.149768687426419 1.18339658468782 1.141175503407754
    vertex 4.348348425434601 1.192593877627806 1.195340437723834
    vertex 4.351852215393093 1.174126330413404 1.047569013296374
  endloop
endfacet
facet normal 0.280644 0.822049 -0.495453
  outer loop
    vertex 6.013408400506735 0.9803806372688095 1.007037408041523
    vertex 6.027308824320868 0.8895205078861991 0.8641571344389235
    vertex 5.817103419674366 0.9734848214070164 0.8844010020196235
  endloop
endfacet
facet normal 0.399959 0.683697 -0.610402
  outer loop
    vertex 6.528665872453748 0.5117482457593561 0.6999349790723246
    vertex 6.463065323089296 0.6597554722774661 0.8227304937742426
    vertex 6.65595312128756 0.5727147928254648 0.8516255755153324
  endloop
endfacet
facet normal 0.614535 0.390841 -0.685266
  outer loop
    vertex 7.688218296131093 0 1.192453379123872
    vertex 7.562864936876764 0.1697972782035138 1.176882380665004
    vertex 7.71016030710616 0.1742212136443287 1.311497594424156
  endloop
endfacet
facet normal -0.00992931 0.997118 -0.075209
  outer loop
    vertex 0.4463574948589681 1.108446389954433 0.8178822169656298
    vertex 0.4895320155125877 1.122212887241882 0.9946978895901124
    vertex 0.626229681138849 1.110156073737821 0.8168018900095912
  endloop
endfacet
facet normal 0.447208 0.637434 -0.627442
  outer loop
    vertex 6.702455283864277 0.4258300536895816 0.7277594033388284
    vertex 6.833543335657502 0.4848600005416943 0.8811619820434325
    vertex 6.872995839932059 0.3336677491732442 0.7556818149615649
  endloop
endfacet
facet normal -0.00994245 0.996927 -0.0776979
  outer loop
    vertex 0.4463574948589681 1.108446389954433 0.8178822169656298
    vertex 0.626229681138849 1.110156073737821 0.8168018900095912
    vertex 0.571017493257966 1.09690937182022 0.6539010942131503
  endloop
endfacet
facet normal 0.428478 0.657915 -0.619318
  outer loop
    vertex 6.65595312128756 0.5727147928254648 0.8516255755153324
    vertex 6.833543335657502 0.4848600005416943 0.8811619820434325
    vertex 6.702455283864277 0.4258300536895816 0.7277594033388284
  endloop
endfacet
facet normal -0.00373575 0.996225 -0.0867337
  outer loop
    vertex 0.845145889008017 1.084780008778289 0.4884558035849516
    vertex 0.9291977209405823 1.099562029656621 0.6546221193405247
    vertex 1.046710314743172 1.085159197911214 0.4841295010456679
  endloop
endfacet
facet normal 0.280488 0.821785 -0.495979
  outer loop
    vertex 5.817103419674366 0.9734848214070164 0.8844010020196235
    vertex 6.027308824320868 0.8895205078861991 0.8641571344389235
    vertex 5.897840578006974 0.8596148348515729 0.7413891633227502
  endloop
endfacet
facet normal 0.242486 0.878085 -0.412514
  outer loop
    vertex 5.610749720244232 1.018704119091594 0.8593557009408342
    vertex 5.659023460737235 1.075189302027072 1.007967491913607
    vertex 5.817103419674366 0.9734848214070164 0.8844010020196235
  endloop
endfacet
facet normal -0.0144446 0.997588 -0.0678902
  outer loop
    vertex -0.112641617597686 1.136260017054413 1.311486295786768
    vertex -0.01318637641417041 1.128958876181593 1.183041810312733
    vertex -0.09552556720599729 1.123171717483278 1.115523302368197
  endloop
endfacet
facet normal 0.00712995 0.985426 -0.169953
  outer loop
    vertex 4.166147980055344 1.099344690326794 0.5568040654673222
    vertex 4.049932819093307 1.121542060013957 0.6806336439725316
    vertex 4.254165169070707 1.125155226756938 0.710151582189249
  endloop
endfacet
facet normal -0.0140441 0.997326 -0.0717121
  outer loop
    vertex 0.3782046167085513 1.131670325171374 1.142534540664266
    vertex 0.1963258317978623 1.12944348454342 1.147184279375794
    vertex 0.2839987625593446 1.14249291328055 1.311497594424157
  endloop
endfacet
facet normal -0.00989778 0.996705 -0.080511
  outer loop
    vertex 0.8169723460240277 1.11212628489436 0.8177432359908727
    vertex 0.7430901232148546 1.09814130374355 0.653695856005963
    vertex 0.626229681138849 1.110156073737821 0.8168018900095912
  endloop
endfacet
facet normal -0.00590968 0.990398 -0.138117
  outer loop
    vertex 4.537086500581521 1.159468831466604 0.9345383379271746
    vertex 4.351852215393093 1.174126330413404 1.047569013296374
    vertex 4.54597319130002 1.188359061098992 1.141322109324469
  endloop
endfacet
facet normal 0.349076 0.741466 -0.57304
  outer loop
    vertex 6.959920327647003 0.803562581151237 1.311497594424154
    vertex 6.81720635500572 0.7621731416647717 1.171006566149953
    vertex 6.780587735520135 0.8879909759014032 1.311497594424156
  endloop
endfacet
facet normal -0.0116826 0.995463 -0.0944307
  outer loop
    vertex 2.278757747459357 1.142259059227891 0.9763782504185693
    vertex 2.074736104510178 1.139535905493639 0.9729123383262788
    vertex 2.172033792709892 1.156830782715758 1.143193009638498
  endloop
endfacet
facet normal -0.0118442 0.997133 -0.0747426
  outer loop
    vertex 0.2724407177959472 1.116582431149898 0.9539842312311574
    vertex 0.4895320155125877 1.122212887241882 0.9946978895901124
    vertex 0.4463574948589681 1.108446389954433 0.8178822169656298
  endloop
endfacet
facet normal 0.00382731 0.989048 -0.147546
  outer loop
    vertex 4.254165169070707 1.125155226756938 0.710151582189249
    vertex 4.049932819093307 1.121542060013957 0.6806336439725316
    vertex 4.134549355666438 1.139807271386503 0.8052660566135936
  endloop
endfacet
facet normal -0.0119066 0.996334 -0.0847208
  outer loop
    vertex 1.478374012563342 1.132444234672886 0.9725143613680713
    vertex 1.284031268723479 1.13047419802619 0.9766591312529367
    vertex 1.377692282099441 1.145756367666208 1.143217541894839
  endloop
endfacet
facet normal -0.00713869 0.996001 -0.0890603
  outer loop
    vertex 1.046710314743172 1.085159197911214 0.4841295010456679
    vertex 0.9291977209405823 1.099562029656621 0.6546221193405247
    vertex 1.110982700811916 1.100875989055989 0.6547456052149618
  endloop
endfacet
facet normal -0.00723079 0.996879 -0.0786131
  outer loop
    vertex 0.626229681138849 1.110156073737821 0.8168018900095912
    vertex 0.7430901232148546 1.09814130374355 0.653695856005963
    vertex 0.571017493257966 1.09690937182022 0.6539010942131503
  endloop
endfacet
facet normal 0.373233 0.730086 -0.572426
  outer loop
    vertex 6.266877224112213 0.7362009673680187 0.7923123627072918
    vertex 6.374559072891581 0.8065394993091198 0.9522346125225505
    vertex 6.463065323089296 0.6597554722774661 0.8227304937742426
  endloop
endfacet
facet normal -0.0115951 0.994998 -0.0992156
  outer loop
    vertex 2.184247262927209 1.124491289391971 0.8092367545483169
    vertex 2.074736104510178 1.139535905493639 0.9729123383262788
    vertex 2.278757747459357 1.142259059227891 0.9763782504185693
  endloop
endfacet
facet normal 0.537847 0.604112 -0.588022
  outer loop
    vertex 7.161089197469687 0.2812516719765882 0.928493930556032
    vertex 7.317445265991454 0.1744073370616545 0.9617404671278302
    vertex 7.203366377055115 0.1312879463349937 0.8130966327335648
  endloop
endfacet
facet normal -0.0119649 0.996086 -0.0875737
  outer loop
    vertex 1.381099539270264 1.116889374795333 0.8088796234755593
    vertex 1.284031268723479 1.13047419802619 0.9766591312529367
    vertex 1.478374012563342 1.132444234672886 0.9725143613680713
  endloop
endfacet
facet normal -0.00819075 0.993203 -0.116102
  outer loop
    vertex 3.177535035610564 1.133902334177564 0.8149518753327385
    vertex 3.268157908384009 1.153711386884939 0.9780162058424759
    vertex 3.36927987605231 1.135226859679935 0.8127554447012078
  endloop
endfacet
facet normal 0.424026 0.644677 -0.636077
  outer loop
    vertex 7.133601573813978 0.7080723719406667 1.311497594424156
    vertex 7.110964175857852 0.5565516481457404 1.142837592095141
    vertex 6.974150447254959 0.6742818704063619 1.170955759160872
  endloop
endfacet
facet normal -0.015621 0.99411 -0.107243
  outer loop
    vertex 3.653675633976986 1.19544251729251 1.311497594424156
    vertex 3.55691668183467 1.175627040300461 1.141908295077356
    vertex 3.45545934810575 1.192327834711733 1.311497594424157
  endloop
endfacet
facet normal 0.401646 0.690288 -0.601816
  outer loop
    vertex 6.65595312128756 0.5727147928254648 0.8516255755153324
    vertex 6.463065323089296 0.6597554722774661 0.8227304937742426
    vertex 6.58107018877941 0.7257719850052307 0.9772074398744448
  endloop
endfacet
facet normal 0.0640379 0.964372 -0.256681
  outer loop
    vertex 4.754387852495027 1.077538045841299 0.6150685646513325
    vertex 4.654653463745478 1.126442009795185 0.7739225257276822
    vertex 4.844449839014569 1.118304102975425 0.7906989306116432
  endloop
endfacet
facet normal 0.4586 0.635329 -0.621324
  outer loop
    vertex 6.872995839932059 0.3336677491732442 0.7556818149615649
    vertex 6.833543335657502 0.4848600005416943 0.8811619820434325
    vertex 6.995590406474176 0.3874547622651442 0.9011682597760905
  endloop
endfacet
facet normal 0.117215 0.952468 -0.281187
  outer loop
    vertex 4.754387852495027 1.077538045841299 0.6150685646513325
    vertex 4.844449839014569 1.118304102975425 0.7906989306116432
    vertex 4.948243223164496 1.059482138023907 0.634717569868496
  endloop
endfacet
facet normal -0.0110891 0.99336 -0.114511
  outer loop
    vertex 3.074397269478206 1.15162988975845 0.9787231638345298
    vertex 3.268157908384009 1.153711386884939 0.9780162058424759
    vertex 3.177535035610564 1.133902334177564 0.8149518753327385
  endloop
endfacet
facet normal 0.0961783 0.950784 -0.29455
  outer loop
    vertex 4.948243223164496 1.059482138023907 0.634717569868496
    vertex 4.844449839014569 1.118304102975425 0.7906989306116432
    vertex 5.038333141919374 1.104123357436139 0.808232579609214
  endloop
endfacet
facet normal 0.528482 0.516712 -0.673584
  outer loop
    vertex 7.591877065453586 0.333103459155577 1.311497594424155
    vertex 7.440003307144926 0.3231448100294857 1.184700745181595
    vertex 7.453379661467125 0.4747557802798611 1.311497594424157
  endloop
endfacet
facet normal 0.131477 0.932405 -0.336653
  outer loop
    vertex 5.142846413395061 1.033974366775733 0.6547623111296156
    vertex 5.038333141919374 1.104123357436139 0.808232579609214
    vertex 5.232126530316364 1.082445417161035 0.8238770168827014
  endloop
endfacet
facet normal 0.0838451 0.965958 -0.244734
  outer loop
    vertex 4.754387852495027 1.077538045841299 0.6150685646513325
    vertex 4.559229657736298 1.089426516108414 0.5951314125267791
    vertex 4.654653463745478 1.126442009795185 0.7739225257276822
  endloop
endfacet
facet normal 0.390137 0.697001 -0.60165
  outer loop
    vertex 6.974150447254959 0.6742818704063619 1.170955759160872
    vertex 6.81720635500572 0.7621731416647717 1.171006566149953
    vertex 6.959920327647003 0.803562581151237 1.311497594424154
  endloop
endfacet
facet normal 0.196652 0.910132 -0.364676
  outer loop
    vertex 5.142846413395061 1.033974366775733 0.6547623111296156
    vertex 5.232126530316364 1.082445417161035 0.8238770168827014
    vertex 5.334750271426675 1.001053234915472 0.6760843815839523
  endloop
endfacet
facet normal -0.0057302 0.992011 -0.126021
  outer loop
    vertex 2.995219947212283 1.093321432709913 0.498304367683837
    vertex 2.889277350176132 1.112864249559586 0.6569581609740356
    vertex 3.085424865062666 1.114201331232549 0.6585645174835397
  endloop
endfacet
facet normal -0.0112355 0.994413 -0.104964
  outer loop
    vertex 2.967624662712752 1.167970447063836 1.1449599271233
    vertex 3.074397269478206 1.15162988975845 0.9787231638345298
    vertex 2.877357589056217 1.149461845841246 0.9792748296281869
  endloop
endfacet
facet normal 0.155523 0.93419 -0.321093
  outer loop
    vertex 5.142846413395061 1.033974366775733 0.6547623111296156
    vertex 4.948243223164496 1.059482138023907 0.634717569868496
    vertex 5.038333141919374 1.104123357436139 0.808232579609214
  endloop
endfacet
facet normal -0.0133477 0.994287 -0.105901
  outer loop
    vertex 3.45545934810575 1.192327834711733 1.311497594424157
    vertex 3.55691668183467 1.175627040300461 1.141908295077356
    vertex 3.360648732681249 1.173195726100098 1.143818598407731
  endloop
endfacet
facet normal -0.0112457 0.993718 -0.111349
  outer loop
    vertex 2.877357589056217 1.149461845841246 0.9792748296281869
    vertex 3.074397269478206 1.15162988975845 0.9787231638345298
    vertex 2.983162843663542 1.132256697962118 0.8150438619592779
  endloop
endfacet
facet normal 0.295413 0.821658 -0.487452
  outer loop
    vertex 5.714344263262713 0.9134414859205434 0.7209152757137752
    vertex 5.817103419674366 0.9734848214070164 0.8844010020196235
    vertex 5.897840578006974 0.8596148348515729 0.7413891633227502
  endloop
endfacet
facet normal 0.266164 0.829826 -0.490455
  outer loop
    vertex 5.523120924468939 0.9612487046698084 0.69802832217896
    vertex 5.714344263262713 0.9134414859205434 0.7209152757137752
    vertex 5.621195571874906 0.8504731045992715 0.5638251834936689
  endloop
endfacet
facet normal -0.00296896 0.992252 -0.124207
  outer loop
    vertex 2.801880327556267 1.092352730026551 0.4951871617711031
    vertex 2.889277350176132 1.112864249559586 0.6569581609740356
    vertex 2.995219947212283 1.093321432709913 0.498304367683837
  endloop
endfacet
facet normal -0.0110727 0.994111 -0.107796
  outer loop
    vertex 3.164857111398439 1.170621373231258 1.144574384504122
    vertex 3.268157908384009 1.153711386884939 0.9780162058424759
    vertex 3.074397269478206 1.15162988975845 0.9787231638345298
  endloop
endfacet
facet normal 0.266931 0.85287 -0.448733
  outer loop
    vertex 5.523120924468939 0.9612487046698084 0.69802832217896
    vertex 5.610749720244232 1.018704119091594 0.8593557009408342
    vertex 5.714344263262713 0.9134414859205434 0.7209152757137752
  endloop
endfacet
facet normal -0.0132539 0.993999 -0.108581
  outer loop
    vertex 3.752450573657643 1.178204022380128 1.141631449430815
    vertex 3.55691668183467 1.175627040300461 1.141908295077356
    vertex 3.653675633976986 1.19544251729251 1.311497594424156
  endloop
endfacet
facet normal 0.234009 0.882427 -0.408121
  outer loop
    vertex 5.523120924468939 0.9612487046698084 0.69802832217896
    vertex 5.334750271426675 1.001053234915472 0.6760843815839523
    vertex 5.419967873526481 1.054066684410258 0.8395707573860616
  endloop
endfacet
facet normal -0.00961648 0.996229 -0.0862266
  outer loop
    vertex 1.190953711502785 1.115664171854485 0.8159302412774704
    vertex 1.284031268723479 1.13047419802619 0.9766591312529367
    vertex 1.381099539270264 1.116889374795333 0.8088796234755593
  endloop
endfacet
facet normal 0.495504 0.614099 -0.614295
  outer loop
    vertex 7.039760975835343 0.2350852272276582 0.7844760938793747
    vertex 6.995590406474176 0.3874547622651442 0.9011682597760905
    vertex 7.161089197469687 0.2812516719765882 0.928493930556032
  endloop
endfacet
facet normal -0.00924745 0.995177 -0.0976612
  outer loop
    vertex 1.973154299584557 1.121790122922374 0.8016998158541713
    vertex 2.074736104510178 1.139535905493639 0.9729123383262788
    vertex 2.184247262927209 1.124491289391971 0.8092367545483169
  endloop
endfacet
facet normal 0.16919 0.908246 -0.382706
  outer loop
    vertex 5.334750271426675 1.001053234915472 0.6760843815839523
    vertex 5.232126530316364 1.082445417161035 0.8238770168827014
    vertex 5.419967873526481 1.054066684410258 0.8395707573860616
  endloop
endfacet
facet normal -0.00846542 0.993572 -0.112881
  outer loop
    vertex 3.074397269478206 1.15162988975845 0.9787231638345298
    vertex 3.177535035610564 1.133902334177564 0.8149518753327385
    vertex 2.983162843663542 1.132256697962118 0.8150438619592779
  endloop
endfacet
facet normal -0.00470117 0.990674 -0.136172
  outer loop
    vertex 4.537086500581521 1.159468831466604 0.9345383379271746
    vertex 4.327659477386866 1.14706714534765 0.85154425270361
    vertex 4.351852215393093 1.174126330413404 1.047569013296374
  endloop
endfacet
facet normal 0.483331 0.585799 -0.650562
  outer loop
    vertex 7.161089197469687 0.2812516719765882 0.928493930556032
    vertex 6.995590406474176 0.3874547622651442 0.9011682597760905
    vertex 7.125108466534804 0.4330837336917167 1.038479478241028
  endloop
endfacet
facet normal -0.0138136 0.99555 -0.0932218
  outer loop
    vertex 2.172033792709892 1.156830782715758 1.143193009638498
    vertex 2.074736104510178 1.139535905493639 0.9729123383262788
    vertex 1.971530573774637 1.153939451122042 1.142026031664101
  endloop
endfacet
facet normal 0.496416 0.612958 -0.614698
  outer loop
    vertex 7.039760975835343 0.2350852272276582 0.7844760938793747
    vertex 7.161089197469687 0.2812516719765882 0.928493930556032
    vertex 7.203366377055115 0.1312879463349937 0.8130966327335648
  endloop
endfacet
facet normal -0.0138468 0.995779 -0.0907297
  outer loop
    vertex 1.872777979843495 1.137008067271797 0.9712713616778521
    vertex 1.771985887743166 1.151088599687464 1.141191027717495
    vertex 1.971530573774637 1.153939451122042 1.142026031664101
  endloop
endfacet
facet normal -0.0139952 0.996405 -0.0835528
  outer loop
    vertex 1.377692282099441 1.145756367666208 1.143217541894839
    vertex 1.284031268723479 1.13047419802619 0.9766591312529367
    vertex 1.181261325320522 1.143236947220972 1.146074859549329
  endloop
endfacet
facet normal -0.0119336 0.997491 -0.0697841
  outer loop
    vertex 0.09551060432212871 1.106461470566068 0.8395720283408206
    vertex 0.06437530531543202 1.119370602971576 1.029419041565008
    vertex 0.2724407177959472 1.116582431149898 0.9539842312311574
  endloop
endfacet
facet normal -0.00556237 0.991621 -0.129064
  outer loop
    vertex 3.085424865062666 1.114201331232549 0.6585645174835397
    vertex 3.27896317778599 1.115485744587066 0.6600918073506918
    vertex 3.189501919168849 1.09441651029651 0.5020689745654769
  endloop
endfacet
facet normal -0.0140322 0.996593 -0.0812794
  outer loop
    vertex 1.093198891163501 1.128610644331405 0.9819403414943848
    vertex 0.984679245597298 1.140603384307058 1.147722181676665
    vertex 1.181261325320522 1.143236947220972 1.146074859549329
  endloop
endfacet
facet normal -0.0136492 0.994519 -0.103661
  outer loop
    vertex 2.877357589056217 1.149461845841246 0.9792748296281869
    vertex 2.770017501500893 1.165318029613301 1.145532074897631
    vertex 2.967624662712752 1.167970447063836 1.1449599271233
  endloop
endfacet
facet normal 0.331245 0.761035 -0.557766
  outer loop
    vertex 6.266877224112213 0.7362009673680187 0.7923123627072918
    vertex 6.188420877924702 0.856811013304154 0.91028339370714
    vertex 6.374559072891581 0.8065394993091198 0.9522346125225505
  endloop
endfacet
facet normal 0.311913 0.803509 -0.507034
  outer loop
    vertex 5.621195571874906 0.8504731045992715 0.5638251834936689
    vertex 5.714344263262713 0.9134414859205434 0.7209152757137752
    vertex 5.807150275863856 0.7949406573716891 0.5902157918502436
  endloop
endfacet
facet normal -0.0134903 0.99392 -0.109276
  outer loop
    vertex 3.360648732681249 1.173195726100098 1.143818598407731
    vertex 3.268157908384009 1.153711386884939 0.9780162058424759
    vertex 3.164857111398439 1.170621373231258 1.144574384504122
  endloop
endfacet
facet normal 0.0604919 0.975586 -0.211125
  outer loop
    vertex 4.654653463745478 1.126442009795185 0.7739225257276822
    vertex 4.730859427789577 1.159649016820886 0.949203506914559
    vertex 4.844449839014569 1.118304102975425 0.7906989306116432
  endloop
endfacet
facet normal 0.120034 0.939457 -0.320956
  outer loop
    vertex 4.754387852495027 1.077538045841299 0.6150685646513325
    vertex 4.948243223164496 1.059482138023907 0.634717569868496
    vertex 4.861766235292957 1.012345236164975 0.4644039721792577
  endloop
endfacet
facet normal -0.0103779 0.991688 -0.128243
  outer loop
    vertex 3.83729566729109 1.158850451716147 0.9696432164460662
    vertex 4.020120707007613 1.160476821068041 0.9674249352641594
    vertex 3.950350728532686 1.138572443329182 0.8036869591002069
  endloop
endfacet
facet normal -0.00692033 0.995616 -0.0932824
  outer loop
    vertex 1.110982700811916 1.100875989055989 0.6547456052149618
    vertex 1.280310363614767 1.103146139564031 0.6664133271223627
    vertex 1.284302227169994 1.088126645629533 0.5058121202571766
  endloop
endfacet
facet normal -0.0130958 0.992547 -0.121157
  outer loop
    vertex 4.149768687426419 1.18339658468782 1.141175503407754
    vertex 4.020120707007613 1.160476821068041 0.9674249352641594
    vertex 3.947698287787601 1.180792567514484 1.14168447481976
  endloop
endfacet
facet normal -0.0102871 0.992719 -0.12001
  outer loop
    vertex 3.947698287787601 1.180792567514484 1.14168447481976
    vertex 4.020120707007613 1.160476821068041 0.9674249352641594
    vertex 3.83729566729109 1.158850451716147 0.9696432164460662
  endloop
endfacet
facet normal 0.129827 0.945806 -0.297651
  outer loop
    vertex 5.038333141919374 1.104123357436139 0.808232579609214
    vertex 5.132820321654744 1.145269918349333 0.9801912670373114
    vertex 5.232126530316364 1.082445417161035 0.8238770168827014
  endloop
endfacet
facet normal -0.0055297 0.991462 -0.130279
  outer loop
    vertex 4.020120707007613 1.160476821068041 0.9674249352641594
    vertex 4.134549355666438 1.139807271386503 0.8052660566135936
    vertex 3.950350728532686 1.138572443329182 0.8036869591002069
  endloop
endfacet
facet normal -0.0137048 0.994797 -0.100956
  outer loop
    vertex 2.679548921781026 1.14722800750734 0.9795582975288144
    vertex 2.57188343859325 1.162576092746227 1.145410508836241
    vertex 2.770017501500893 1.165318029613301 1.145532074897631
  endloop
endfacet
facet normal -0.0137406 0.995059 -0.0983316
  outer loop
    vertex 2.372180246494355 1.159701828023512 1.14423066203188
    vertex 2.57188343859325 1.162576092746227 1.145410508836241
    vertex 2.480094317640592 1.144816335642132 0.9785184375121225
  endloop
endfacet
facet normal 0.518065 0.555842 -0.650114
  outer loop
    vertex 7.161089197469687 0.2812516719765882 0.928493930556032
    vertex 7.281855483167234 0.32713283131018 1.063958640790185
    vertex 7.317445265991454 0.1744073370616545 0.9617404671278302
  endloop
endfacet
facet normal -0.0140488 0.996775 -0.0790063
  outer loop
    vertex 0.7866068323196418 1.137806067887345 1.14765100362444
    vertex 0.984679245597298 1.140603384307058 1.147722181676665
    vertex 0.8974631798659426 1.126481617221545 0.9850649207657067
  endloop
endfacet
facet normal -0.0138877 0.995998 -0.0882929
  outer loop
    vertex 1.574067041060175 1.148348992331094 1.141417548373258
    vertex 1.771985887743166 1.151088599687464 1.141191027717495
    vertex 1.673990498198617 1.134653684033551 0.9712090576854144
  endloop
endfacet
facet normal -0.0156048 0.993162 -0.115696
  outer loop
    vertex 4.248805821678681 1.204793868749778 1.311497594424157
    vertex 4.149768687426419 1.18339658468782 1.141175503407754
    vertex 4.050108207713843 1.201671882485531 1.311497594424155
  endloop
endfacet
facet normal -0.013773 0.995487 -0.0938966
  outer loop
    vertex 2.464377915070237 1.176754421762712 1.311497594424157
    vertex 2.57188343859325 1.162576092746227 1.145410508836241
    vertex 2.372180246494355 1.159701828023512 1.14423066203188
  endloop
endfacet
facet normal 0.347272 0.761376 -0.547456
  outer loop
    vertex 6.266877224112213 0.7362009673680187 0.7923123627072918
    vertex 6.098552141332037 0.783456488726376 0.7512580817189336
    vertex 6.188420877924702 0.856811013304154 0.91028339370714
  endloop
endfacet
facet normal -0.013089 0.993366 -0.114245
  outer loop
    vertex 4.149768687426419 1.18339658468782 1.141175503407754
    vertex 3.947698287787601 1.180792567514484 1.14168447481976
    vertex 4.050108207713843 1.201671882485531 1.311497594424155
  endloop
endfacet
facet normal 0.234538 0.858126 -0.45674
  outer loop
    vertex 5.433614559989445 0.9003636650372255 0.5376753767536584
    vertex 5.334750271426675 1.001053234915472 0.6760843815839523
    vertex 5.523120924468939 0.9612487046698084 0.69802832217896
  endloop
endfacet
facet normal -0.00896568 0.997121 -0.0752918
  outer loop
    vertex 0.4463574948589681 1.108446389954433 0.8178822169656298
    vertex 0.4085737741596526 1.095440083121962 0.6501333794188795
    vertex 0.261873597160532 1.101847159755152 0.7524539638789236
  endloop
endfacet
facet normal 0.207411 0.880508 -0.426246
  outer loop
    vertex 5.523120924468939 0.9612487046698084 0.69802832217896
    vertex 5.419967873526481 1.054066684410258 0.8395707573860616
    vertex 5.610749720244232 1.018704119091594 0.8593557009408342
  endloop
endfacet
facet normal -0.0140452 0.997188 -0.0736092
  outer loop
    vertex 0.4822150491493724 1.145607595869824 1.311497594424157
    vertex 0.5849818632772505 1.134869614997861 1.146420822035537
    vertex 0.3782046167085513 1.131670325171374 1.142534540664266
  endloop
endfacet
facet normal 0.24299 0.851133 -0.465327
  outer loop
    vertex 5.610749720244232 1.018704119091594 0.8593557009408342
    vertex 5.817103419674366 0.9734848214070164 0.8844010020196235
    vertex 5.714344263262713 0.9134414859205434 0.7209152757137752
  endloop
endfacet
facet normal -0.014051 0.996895 -0.0774753
  outer loop
    vertex 0.8786476223294244 1.151836961048374 1.311497594424156
    vertex 0.984679245597298 1.140603384307058 1.147722181676665
    vertex 0.7866068323196418 1.137806067887345 1.14765100362444
  endloop
endfacet
facet normal -0.0139665 0.996582 -0.0814179
  outer loop
    vertex 1.275080195509422 1.158066326226924 1.311497594424156
    vertex 1.377692282099441 1.145756367666208 1.143217541894839
    vertex 1.181261325320522 1.143236947220972 1.146074859549329
  endloop
endfacet
facet normal -0.0138879 0.996246 -0.085451
  outer loop
    vertex 1.671512768689428 1.164295691405473 1.311497594424156
    vertex 1.771985887743166 1.151088599687464 1.141191027717495
    vertex 1.574067041060175 1.148348992331094 1.141417548373258
  endloop
endfacet
facet normal -0.0138396 0.995883 -0.0895901
  outer loop
    vertex 2.067945341855991 1.170525056583812 1.311497594424157
    vertex 2.172033792709892 1.156830782715758 1.143193009638498
    vertex 1.971530573774637 1.153939451122042 1.142026031664101
  endloop
endfacet
facet normal -0.0134757 0.994557 -0.103315
  outer loop
    vertex 3.360648732681249 1.173195726100098 1.143818598407731
    vertex 3.164857111398439 1.170621373231258 1.144574384504122
    vertex 3.257243061426474 1.189213152119042 1.311497594424157
  endloop
endfacet
facet normal 0.187021 0.918235 -0.349096
  outer loop
    vertex 4.861766235292957 1.012345236164975 0.4644039721792577
    vertex 4.948243223164496 1.059482138023907 0.634717569868496
    vertex 5.053873425219344 0.9819609066877877 0.4874011013480067
  endloop
endfacet
facet normal 0.47364 0.617923 -0.627563
  outer loop
    vertex 6.872995839932059 0.3336677491732442 0.7556818149615649
    vertex 6.995590406474176 0.3874547622651442 0.9011682597760905
    vertex 7.039760975835343 0.2350852272276582 0.7844760938793747
  endloop
endfacet
facet normal -0.0108524 0.993791 -0.110732
  outer loop
    vertex 3.460707844768953 1.155552860837958 0.9756719310478061
    vertex 3.268157908384009 1.153711386884939 0.9780162058424759
    vertex 3.360648732681249 1.173195726100098 1.143818598407731
  endloop
endfacet
facet normal 0.190084 0.898296 -0.396148
  outer loop
    vertex 5.928764330116379 1.083176932423183 1.162721854323476
    vertex 5.805991459368968 1.046752665583463 1.021216893885549
    vertex 5.731630524462045 1.125044514767426 1.163069122253974
  endloop
endfacet
facet normal -0.0122315 0.996749 -0.0796319
  outer loop
    vertex 0.8974631798659426 1.126481617221545 0.9850649207657067
    vertex 0.8169723460240277 1.11212628489436 0.8177432359908727
    vertex 0.6977775854596056 1.124357470909751 0.9891488141210043
  endloop
endfacet
facet normal 0.00156507 0.990586 -0.136881
  outer loop
    vertex 4.95738702492877 1.190870960547197 1.146484015781643
    vertex 4.760213480873336 1.190535872729658 1.14180461607972
    vertex 4.842979462381423 1.21385367494777 1.311497594424156
  endloop
endfacet
facet normal -0.00956114 0.995636 -0.0928355
  outer loop
    vertex 1.572755613174707 1.117855150872426 0.7994986338998347
    vertex 1.477776211197586 1.102663117678422 0.6463501935503959
    vertex 1.381099539270264 1.116889374795333 0.8088796234755593
  endloop
endfacet
facet normal -0.00903582 0.994261 -0.106595
  outer loop
    vertex 2.387577320025513 1.126754398929764 0.8131099896063649
    vertex 2.29676637173163 1.108800370600329 0.6533425403047504
    vertex 2.184247262927209 1.124491289391971 0.8092367545483169
  endloop
endfacet
facet normal -0.0118512 0.995832 -0.0904357
  outer loop
    vertex 1.673990498198617 1.134653684033551 0.9712090576854144
    vertex 1.572755613174707 1.117855150872426 0.7994986338998347
    vertex 1.478374012563342 1.132444234672886 0.9725143613680713
  endloop
endfacet
facet normal -0.0115483 0.994701 -0.102158
  outer loop
    vertex 2.480094317640592 1.144816335642132 0.9785184375121225
    vertex 2.387577320025513 1.126754398929764 0.8131099896063649
    vertex 2.278757747459357 1.142259059227891 0.9763782504185693
  endloop
endfacet
facet normal -0.0105985 0.992194 -0.124253
  outer loop
    vertex 3.83729566729109 1.158850451716147 0.9696432164460662
    vertex 3.755497519659539 1.137523441746797 0.8063189912899267
    vertex 3.650846943920179 1.157285907209977 0.9730534857926609
  endloop
endfacet
facet normal -0.0140515 0.996954 -0.0767147
  outer loop
    vertex 0.7866068323196418 1.137806067887345 1.14765100362444
    vertex 0.6977775854596056 1.124357470909751 0.9891488141210043
    vertex 0.5849818632772505 1.134869614997861 1.146420822035537
  endloop
endfacet
facet normal -0.0131315 0.992902 -0.118208
  outer loop
    vertex 3.947698287787601 1.180792567514484 1.14168447481976
    vertex 3.83729566729109 1.158850451716147 0.9696432164460662
    vertex 3.752450573657643 1.178204022380128 1.141631449430815
  endloop
endfacet
facet normal -0.0139398 0.996205 -0.0859099
  outer loop
    vertex 1.574067041060175 1.148348992331094 1.141417548373258
    vertex 1.478374012563342 1.132444234672886 0.9725143613680713
    vertex 1.377692282099441 1.145756367666208 1.143217541894839
  endloop
endfacet
facet normal -0.013781 0.995309 -0.0957597
  outer loop
    vertex 2.372180246494355 1.159701828023512 1.14423066203188
    vertex 2.278757747459357 1.142259059227891 0.9763782504185693
    vertex 2.172033792709892 1.156830782715758 1.143193009638498
  endloop
endfacet
facet normal -0.00979573 0.991995 -0.125898
  outer loop
    vertex 4.644758367264987 1.210932219939888 1.311497594424154
    vertex 4.760213480873336 1.190535872729658 1.14180461607972
    vertex 4.54597319130002 1.188359061098992 1.141322109324469
  endloop
endfacet
facet normal 0.198451 0.887622 -0.415626
  outer loop
    vertex 5.142846413395061 1.033974366775733 0.6547623111296156
    vertex 5.334750271426675 1.001053234915472 0.6760843815839523
    vertex 5.244508663798341 0.9444050918898861 0.512016869603829
  endloop
endfacet
facet normal -0.00884006 0.993519 -0.113321
  outer loop
    vertex 2.785882210712383 1.130593750093774 0.8155559645548143
    vertex 2.694824608929785 1.111562249602763 0.6558044708713097
    vertex 2.58794340972167 1.128781511972691 0.815108536221832
  endloop
endfacet
facet normal 0.246918 0.864967 -0.436879
  outer loop
    vertex 5.928764330116379 1.083176932423183 1.162721854323476
    vertex 6.013408400506735 0.9803806372688095 1.007037408041523
    vertex 5.805991459368968 1.046752665583463 1.021216893885549
  endloop
endfacet
facet normal -0.0152228 0.992316 -0.12279
  outer loop
    vertex 4.644758367264987 1.210932219939888 1.311497594424154
    vertex 4.54597319130002 1.188359061098992 1.141322109324469
    vertex 4.446542086014984 1.207891439148907 1.311497594424155
  endloop
endfacet
facet normal -0.00704261 0.992004 -0.12601
  outer loop
    vertex 3.83729566729109 1.158850451716147 0.9696432164460662
    vertex 3.950350728532686 1.138572443329182 0.8036869591002069
    vertex 3.755497519659539 1.137523441746797 0.8063189912899267
  endloop
endfacet
facet normal -0.00938003 0.995979 -0.0891001
  outer loop
    vertex 1.572755613174707 1.117855150872426 0.7994986338998347
    vertex 1.381099539270264 1.116889374795333 0.8088796234755593
    vertex 1.478374012563342 1.132444234672886 0.9725143613680713
  endloop
endfacet
facet normal -0.00933941 0.995724 -0.091906
  outer loop
    vertex 1.673990498198617 1.134653684033551 0.9712090576854144
    vertex 1.770865875976549 1.119920616262585 0.8017444017124391
    vertex 1.572755613174707 1.117855150872426 0.7994986338998347
  endloop
endfacet
facet normal -0.00902934 0.994583 -0.103554
  outer loop
    vertex 2.480094317640592 1.144816335642132 0.9785184375121225
    vertex 2.58794340972167 1.128781511972691 0.815108536221832
    vertex 2.387577320025513 1.126754398929764 0.8131099896063649
  endloop
endfacet
facet normal -0.00915732 0.994887 -0.100582
  outer loop
    vertex 2.387577320025513 1.126754398929764 0.8131099896063649
    vertex 2.184247262927209 1.124491289391971 0.8092367545483169
    vertex 2.278757747459357 1.142259059227891 0.9763782504185693
  endloop
endfacet
facet normal -0.0121946 0.996898 -0.0777506
  outer loop
    vertex 0.7866068323196418 1.137806067887345 1.14765100362444
    vertex 0.8974631798659426 1.126481617221545 0.9850649207657067
    vertex 0.6977775854596056 1.124357470909751 0.9891488141210043
  endloop
endfacet
facet normal -0.00785713 0.99243 -0.122561
  outer loop
    vertex 3.755497519659539 1.137523441746797 0.8063189912899267
    vertex 3.562172064879382 1.136467675735057 0.8101636836364361
    vertex 3.650846943920179 1.157285907209977 0.9730534857926609
  endloop
endfacet
facet normal -0.0118323 0.99613 -0.0870968
  outer loop
    vertex 1.574067041060175 1.148348992331094 1.141417548373258
    vertex 1.673990498198617 1.134653684033551 0.9712090576854144
    vertex 1.478374012563342 1.132444234672886 0.9725143613680713
  endloop
endfacet
facet normal -0.0116101 0.995221 -0.0969587
  outer loop
    vertex 2.372180246494355 1.159701828023512 1.14423066203188
    vertex 2.480094317640592 1.144816335642132 0.9785184375121225
    vertex 2.278757747459357 1.142259059227891 0.9763782504185693
  endloop
endfacet
facet normal -0.00987234 0.996685 -0.0807612
  outer loop
    vertex 0.8974631798659426 1.126481617221545 0.9850649207657067
    vertex 1.005764563016784 1.113999795834671 0.8177863140595805
    vertex 0.8169723460240277 1.11212628489436 0.8177432359908727
  endloop
endfacet
facet normal -0.0104718 0.993087 -0.116916
  outer loop
    vertex 3.83729566729109 1.158850451716147 0.9696432164460662
    vertex 3.650846943920179 1.157285907209977 0.9730534857926609
    vertex 3.752450573657643 1.178204022380128 1.141631449430815
  endloop
endfacet
facet normal -0.0131439 0.993692 -0.111369
  outer loop
    vertex 3.851891921139439 1.198557199893642 1.311497594424157
    vertex 3.947698287787601 1.180792567514484 1.14168447481976
    vertex 3.752450573657643 1.178204022380128 1.141631449430815
  endloop
endfacet
facet normal 0.19201 0.907187 -0.374357
  outer loop
    vertex 5.928764330116379 1.083176932423183 1.162721854323476
    vertex 5.731630524462045 1.125044514767426 1.163069122253974
    vertex 5.831448170346106 1.165167667680129 1.311497594424157
  endloop
endfacet
facet normal -0.01406 0.997044 -0.0755387
  outer loop
    vertex 0.7866068323196418 1.137806067887345 1.14765100362444
    vertex 0.5849818632772505 1.134869614997861 1.146420822035537
    vertex 0.6804313357393983 1.148722278459099 1.311497594424157
  endloop
endfacet
facet normal -0.0137144 0.995274 -0.0961377
  outer loop
    vertex 2.770017501500893 1.165318029613301 1.145532074897631
    vertex 2.57188343859325 1.162576092746227 1.145410508836241
    vertex 2.662594201641625 1.179869104350201 1.311497594424157
  endloop
endfacet
facet normal -0.0140187 0.996742 -0.0794331
  outer loop
    vertex 1.181261325320522 1.143236947220972 1.146074859549329
    vertex 0.984679245597298 1.140603384307058 1.147722181676665
    vertex 1.076863908919463 1.15495164363765 1.311497594424154
  endloop
endfacet
facet normal -0.0139198 0.996417 -0.0834239
  outer loop
    vertex 1.574067041060175 1.148348992331094 1.141417548373258
    vertex 1.377692282099441 1.145756367666208 1.143217541894839
    vertex 1.473296482099742 1.161181008816203 1.311497594424154
  endloop
endfacet
facet normal -0.0138644 0.996068 -0.0875036
  outer loop
    vertex 1.971530573774637 1.153939451122042 1.142026031664101
    vertex 1.771985887743166 1.151088599687464 1.141191027717495
    vertex 1.86972905527682 1.167410373994707 1.311497594424155
  endloop
endfacet
facet normal -0.0138074 0.995689 -0.0917197
  outer loop
    vertex 2.372180246494355 1.159701828023512 1.14423066203188
    vertex 2.172033792709892 1.156830782715758 1.143193009638498
    vertex 2.266161628445119 1.173639739173072 1.311497594424155
  endloop
endfacet
facet normal -0.0136413 0.995048 -0.0984527
  outer loop
    vertex 2.967624662712752 1.167970447063836 1.1449599271233
    vertex 2.770017501500893 1.165318029613301 1.145532074897631
    vertex 2.860810488264435 1.182983786939376 1.311497594424157
  endloop
endfacet
facet normal -0.013568 0.99481 -0.100841
  outer loop
    vertex 3.059026774846818 1.186098469528792 1.311497594424155
    vertex 3.164857111398439 1.170621373231258 1.144574384504122
    vertex 2.967624662712752 1.167970447063836 1.1449599271233
  endloop
endfacet
facet normal 0.384079 0.698578 -0.603715
  outer loop
    vertex 7.133601573813978 0.7080723719406667 1.311497594424156
    vertex 6.974150447254959 0.6742818704063619 1.170955759160872
    vertex 6.959920327647003 0.803562581151237 1.311497594424154
  endloop
endfacet
facet normal 0.315128 0.781198 -0.538909
  outer loop
    vertex 6.780587735520135 0.8879909759014032 1.311497594424156
    vertex 6.6399951350677 0.8456388337241743 1.167892525585229
    vertex 6.596764788973106 0.9621434763470521 1.311497594424155
  endloop
endfacet
facet normal 0.246406 0.850763 -0.464205
  outer loop
    vertex 6.409261733301415 1.026435771195307 1.311497594424157
    vertex 6.291700626047009 0.9824095412689703 1.16840642379425
    vertex 6.218863375647586 1.08158081755101 1.311497594424155
  endloop
endfacet
facet normal -0.0146134 0.991521 -0.129119
  outer loop
    vertex 4.842979462381423 1.21385367494777 1.311497594424156
    vertex 4.760213480873336 1.190535872729658 1.14180461607972
    vertex 4.644758367264987 1.210932219939888 1.311497594424154
  endloop
endfacet
facet normal 0.0341033 0.973078 -0.22794
  outer loop
    vertex 5.437545059757514 1.208553131769106 1.311497594424156
    vertex 5.334235560070709 1.17266443804861 1.142831845241516
    vertex 5.239438859120933 1.215496123176905 1.311497594424155
  endloop
endfacet
facet normal 0.172886 0.906051 -0.38624
  outer loop
    vertex 6.026155636551433 1.128014930245903 1.311497594424154
    vertex 5.928764330116379 1.083176932423183 1.162721854323476
    vertex 5.831448170346106 1.165167667680129 1.311497594424157
  endloop
endfacet
facet normal -0.0156701 0.997237 -0.0726129
  outer loop
    vertex 0.4822150491493724 1.145607595869824 1.311497594424157
    vertex 0.3782046167085513 1.131670325171374 1.142534540664266
    vertex 0.2839987625593446 1.14249291328055 1.311497594424157
  endloop
endfacet
facet normal -0.0117273 0.989229 -0.145908
  outer loop
    vertex 5.041203923620898 1.216203622241009 1.311497594424155
    vertex 4.95738702492877 1.190870960547197 1.146484015781643
    vertex 4.842979462381423 1.21385367494777 1.311497594424156
  endloop
endfacet
facet normal -0.0156404 0.995345 -0.0950933
  outer loop
    vertex 2.662594201641625 1.179869104350201 1.311497594424157
    vertex 2.57188343859325 1.162576092746227 1.145410508836241
    vertex 2.464377915070237 1.176754421762712 1.311497594424157
  endloop
endfacet
facet normal -0.0156655 0.996941 -0.0765723
  outer loop
    vertex 0.8786476223294244 1.151836961048374 1.311497594424156
    vertex 0.7866068323196418 1.137806067887345 1.14765100362444
    vertex 0.6804313357393983 1.148722278459099 1.311497594424157
  endloop
endfacet
facet normal -0.0156607 0.996635 -0.0804618
  outer loop
    vertex 1.275080195509422 1.158066326226924 1.311497594424156
    vertex 1.181261325320522 1.143236947220972 1.146074859549329
    vertex 1.076863908919463 1.15495164363765 1.311497594424154
  endloop
endfacet
facet normal -0.0156555 0.996305 -0.0844439
  outer loop
    vertex 1.671512768689428 1.164295691405473 1.311497594424156
    vertex 1.574067041060175 1.148348992331094 1.141417548373258
    vertex 1.473296482099742 1.161181008816203 1.311497594424154
  endloop
endfacet
facet normal -0.0156499 0.995947 -0.0885665
  outer loop
    vertex 2.067945341855991 1.170525056583812 1.311497594424157
    vertex 1.971530573774637 1.153939451122042 1.142026031664101
    vertex 1.86972905527682 1.167410373994707 1.311497594424155
  endloop
endfacet
facet normal -0.0156437 0.995555 -0.0928724
  outer loop
    vertex 2.464377915070237 1.176754421762712 1.311497594424157
    vertex 2.372180246494355 1.159701828023512 1.14423066203188
    vertex 2.266161628445119 1.173639739173072 1.311497594424155
  endloop
endfacet
facet normal -0.0156333 0.994893 -0.0997163
  outer loop
    vertex 3.059026774846818 1.186098469528792 1.311497594424155
    vertex 2.967624662712752 1.167970447063836 1.1449599271233
    vertex 2.860810488264435 1.182983786939376 1.311497594424157
  endloop
endfacet
facet normal -0.0156254 0.994389 -0.104624
  outer loop
    vertex 3.45545934810575 1.192327834711733 1.311497594424157
    vertex 3.360648732681249 1.173195726100098 1.143818598407731
    vertex 3.257243061426474 1.189213152119042 1.311497594424157
  endloop
endfacet
facet normal -0.0156164 0.993816 -0.109936
  outer loop
    vertex 3.851891921139439 1.198557199893642 1.311497594424157
    vertex 3.752450573657643 1.178204022380128 1.141631449430815
    vertex 3.653675633976986 1.19544251729251 1.311497594424156
  endloop
endfacet
facet normal -0.00905788 0.997497 -0.0701308
  outer loop
    vertex 0.09551060432212871 1.106461470566068 0.8395720283408206
    vertex 0.261873597160532 1.101847159755152 0.7524539638789236
    vertex 0.1119839241961563 1.092682381832149 0.6414590952774514
  endloop
endfacet
facet normal -0.00839946 0.997506 -0.0700767
  outer loop
    vertex 0.09551060432212871 1.106461470566068 0.8395720283408206
    vertex 0.1119839241961563 1.092682381832149 0.6414590952774514
    vertex -0.06129102618516918 1.096993716001297 0.723597689710456
  endloop
endfacet
facet normal -0.0115115 0.994966 -0.0995477
  outer loop
    vertex 2.480094317640592 1.144816335642132 0.9785184375121225
    vertex 2.57188343859325 1.162576092746227 1.145410508836241
    vertex 2.679548921781026 1.14722800750734 0.9795582975288144
  endloop
endfacet
facet normal -0.0156114 0.993502 -0.112741
  outer loop
    vertex 4.050108207713843 1.201671882485531 1.311497594424155
    vertex 3.947698287787601 1.180792567514484 1.14168447481976
    vertex 3.851891921139439 1.198557199893642 1.311497594424157
  endloop
endfacet
facet normal -0.0156678 0.997089 -0.0746129
  outer loop
    vertex 0.6804313357393983 1.148722278459099 1.311497594424157
    vertex 0.5849818632772505 1.134869614997861 1.146420822035537
    vertex 0.4822150491493724 1.145607595869824 1.311497594424157
  endloop
endfacet
facet normal -0.0156631 0.99679 -0.0785118
  outer loop
    vertex 1.076863908919463 1.15495164363765 1.311497594424154
    vertex 0.984679245597298 1.140603384307058 1.147722181676665
    vertex 0.8786476223294244 1.151836961048374 1.311497594424156
  endloop
endfacet
facet normal -0.0156581 0.996473 -0.0824415
  outer loop
    vertex 1.473296482099742 1.161181008816203 1.311497594424154
    vertex 1.377692282099441 1.145756367666208 1.143217541894839
    vertex 1.275080195509422 1.158066326226924 1.311497594424156
  endloop
endfacet
facet normal -0.0156527 0.99613 -0.0864832
  outer loop
    vertex 1.86972905527682 1.167410373994707 1.311497594424155
    vertex 1.771985887743166 1.151088599687464 1.141191027717495
    vertex 1.671512768689428 1.164295691405473 1.311497594424156
  endloop
endfacet
facet normal -0.0156469 0.995756 -0.0906975
  outer loop
    vertex 2.266161628445119 1.173639739173072 1.311497594424155
    vertex 2.172033792709892 1.156830782715758 1.143193009638498
    vertex 2.067945341855991 1.170525056583812 1.311497594424157
  endloop
endfacet
facet normal -0.015637 0.995125 -0.0973691
  outer loop
    vertex 2.860810488264435 1.182983786939376 1.311497594424157
    vertex 2.770017501500893 1.165318029613301 1.145532074897631
    vertex 2.662594201641625 1.179869104350201 1.311497594424157
  endloop
endfacet
facet normal -0.0156295 0.994648 -0.102133
  outer loop
    vertex 3.257243061426474 1.189213152119042 1.311497594424157
    vertex 3.164857111398439 1.170621373231258 1.144574384504122
    vertex 3.059026774846818 1.186098469528792 1.311497594424155
  endloop
endfacet
facet normal -0.00886208 0.994263 -0.106591
  outer loop
    vertex 2.679548921781026 1.14722800750734 0.9795582975288144
    vertex 2.785882210712383 1.130593750093774 0.8155559645548143
    vertex 2.58794340972167 1.128781511972691 0.815108536221832
  endloop
endfacet
facet normal -0.00706318 0.99771 -0.0672684
  outer loop
    vertex -0.06129102618516918 1.096993716001297 0.723597689710456
    vertex 0.1119839241961563 1.092682381832149 0.6414590952774514
    vertex -0.04417162603421829 1.083902567995135 0.5276352128511268
  endloop
endfacet
facet normal 0.0136055 0.981334 -0.191829
  outer loop
    vertex 4.654653463745478 1.126442009795185 0.7739225257276822
    vertex 4.537086500581521 1.159468831466604 0.9345383379271746
    vertex 4.730859427789577 1.159649016820886 0.949203506914559
  endloop
endfacet
facet normal -0.0102862 0.997664 -0.0675386
  outer loop
    vertex -0.07840885496376043 1.110083275555274 0.919560409949604
    vertex 0.09551060432212871 1.106461470566068 0.8395720283408206
    vertex -0.06129102618516918 1.096993716001297 0.723597689710456
  endloop
endfacet
facet normal -0.0135711 0.994226 -0.106446
  outer loop
    vertex 3.164857111398439 1.170621373231258 1.144574384504122
    vertex 3.074397269478206 1.15162988975845 0.9787231638345298
    vertex 2.967624662712752 1.167970447063836 1.1449599271233
  endloop
endfacet
facet normal -0.0114753 0.99439 -0.10515
  outer loop
    vertex 2.480094317640592 1.144816335642132 0.9785184375121225
    vertex 2.679548921781026 1.14722800750734 0.9795582975288144
    vertex 2.58794340972167 1.128781511972691 0.815108536221832
  endloop
endfacet
facet normal -0.00982051 0.996201 -0.0865259
  outer loop
    vertex 1.190953711502785 1.115664171854485 0.8159302412774704
    vertex 1.110982700811916 1.100875989055989 0.6547456052149618
    vertex 1.005764563016784 1.113999795834671 0.8177863140595805
  endloop
endfacet
facet normal -0.00999962 0.997326 -0.0723971
  outer loop
    vertex 0.2724407177959472 1.116582431149898 0.9539842312311574
    vertex 0.4463574948589681 1.108446389954433 0.8178822169656298
    vertex 0.261873597160532 1.101847159755152 0.7524539638789236
  endloop
endfacet
facet normal -0.00921742 0.994989 -0.0995547
  outer loop
    vertex 1.973154299584557 1.121790122922374 0.8016998158541713
    vertex 1.859507344362133 1.10422525735966 0.636671782936149
    vertex 1.770865875976549 1.119920616262585 0.8017444017124391
  endloop
endfacet
facet normal -0.0102427 0.997324 -0.0723842
  outer loop
    vertex 0.09551060432212871 1.106461470566068 0.8395720283408206
    vertex 0.2724407177959472 1.116582431149898 0.9539842312311574
    vertex 0.261873597160532 1.101847159755152 0.7524539638789236
  endloop
endfacet
facet normal 0.0497504 0.977354 -0.205677
  outer loop
    vertex 4.084314205451804 1.068425460619163 0.3900851387416745
    vertex 4.166147980055344 1.099344690326794 0.5568040654673222
    vertex 4.279363985637759 1.061988831536396 0.4066788060523511
  endloop
endfacet
facet normal -0.0113795 0.994697 -0.102213
  outer loop
    vertex 2.679548921781026 1.14722800750734 0.9795582975288144
    vertex 2.770017501500893 1.165318029613301 1.145532074897631
    vertex 2.877357589056217 1.149461845841246 0.9792748296281869
  endloop
endfacet
facet normal 0.358503 0.739923 -0.569201
  outer loop
    vertex 6.780587735520135 0.8879909759014032 1.311497594424156
    vertex 6.81720635500572 0.7621731416647717 1.171006566149953
    vertex 6.6399951350677 0.8456388337241743 1.167892525585229
  endloop
endfacet
facet normal 0.0334759 0.983509 -0.177732
  outer loop
    vertex 4.654653463745478 1.126442009795185 0.7739225257276822
    vertex 4.468793868284408 1.128800302770294 0.751965785561695
    vertex 4.537086500581521 1.159468831466604 0.9345383379271746
  endloop
endfacet
facet normal -0.0109301 0.992983 -0.117754
  outer loop
    vertex 3.36927987605231 1.135226859679935 0.8127554447012078
    vertex 3.268157908384009 1.153711386884939 0.9780162058424759
    vertex 3.460707844768953 1.155552860837958 0.9756719310478061
  endloop
endfacet
facet normal -3.07441e-08 0.996829 -0.0795761
  outer loop
    vertex 0.3646768182623939 1.070809155756444 0.3316698924179987
    vertex 0.4761844355695658 1.084016079326434 0.4971095530509554
    vertex 0.5605400610201305 1.070809161615215 0.3316698901377029
  endloop
endfacet
facet normal 0.0743525 0.969352 -0.234155
  outer loop
    vertex 4.279363985637759 1.061988831536396 0.4066788060523511
    vertex 4.365828947030056 1.096591082905775 0.5773804903713682
    vertex 4.474132163561169 1.051314389365671 0.4243346707195909
  endloop
endfacet
facet normal -0.00799055 0.992816 -0.119383
  outer loop
    vertex 3.562172064879382 1.136467675735057 0.8101636836364361
    vertex 3.36927987605231 1.135226859679935 0.8127554447012078
    vertex 3.460707844768953 1.155552860837958 0.9756719310478061
  endloop
endfacet
facet normal 2.05046e-07 0.992344 -0.123503
  outer loop
    vertex 2.323309226180014 1.070809190189954 0.3316697323098725
    vertex 2.410458736690294 1.090468697516881 0.489634125817289
    vertex 2.519172241252578 1.07080903592451 0.3316688179691645
  endloop
endfacet
facet normal -0.000168504 0.991444 -0.130534
  outer loop
    vertex 2.715035713052107 1.070809082171014 0.3316690455728275
    vertex 2.801880327556267 1.092352730026551 0.4951871617711031
    vertex 2.910897316935527 1.070916388437463 0.3322312341550942
  endloop
endfacet
facet normal -1.35292e-08 0.993289 -0.11566
  outer loop
    vertex 1.93158274020596 1.070809212288807 0.3316699293748641
    vertex 2.009345056770819 1.087946339238921 0.4788430737935264
    vertex 2.127445978763352 1.07080920790177 0.3316698687883576
  endloop
endfacet
facet normal -2.51464e-08 0.994247 -0.107109
  outer loop
    vertex 1.539856259358896 1.070809187949343 0.3316698619498742
    vertex 1.637787899885909 1.0889772241139 0.5003166075683572
    vertex 1.735719507970347 1.070809190840037 0.3316698427993595
  endloop
endfacet
facet normal -3.0038e-08 0.995092 -0.0989563
  outer loop
    vertex 1.148129784087575 1.07080918281972 0.3316699039897167
    vertex 1.284302227169994 1.088126645629533 0.5058121202571766
    vertex 1.34399301884134 1.07080918828373 0.3316698994810724
  endloop
endfacet
facet normal -3.3998e-08 0.996053 -0.0887561
  outer loop
    vertex 0.7564032983759819 1.070809167530156 0.3316698881807832
    vertex 0.845145889008017 1.084780008778289 0.4884558035849516
    vertex 0.9522665390033705 1.070809174656352 0.3316698931282968
  endloop
endfacet
facet normal 0.000787197 0.990546 -0.137178
  outer loop
    vertex 3.106735916940885 1.071374360395577 0.3352087888712169
    vertex 3.189501919168849 1.09441651029651 0.5020689745654769
    vertex 3.302513943679871 1.072005968298967 0.3408930491008567
  endloop
endfacet
facet normal 0.00788496 0.988608 -0.150307
  outer loop
    vertex 3.498186389575501 1.072614478220203 0.3494731886798581
    vertex 3.579530987467145 1.097094403661151 0.5147514225321554
    vertex 3.69371499827118 1.072790433997999 0.3608877553358886
  endloop
endfacet
facet normal 0.0308992 0.98288 -0.181638
  outer loop
    vertex 3.889089670418782 1.071710277470469 0.3746494514073203
    vertex 3.968789059415212 1.099500351544491 0.5385854730676944
    vertex 4.084314205451804 1.068425460619163 0.3900851387416745
  endloop
endfacet
facet normal 0.0386239 0.974211 -0.222307
  outer loop
    vertex 4.559229657736298 1.089426516108414 0.5951314125267791
    vertex 4.468793868284408 1.128800302770294 0.751965785561695
    vertex 4.654653463745478 1.126442009795185 0.7739225257276822
  endloop
endfacet
facet normal 0.144152 0.941493 -0.304649
  outer loop
    vertex 4.668382525756969 1.035173284253663 0.4434479164968196
    vertex 4.754387852495027 1.077538045841299 0.6150685646513325
    vertex 4.861766235292957 1.012345236164975 0.4644039721792577
  endloop
endfacet
facet normal 0.0357013 0.975768 -0.215878
  outer loop
    vertex 4.279363985637759 1.061988831536396 0.4066788060523511
    vertex 4.166147980055344 1.099344690326794 0.5568040654673222
    vertex 4.365828947030056 1.096591082905775 0.5773804903713682
  endloop
endfacet
facet normal 0.226479 0.889506 -0.396847
  outer loop
    vertex 5.053873425219344 0.9819609066877877 0.4874011013480067
    vertex 5.142846413395061 1.033974366775733 0.6547623111296156
    vertex 5.244508663798341 0.9444050918898861 0.512016869603829
  endloop
endfacet
facet normal 0.206544 0.901417 -0.38051
  outer loop
    vertex 5.419967873526481 1.054066684410258 0.8395707573860616
    vertex 5.503563127163954 1.100454563069782 0.9948385457428122
    vertex 5.610749720244232 1.018704119091594 0.8593557009408342
  endloop
endfacet
facet normal 0.259885 0.859687 -0.439771
  outer loop
    vertex 5.244508663798341 0.9444050918898861 0.512016869603829
    vertex 5.334750271426675 1.001053234915472 0.6760843815839523
    vertex 5.433614559989445 0.9003636650372255 0.5376753767536584
  endloop
endfacet
facet normal 0.287417 0.831146 -0.476012
  outer loop
    vertex 5.433614559989445 0.9003636650372255 0.5376753767536584
    vertex 5.523120924468939 0.9612487046698084 0.69802832217896
    vertex 5.621195571874906 0.8504731045992715 0.5638251834936689
  endloop
endfacet
facet normal 0.227188 0.86491 -0.447568
  outer loop
    vertex 5.928764330116379 1.083176932423183 1.162721854323476
    vertex 6.11624805745756 1.035057825011627 1.164901190835304
    vertex 6.013408400506735 0.9803806372688095 1.007037408041523
  endloop
endfacet
facet normal 0.336296 0.77593 -0.533701
  outer loop
    vertex 5.807150275863856 0.7949406573716891 0.5902157918502436
    vertex 5.897840578006974 0.8596148348515729 0.7413891633227502
    vertex 5.991203428884891 0.7335380140439615 0.6169202443746798
  endloop
endfacet
facet normal 0.38557 0.714889 -0.583326
  outer loop
    vertex 6.172989516156806 0.6659171382558389 0.6441183565743123
    vertex 6.266877224112213 0.7362009673680187 0.7923123627072918
    vertex 6.352187057288893 0.5919145926811971 0.6718722208218326
  endloop
endfacet
facet normal 0.424962 0.658404 -0.621218
  outer loop
    vertex 6.528665872453748 0.5117482457593561 0.6999349790723246
    vertex 6.65595312128756 0.5727147928254648 0.8516255755153324
    vertex 6.702455283864277 0.4258300536895816 0.7277594033388284
  endloop
endfacet
facet normal 0.158045 0.916013 -0.368704
  outer loop
    vertex 5.053873425219344 0.9819609066877877 0.4874011013480067
    vertex 4.948243223164496 1.059482138023907 0.634717569868496
    vertex 5.142846413395061 1.033974366775733 0.6547623111296156
  endloop
endfacet
facet normal -0.00421112 0.995919 -0.0901556
  outer loop
    vertex 1.284302227169994 1.088126645629533 0.5058121202571766
    vertex 1.046710314743172 1.085159197911214 0.4841295010456679
    vertex 1.110982700811916 1.100875989055989 0.6547456052149618
  endloop
endfacet
facet normal 0.293386 0.802607 -0.519372
  outer loop
    vertex 5.807150275863856 0.7949406573716891 0.5902157918502436
    vertex 5.714344263262713 0.9134414859205434 0.7209152757137752
    vertex 5.897840578006974 0.8596148348515729 0.7413891633227502
  endloop
endfacet
facet normal -0.0040535 0.996825 -0.0795193
  outer loop
    vertex 0.4761844355695658 1.084016079326434 0.4971095530509554
    vertex 0.571017493257966 1.09690937182022 0.6539010942131503
    vertex 0.6603286653571109 1.084463172239982 0.4933273898367608
  endloop
endfacet
facet normal -0.0107138 0.992591 -0.121026
  outer loop
    vertex 3.562172064879382 1.136467675735057 0.8101636836364361
    vertex 3.460707844768953 1.155552860837958 0.9756719310478061
    vertex 3.650846943920179 1.157285907209977 0.9730534857926609
  endloop
endfacet
facet normal 0.0184099 0.981408 -0.191046
  outer loop
    vertex 3.968789059415212 1.099500351544491 0.5385854730676944
    vertex 4.166147980055344 1.099344690326794 0.5568040654673222
    vertex 4.084314205451804 1.068425460619163 0.3900851387416745
  endloop
endfacet
facet normal 0.0556697 0.975508 -0.212804
  outer loop
    vertex 4.365828947030056 1.096591082905775 0.5773804903713682
    vertex 4.468793868284408 1.128800302770294 0.751965785561695
    vertex 4.559229657736298 1.089426516108414 0.5951314125267791
  endloop
endfacet
facet normal -0.012119 0.996718 -0.0800361
  outer loop
    vertex 0.8974631798659426 1.126481617221545 0.9850649207657067
    vertex 0.984679245597298 1.140603384307058 1.147722181676665
    vertex 1.093198891163501 1.128610644331405 0.9819403414943848
  endloop
endfacet
facet normal -0.00866293 0.993926 -0.109707
  outer loop
    vertex 2.877357589056217 1.149461845841246 0.9792748296281869
    vertex 2.983162843663542 1.132256697962118 0.8150438619592779
    vertex 2.785882210712383 1.130593750093774 0.8155559645548143
  endloop
endfacet
facet normal 0.0868067 0.956201 -0.279541
  outer loop
    vertex 4.668382525756969 1.035173284253663 0.4434479164968196
    vertex 4.559229657736298 1.089426516108414 0.5951314125267791
    vertex 4.754387852495027 1.077538045841299 0.6150685646513325
  endloop
endfacet
facet normal 0.0583393 0.967762 -0.245016
  outer loop
    vertex 4.365828947030056 1.096591082905775 0.5773804903713682
    vertex 4.559229657736298 1.089426516108414 0.5951314125267791
    vertex 4.474132163561169 1.051314389365671 0.4243346707195909
  endloop
endfacet
facet normal -0.0134007 0.993592 -0.112227
  outer loop
    vertex 3.360648732681249 1.173195726100098 1.143818598407731
    vertex 3.55691668183467 1.175627040300461 1.141908295077356
    vertex 3.460707844768953 1.155552860837958 0.9756719310478061
  endloop
endfacet
facet normal -0.0117673 0.995917 -0.0895075
  outer loop
    vertex 1.673990498198617 1.134653684033551 0.9712090576854144
    vertex 1.771985887743166 1.151088599687464 1.141191027717495
    vertex 1.872777979843495 1.137008067271797 0.9712713616778521
  endloop
endfacet
facet normal -0.0120108 0.99653 -0.0823584
  outer loop
    vertex 1.181261325320522 1.143236947220972 1.146074859549329
    vertex 1.284031268723479 1.13047419802619 0.9766591312529367
    vertex 1.093198891163501 1.128610644331405 0.9819403414943848
  endloop
endfacet
facet normal 0.424509 0.652058 -0.628182
  outer loop
    vertex 6.833543335657502 0.4848600005416943 0.8811619820434325
    vertex 6.793712887644003 0.6348814487668747 1.009968954678182
    vertex 6.970833632828487 0.5338945602096423 1.024837393149587
  endloop
endfacet
facet normal -0.0117156 0.995694 -0.0919538
  outer loop
    vertex 1.971530573774637 1.153939451122042 1.142026031664101
    vertex 2.074736104510178 1.139535905493639 0.9729123383262788
    vertex 1.872777979843495 1.137008067271797 0.9712713616778521
  endloop
endfacet
facet normal 0.459702 0.617073 -0.638667
  outer loop
    vertex 6.995590406474176 0.3874547622651442 0.9011682597760905
    vertex 6.970833632828487 0.5338945602096423 1.024837393149587
    vertex 7.125108466534804 0.4330837336917167 1.038479478241028
  endloop
endfacet
facet normal 0.128556 0.932166 -0.338437
  outer loop
    vertex 5.831448170346106 1.165167667680129 1.311497594424157
    vertex 5.731630524462045 1.125044514767426 1.163069122253974
    vertex 5.635089500087828 1.192247788232027 1.311497594424154
  endloop
endfacet
facet normal -0.0156721 0.997364 -0.0708464
  outer loop
    vertex 0.2839987625593446 1.14249291328055 1.311497594424157
    vertex 0.1963258317978623 1.12944348454342 1.147184279375794
    vertex 0.08578247596931407 1.139378230691275 1.311497594424157
  endloop
endfacet
facet normal -0.00339411 0.99445 -0.105159
  outer loop
    vertex 1.539856259358896 1.070809187949343 0.3316698619498742
    vertex 1.471896938323809 1.086864276579033 0.4856896087409569
    vertex 1.637787899885909 1.0889772241139 0.5003166075683572
  endloop
endfacet
facet normal -0.00406739 0.994945 -0.100336
  outer loop
    vertex 1.284302227169994 1.088126645629533 0.5058121202571766
    vertex 1.471896938323809 1.086864276579033 0.4856896087409569
    vertex 1.34399301884134 1.07080918828373 0.3316698994810724
  endloop
endfacet
facet normal 0.105827 0.958007 -0.2665
  outer loop
    vertex 4.474132163561169 1.051314389365671 0.4243346707195909
    vertex 4.559229657736298 1.089426516108414 0.5951314125267791
    vertex 4.668382525756969 1.035173284253663 0.4434479164968196
  endloop
endfacet
facet normal -0.0113809 0.994064 -0.108204
  outer loop
    vertex 2.679548921781026 1.14722800750734 0.9795582975288144
    vertex 2.877357589056217 1.149461845841246 0.9792748296281869
    vertex 2.785882210712383 1.130593750093774 0.8155559645548143
  endloop
endfacet
facet normal -0.00979229 0.996462 -0.0834763
  outer loop
    vertex 1.093198891163501 1.128610644331405 0.9819403414943848
    vertex 1.190953711502785 1.115664171854485 0.8159302412774704
    vertex 1.005764563016784 1.113999795834671 0.8177863140595805
  endloop
endfacet
facet normal 0.45144 0.619038 -0.642647
  outer loop
    vertex 6.995590406474176 0.3874547622651442 0.9011682597760905
    vertex 6.833543335657502 0.4848600005416943 0.8811619820434325
    vertex 6.970833632828487 0.5338945602096423 1.024837393149587
  endloop
endfacet
facet normal -0.00922067 0.995454 -0.0947936
  outer loop
    vertex 1.872777979843495 1.137008067271797 0.9712713616778521
    vertex 1.973154299584557 1.121790122922374 0.8016998158541713
    vertex 1.770865875976549 1.119920616262585 0.8017444017124391
  endloop
endfacet
facet normal 0.00678588 0.985363 -0.170336
  outer loop
    vertex 3.889089670418782 1.071710277470469 0.3746494514073203
    vertex 3.774097080204618 1.098500671201099 0.5250462885298436
    vertex 3.968789059415212 1.099500351544491 0.5385854730676944
  endloop
endfacet
facet normal 0.0169207 0.986515 -0.162792
  outer loop
    vertex 3.69371499827118 1.072790433997999 0.3608877553358886
    vertex 3.774097080204618 1.098500671201099 0.5250462885298436
    vertex 3.889089670418782 1.071710277470469 0.3746494514073203
  endloop
endfacet
facet normal -0.0112728 0.997506 -0.0696767
  outer loop
    vertex -0.07840885496376043 1.110083275555274 0.919560409949604
    vertex 0.06437530531543202 1.119370602971576 1.029419041565008
    vertex 0.09551060432212871 1.106461470566068 0.8395720283408206
  endloop
endfacet
facet normal -1.81688e-08 0.994611 -0.103679
  outer loop
    vertex 1.34399301884134 1.07080918828373 0.3316698994810724
    vertex 1.471896938323809 1.086864276579033 0.4856896087409569
    vertex 1.539856259358896 1.070809187949343 0.3316698619498742
  endloop
endfacet
facet normal 0.00107426 0.987875 -0.155245
  outer loop
    vertex 3.579530987467145 1.097094403661151 0.5147514225321554
    vertex 3.774097080204618 1.098500671201099 0.5250462885298436
    vertex 3.69371499827118 1.072790433997999 0.3608877553358886
  endloop
endfacet
facet normal -0.00312059 0.991838 -0.127468
  outer loop
    vertex 2.995219947212283 1.093321432709913 0.498304367683837
    vertex 3.085424865062666 1.114201331232549 0.6585645174835397
    vertex 3.189501919168849 1.09441651029651 0.5020689745654769
  endloop
endfacet
facet normal -0.000286959 0.991041 -0.133556
  outer loop
    vertex 2.910897316935527 1.070916388437463 0.3322312341550942
    vertex 2.995219947212283 1.093321432709913 0.498304367683837
    vertex 3.106735916940885 1.071374360395577 0.3352087888712169
  endloop
endfacet
facet normal 0.230597 0.879617 -0.416052
  outer loop
    vertex 6.026155636551433 1.128014930245903 1.311497594424154
    vertex 6.11624805745756 1.035057825011627 1.164901190835304
    vertex 5.928764330116379 1.083176932423183 1.162721854323476
  endloop
endfacet
facet normal -0.012152 0.99654 -0.0822263
  outer loop
    vertex 0.8974631798659426 1.126481617221545 0.9850649207657067
    vertex 1.093198891163501 1.128610644331405 0.9819403414943848
    vertex 1.005764563016784 1.113999795834671 0.8177863140595805
  endloop
endfacet
facet normal -0.00283348 0.991208 -0.132286
  outer loop
    vertex 2.801880327556267 1.092352730026551 0.4951871617711031
    vertex 2.995219947212283 1.093321432709913 0.498304367683837
    vertex 2.910897316935527 1.070916388437463 0.3322312341550942
  endloop
endfacet
facet normal 0.359089 0.736218 -0.573618
  outer loop
    vertex 6.6399951350677 0.8456388337241743 1.167892525585229
    vertex 6.708522601481723 0.7416952466367288 1.077383431648729
    vertex 6.501427785175008 0.8184992520363372 1.046315626497512
  endloop
endfacet
facet normal -0.00296192 0.990793 -0.135352
  outer loop
    vertex 3.106735916940885 1.071374360395577 0.3352087888712169
    vertex 2.995219947212283 1.093321432709913 0.498304367683837
    vertex 3.189501919168849 1.09441651029651 0.5020689745654769
  endloop
endfacet
facet normal -0.011762 0.995571 -0.0932776
  outer loop
    vertex 1.673990498198617 1.134653684033551 0.9712090576854144
    vertex 1.872777979843495 1.137008067271797 0.9712713616778521
    vertex 1.770865875976549 1.119920616262585 0.8017444017124391
  endloop
endfacet
facet normal -0.00614504 0.994092 -0.108367
  outer loop
    vertex 1.859507344362133 1.10422525735966 0.636671782936149
    vertex 2.089446391786912 1.1073031525854 0.6518675384992045
    vertex 2.009345056770819 1.087946339238921 0.4788430737935264
  endloop
endfacet
facet normal -0.0132534 0.993247 -0.11526
  outer loop
    vertex 3.650846943920179 1.157285907209977 0.9730534857926609
    vertex 3.55691668183467 1.175627040300461 1.141908295077356
    vertex 3.752450573657643 1.178204022380128 1.141631449430815
  endloop
endfacet
facet normal 0.0701372 0.960743 -0.268427
  outer loop
    vertex 5.038333141919374 1.104123357436139 0.808232579609214
    vertex 4.920349862664199 1.155004030219383 0.9595149106126072
    vertex 5.132820321654744 1.145269918349333 0.9801912670373114
  endloop
endfacet
facet normal 0.00317095 0.989788 -0.142511
  outer loop
    vertex 3.302513943679871 1.072005968298967 0.3408930491008567
    vertex 3.384742468413825 1.095701678210319 0.507297671875839
    vertex 3.498186389575501 1.072614478220203 0.3494731886798581
  endloop
endfacet
facet normal -0.00149456 0.989314 -0.145795
  outer loop
    vertex 3.498186389575501 1.072614478220203 0.3494731886798581
    vertex 3.384742468413825 1.095701678210319 0.507297671875839
    vertex 3.579530987467145 1.097094403661151 0.5147514225321554
  endloop
endfacet
facet normal 0.326053 0.779769 -0.534461
  outer loop
    vertex 6.6399951350677 0.8456388337241743 1.167892525585229
    vertex 6.456222375483949 0.9252974293390942 1.172000697383024
    vertex 6.596764788973106 0.9621434763470521 1.311497594424155
  endloop
endfacet
facet normal 0.0362495 0.973026 -0.22783
  outer loop
    vertex 4.730859427789577 1.159649016820886 0.949203506914559
    vertex 4.920349862664199 1.155004030219383 0.9595149106126072
    vertex 4.844449839014569 1.118304102975425 0.7906989306116432
  endloop
endfacet
facet normal -0.00277858 0.9902 -0.13963
  outer loop
    vertex 3.189501919168849 1.09441651029651 0.5020689745654769
    vertex 3.384742468413825 1.095701678210319 0.507297671875839
    vertex 3.302513943679871 1.072005968298967 0.3408930491008567
  endloop
endfacet
facet normal -0.0065362 0.994925 -0.100404
  outer loop
    vertex 1.477776211197586 1.102663117678422 0.6463501935503959
    vertex 1.6715288116428 1.105684565304648 0.6636773432074341
    vertex 1.637787899885909 1.0889772241139 0.5003166075683572
  endloop
endfacet
facet normal 0.211799 0.878996 -0.427209
  outer loop
    vertex 6.218863375647586 1.08158081755101 1.311497594424155
    vertex 6.11624805745756 1.035057825011627 1.164901190835304
    vertex 6.026155636551433 1.128014930245903 1.311497594424154
  endloop
endfacet
facet normal 0.264279 0.850435 -0.454881
  outer loop
    vertex 6.291700626047009 0.9824095412689703 1.16840642379425
    vertex 6.11624805745756 1.035057825011627 1.164901190835304
    vertex 6.218863375647586 1.08158081755101 1.311497594424155
  endloop
endfacet
facet normal -0.00409686 0.996653 -0.0816509
  outer loop
    vertex 0.4761844355695658 1.084016079326434 0.4971095530509554
    vertex 0.6603286653571109 1.084463172239982 0.4933273898367608
    vertex 0.5605400610201305 1.070809161615215 0.3316698901377029
  endloop
endfacet
facet normal -0.00398834 0.996243 -0.0865155
  outer loop
    vertex 0.7564032983759819 1.070809167530156 0.3316698881807832
    vertex 0.6603286653571109 1.084463172239982 0.4933273898367608
    vertex 0.845145889008017 1.084780008778289 0.4884558035849516
  endloop
endfacet
facet normal -0.0120766 0.996324 -0.0848107
  outer loop
    vertex 1.093198891163501 1.128610644331405 0.9819403414943848
    vertex 1.284031268723479 1.13047419802619 0.9766591312529367
    vertex 1.190953711502785 1.115664171854485 0.8159302412774704
  endloop
endfacet
facet normal 0.359064 0.736064 -0.573832
  outer loop
    vertex 6.501427785175008 0.8184992520363372 1.046315626497512
    vertex 6.708522601481723 0.7416952466367288 1.077383431648729
    vertex 6.58107018877941 0.7257719850052307 0.9772074398744448
  endloop
endfacet
facet normal 0.280982 0.819459 -0.499536
  outer loop
    vertex 6.596764788973106 0.9621434763470521 1.311497594424155
    vertex 6.456222375483949 0.9252974293390942 1.172000697383024
    vertex 6.409261733301415 1.026435771195307 1.311497594424157
  endloop
endfacet
facet normal -0.0116758 0.99529 -0.0962322
  outer loop
    vertex 1.872777979843495 1.137008067271797 0.9712713616778521
    vertex 2.074736104510178 1.139535905493639 0.9729123383262788
    vertex 1.973154299584557 1.121790122922374 0.8016998158541713
  endloop
endfacet
facet normal 0.320852 0.775045 -0.544389
  outer loop
    vertex 5.897840578006974 0.8596148348515729 0.7413891633227502
    vertex 6.098552141332037 0.783456488726376 0.7512580817189336
    vertex 5.991203428884891 0.7335380140439615 0.6169202443746798
  endloop
endfacet
facet normal -0.00423211 0.997075 -0.0763066
  outer loop
    vertex 0.2916119831001931 1.083890736154986 0.5057084686396266
    vertex 0.4085737741596526 1.095440083121962 0.6501333794188795
    vertex 0.4761844355695658 1.084016079326434 0.4971095530509554
  endloop
endfacet
facet normal -0.0127654 0.997621 -0.0677465
  outer loop
    vertex -0.09552556720599729 1.123171717483278 1.115523302368197
    vertex 0.06437530531543202 1.119370602971576 1.029419041565008
    vertex -0.07840885496376043 1.110083275555274 0.919560409949604
  endloop
endfacet
facet normal -0.0042517 0.997043 -0.0767275
  outer loop
    vertex 0.3646768182623939 1.070809155756444 0.3316698924179987
    vertex 0.2916119831001931 1.083890736154986 0.5057084686396266
    vertex 0.4761844355695658 1.084016079326434 0.4971095530509554
  endloop
endfacet
facet normal 0.294767 0.818048 -0.493872
  outer loop
    vertex 6.409261733301415 1.026435771195307 1.311497594424157
    vertex 6.456222375483949 0.9252974293390942 1.172000697383024
    vertex 6.291700626047009 0.9824095412689703 1.16840642379425
  endloop
endfacet
facet normal 0.645555 0.431843 -0.629897
  outer loop
    vertex 7.455904841812879 0 0.954364948523323
    vertex 7.483437441235321 0.1130797818591483 1.060106959198109
    vertex 7.572061568971987 0 1.073409163823596
  endloop
endfacet
facet normal 0.498352 0.582955 -0.641723
  outer loop
    vertex 7.161089197469687 0.2812516719765882 0.928493930556032
    vertex 7.125108466534804 0.4330837336917167 1.038479478241028
    vertex 7.281855483167234 0.32713283131018 1.063958640790185
  endloop
endfacet
facet normal 0.0233684 0.986302 -0.163285
  outer loop
    vertex 5.041203923620898 1.216203622241009 1.311497594424155
    vertex 5.140222558521095 1.188157788572702 1.156261781141128
    vertex 4.95738702492877 1.190870960547197 1.146484015781643
  endloop
endfacet
facet normal -0.00337655 0.994385 -0.105769
  outer loop
    vertex 2.009345056770819 1.087946339238921 0.4788430737935264
    vertex 1.833651062318814 1.086156929426447 0.467628831273642
    vertex 1.859507344362133 1.10422525735966 0.636671782936149
  endloop
endfacet
facet normal -0.00563668 0.991201 -0.132245
  outer loop
    vertex 3.27896317778599 1.115485744587066 0.6600918073506918
    vertex 3.47110473152399 1.11692527823652 0.6626917370364001
    vertex 3.384742468413825 1.095701678210319 0.507297671875839
  endloop
endfacet
facet normal 0.0631926 0.975196 -0.212129
  outer loop
    vertex 5.334235560070709 1.17266443804861 1.142831845241516
    vertex 5.140222558521095 1.188157788572702 1.156261781141128
    vertex 5.239438859120933 1.215496123176905 1.311497594424155
  endloop
endfacet
facet normal -0.0106223 0.993445 -0.113818
  outer loop
    vertex 3.460707844768953 1.155552860837958 0.9756719310478061
    vertex 3.55691668183467 1.175627040300461 1.141908295077356
    vertex 3.650846943920179 1.157285907209977 0.9730534857926609
  endloop
endfacet
facet normal -3.09331e-08 0.996452 -0.0841629
  outer loop
    vertex 0.5605400610201305 1.070809161615215 0.3316698901377029
    vertex 0.6603286653571109 1.084463172239982 0.4933273898367608
    vertex 0.7564032983759819 1.070809167530156 0.3316698881807832
  endloop
endfacet
facet normal -0.00624184 0.993281 -0.11556
  outer loop
    vertex 2.29676637173163 1.108800370600329 0.6533425403047504
    vertex 2.497467683476334 1.11020540305386 0.6545786699006829
    vertex 2.410458736690294 1.090468697516881 0.489634125817289
  endloop
endfacet
facet normal 0.109341 0.944396 -0.310099
  outer loop
    vertex 5.132820321654744 1.145269918349333 0.9801912670373114
    vertex 5.332703888628891 1.119332264975601 0.97167810236199
    vertex 5.232126530316364 1.082445417161035 0.8238770168827014
  endloop
endfacet
facet normal -0.01249 0.997376 -0.0713146
  outer loop
    vertex 0.2724407177959472 1.116582431149898 0.9539842312311574
    vertex 0.06437530531543202 1.119370602971576 1.029419041565008
    vertex 0.1963258317978623 1.12944348454342 1.147184279375794
  endloop
endfacet
facet normal -0.003032 0.991447 -0.130473
  outer loop
    vertex 3.189501919168849 1.09441651029651 0.5020689745654769
    vertex 3.27896317778599 1.115485744587066 0.6600918073506918
    vertex 3.384742468413825 1.095701678210319 0.507297671875839
  endloop
endfacet
facet normal 0.148342 0.919156 -0.364893
  outer loop
    vertex 5.731630524462045 1.125044514767426 1.163069122253974
    vertex 5.659023460737235 1.075189302027072 1.007967491913607
    vertex 5.542432371911096 1.154952033610623 1.161489349546772
  endloop
endfacet
facet normal -0.00591745 0.992434 -0.122637
  outer loop
    vertex 2.694824608929785 1.111562249602763 0.6558044708713097
    vertex 2.889277350176132 1.112864249559586 0.6569581609740356
    vertex 2.801880327556267 1.092352730026551 0.4951871617711031
  endloop
endfacet
facet normal 0.150198 0.92219 -0.35638
  outer loop
    vertex 5.419967873526481 1.054066684410258 0.8395707573860616
    vertex 5.332703888628891 1.119332264975601 0.97167810236199
    vertex 5.503563127163954 1.100454563069782 0.9948385457428122
  endloop
endfacet
facet normal -0.00321109 0.993535 -0.113484
  outer loop
    vertex 2.410458736690294 1.090468697516881 0.489634125817289
    vertex 2.212895210963275 1.089501827404341 0.4867594909106947
    vertex 2.29676637173163 1.108800370600329 0.6533425403047504
  endloop
endfacet
facet normal 0.488112 0.561429 -0.66824
  outer loop
    vertex 7.125108466534804 0.4330837336917167 1.038479478241028
    vertex 7.274420733872762 0.4601355341105817 1.17027149511101
    vertex 7.281855483167234 0.32713283131018 1.063958640790185
  endloop
endfacet
facet normal -0.00481046 0.990785 -0.135356
  outer loop
    vertex 4.134549355666438 1.139807271386503 0.8052660566135936
    vertex 4.202476188817844 1.16112358068818 0.9588842032273576
    vertex 4.327659477386866 1.14706714534765 0.85154425270361
  endloop
endfacet
facet normal -0.00643671 0.994479 -0.104741
  outer loop
    vertex 2.29676637173163 1.108800370600329 0.6533425403047504
    vertex 2.089446391786912 1.1073031525854 0.6518675384992045
    vertex 2.184247262927209 1.124491289391971 0.8092367545483169
  endloop
endfacet
facet normal -0.00932364 0.992247 -0.123932
  outer loop
    vertex 4.149768687426419 1.18339658468782 1.141175503407754
    vertex 4.202476188817844 1.16112358068818 0.9588842032273576
    vertex 4.020120707007613 1.160476821068041 0.9674249352641594
  endloop
endfacet
facet normal -0.00683318 0.995807 -0.0912278
  outer loop
    vertex 1.477776211197586 1.102663117678422 0.6463501935503959
    vertex 1.280310363614767 1.103146139564031 0.6664133271223627
    vertex 1.381099539270264 1.116889374795333 0.8088796234755593
  endloop
endfacet
facet normal -0.00662025 0.994831 -0.101326
  outer loop
    vertex 1.973154299584557 1.121790122922374 0.8016998158541713
    vertex 2.089446391786912 1.1073031525854 0.6518675384992045
    vertex 1.859507344362133 1.10422525735966 0.636671782936149
  endloop
endfacet
facet normal -3.19235e-08 0.997187 -0.0749534
  outer loop
    vertex 0.168813577998568 1.070809149478074 0.331669892310327
    vertex 0.2916119831001931 1.083890736154986 0.5057084686396266
    vertex 0.3646768182623939 1.070809155756444 0.3316698924179987
  endloop
endfacet
facet normal -0.00730721 0.996114 -0.0877649
  outer loop
    vertex 1.190953711502785 1.115664171854485 0.8159302412774704
    vertex 1.280310363614767 1.103146139564031 0.6664133271223627
    vertex 1.110982700811916 1.100875989055989 0.6547456052149618
  endloop
endfacet
facet normal 0.0931935 0.963402 -0.25134
  outer loop
    vertex 4.844449839014569 1.118304102975425 0.7906989306116432
    vertex 4.920349862664199 1.155004030219383 0.9595149106126072
    vertex 5.038333141919374 1.104123357436139 0.808232579609214
  endloop
endfacet
facet normal 0.105511 0.957521 -0.268368
  outer loop
    vertex 5.437545059757514 1.208553131769106 1.311497594424156
    vertex 5.542432371911096 1.154952033610623 1.161489349546772
    vertex 5.334235560070709 1.17266443804861 1.142831845241516
  endloop
endfacet
facet normal 0.348045 0.742319 -0.572562
  outer loop
    vertex 6.172989516156806 0.6659171382558389 0.6441183565743123
    vertex 6.098552141332037 0.783456488726376 0.7512580817189336
    vertex 6.266877224112213 0.7362009673680187 0.7923123627072918
  endloop
endfacet
facet normal -0.003049 0.992678 -0.120755
  outer loop
    vertex 2.801880327556267 1.092352730026551 0.4951871617711031
    vertex 2.607258833794463 1.091415741960847 0.492398637332484
    vertex 2.694824608929785 1.111562249602763 0.6558044708713097
  endloop
endfacet
facet normal -0.00596929 0.993355 -0.114938
  outer loop
    vertex 2.785882210712383 1.130593750093774 0.8155559645548143
    vertex 2.889277350176132 1.112864249559586 0.6569581609740356
    vertex 2.694824608929785 1.111562249602763 0.6558044708713097
  endloop
endfacet
facet normal -0.0062934 0.994116 -0.108138
  outer loop
    vertex 2.387577320025513 1.126754398929764 0.8131099896063649
    vertex 2.497467683476334 1.11020540305386 0.6545786699006829
    vertex 2.29676637173163 1.108800370600329 0.6533425403047504
  endloop
endfacet
facet normal -0.00613932 0.993742 -0.111533
  outer loop
    vertex 2.694824608929785 1.111562249602763 0.6558044708713097
    vertex 2.497467683476334 1.11020540305386 0.6545786699006829
    vertex 2.58794340972167 1.128781511972691 0.815108536221832
  endloop
endfacet
facet normal 0.649161 0.421159 -0.633415
  outer loop
    vertex 7.572061568971987 0 1.073409163823596
    vertex 7.562864936876764 0.1697972782035138 1.176882380665004
    vertex 7.688218296131093 0 1.192453379123872
  endloop
endfacet
facet normal -0.00708599 0.995513 -0.0943584
  outer loop
    vertex 1.572755613174707 1.117855150872426 0.7994986338998347
    vertex 1.6715288116428 1.105684565304648 0.6636773432074341
    vertex 1.477776211197586 1.102663117678422 0.6463501935503959
  endloop
endfacet
facet normal -0.00301059 0.992084 -0.125542
  outer loop
    vertex 2.410458736690294 1.090468697516881 0.489634125817289
    vertex 2.607258833794463 1.091415741960847 0.492398637332484
    vertex 2.519172241252578 1.07080903592451 0.3316688179691645
  endloop
endfacet
facet normal -0.00635854 0.995163 -0.098036
  outer loop
    vertex 1.859507344362133 1.10422525735966 0.636671782936149
    vertex 1.6715288116428 1.105684565304648 0.6636773432074341
    vertex 1.770865875976549 1.119920616262585 0.8017444017124391
  endloop
endfacet
facet normal -0.00308488 0.992547 -0.121826
  outer loop
    vertex 2.323309226180014 1.070809190189954 0.3316697323098725
    vertex 2.212895210963275 1.089501827404341 0.4867594909106947
    vertex 2.410458736690294 1.090468697516881 0.489634125817289
  endloop
endfacet
facet normal -0.00299783 0.993005 -0.118033
  outer loop
    vertex 2.009345056770819 1.087946339238921 0.4788430737935264
    vertex 2.212895210963275 1.089501827404341 0.4867594909106947
    vertex 2.127445978763352 1.07080920790177 0.3316698687883576
  endloop
endfacet
facet normal -0.00292445 0.991628 -0.129095
  outer loop
    vertex 2.715035713052107 1.070809082171014 0.3316690455728275
    vertex 2.607258833794463 1.091415741960847 0.492398637332484
    vertex 2.801880327556267 1.092352730026551 0.4951871617711031
  endloop
endfacet
facet normal -0.00393988 0.993993 -0.109369
  outer loop
    vertex 1.637787899885909 1.0889772241139 0.5003166075683572
    vertex 1.833651062318814 1.086156929426447 0.467628831273642
    vertex 1.735719507970347 1.070809190840037 0.3316698427993595
  endloop
endfacet
facet normal -0.00282995 0.993456 -0.114185
  outer loop
    vertex 1.93158274020596 1.070809212288807 0.3316699293748641
    vertex 1.833651062318814 1.086156929426447 0.467628831273642
    vertex 2.009345056770819 1.087946339238921 0.4788430737935264
  endloop
endfacet
facet normal 0.42711 0.647161 -0.631474
  outer loop
    vertex 6.974150447254959 0.6742818704063619 1.170955759160872
    vertex 7.110964175857852 0.5565516481457404 1.142837592095141
    vertex 6.970833632828487 0.5338945602096423 1.024837393149587
  endloop
endfacet
facet normal -0.00374398 0.997747 -0.0669915
  outer loop
    vertex -0.04417162603421829 1.083902567995135 0.5276352128511268
    vertex 0.1176193714894624 1.081237781189394 0.4789048306521255
    vertex -0.02704988940372854 1.070809253054905 0.3316714690261778
  endloop
endfacet
facet normal 0.0035135 0.984452 -0.175616
  outer loop
    vertex 5.239438859120933 1.215496123176905 1.311497594424155
    vertex 5.140222558521095 1.188157788572702 1.156261781141128
    vertex 5.041203923620898 1.216203622241009 1.311497594424155
  endloop
endfacet
facet normal -0.00383414 0.995811 -0.091354
  outer loop
    vertex 0.845145889008017 1.084780008778289 0.4884558035849516
    vertex 1.046710314743172 1.085159197911214 0.4841295010456679
    vertex 0.9522665390033705 1.070809174656352 0.3316698931282968
  endloop
endfacet
facet normal -0.00365973 0.995363 -0.0961215
  outer loop
    vertex 1.148129784087575 1.07080918281972 0.3316699039897167
    vertex 1.046710314743172 1.085159197911214 0.4841295010456679
    vertex 1.284302227169994 1.088126645629533 0.5058121202571766
  endloop
endfacet
facet normal 0.245831 0.862667 -0.442011
  outer loop
    vertex 6.013408400506735 0.9803806372688095 1.007037408041523
    vertex 5.817103419674366 0.9734848214070164 0.8844010020196235
    vertex 5.805991459368968 1.046752665583463 1.021216893885549
  endloop
endfacet
facet normal -0.0127141 0.992164 -0.124296
  outer loop
    vertex 4.351852215393093 1.174126330413404 1.047569013296374
    vertex 4.348348425434601 1.192593877627806 1.195340437723834
    vertex 4.54597319130002 1.188359061098992 1.141322109324469
  endloop
endfacet
facet normal -0.0122787 0.997074 -0.0754513
  outer loop
    vertex 0.6977775854596056 1.124357470909751 0.9891488141210043
    vertex 0.4895320155125877 1.122212887241882 0.9946978895901124
    vertex 0.5849818632772505 1.134869614997861 1.146420822035537
  endloop
endfacet
facet normal 0.17884 0.922064 -0.343242
  outer loop
    vertex 5.542432371911096 1.154952033610623 1.161489349546772
    vertex 5.659023460737235 1.075189302027072 1.007967491913607
    vertex 5.503563127163954 1.100454563069782 0.9948385457428122
  endloop
endfacet
facet normal -0.014221 0.99309 -0.116491
  outer loop
    vertex 4.248805821678681 1.204793868749778 1.311497594424157
    vertex 4.348348425434601 1.192593877627806 1.195340437723834
    vertex 4.149768687426419 1.18339658468782 1.141175503407754
  endloop
endfacet
facet normal -0.00986943 0.996455 -0.0835411
  outer loop
    vertex 1.005764563016784 1.113999795834671 0.8177863140595805
    vertex 0.9291977209405823 1.099562029656621 0.6546221193405247
    vertex 0.8169723460240277 1.11212628489436 0.8177432359908727
  endloop
endfacet
facet normal 0.150308 0.933699 -0.324983
  outer loop
    vertex 5.731630524462045 1.125044514767426 1.163069122253974
    vertex 5.542432371911096 1.154952033610623 1.161489349546772
    vertex 5.635089500087828 1.192247788232027 1.311497594424154
  endloop
endfacet
facet normal -0.0117472 0.992608 -0.120793
  outer loop
    vertex 4.54597319130002 1.188359061098992 1.141322109324469
    vertex 4.348348425434601 1.192593877627806 1.195340437723834
    vertex 4.446542086014984 1.207891439148907 1.311497594424155
  endloop
endfacet
facet normal -4.1261e-08 0.997501 -0.0706529
  outer loop
    vertex -0.02704988940372854 1.070809253054905 0.3316714690261778
    vertex 0.1176193714894624 1.081237781189394 0.4789048306521255
    vertex 0.168813577998568 1.070809149478074 0.331669892310327
  endloop
endfacet
facet normal -0.000514683 0.988244 -0.152883
  outer loop
    vertex 4.327659477386866 1.14706714534765 0.85154425270361
    vertex 4.254165169070707 1.125155226756938 0.710151582189249
    vertex 4.134549355666438 1.139807271386503 0.8052660566135936
  endloop
endfacet
facet normal 0.638859 0.425278 -0.641091
  outer loop
    vertex 7.483437441235321 0.1130797818591483 1.060106959198109
    vertex 7.562864936876764 0.1697972782035138 1.176882380665004
    vertex 7.572061568971987 0 1.073409163823596
  endloop
endfacet
facet normal -0.00405999 0.995206 -0.0977168
  outer loop
    vertex 1.637787899885909 1.0889772241139 0.5003166075683572
    vertex 1.471896938323809 1.086864276579033 0.4856896087409569
    vertex 1.477776211197586 1.102663117678422 0.6463501935503959
  endloop
endfacet
facet normal 0.45329 0.60512 -0.654491
  outer loop
    vertex 6.970833632828487 0.5338945602096423 1.024837393149587
    vertex 7.110964175857852 0.5565516481457404 1.142837592095141
    vertex 7.125108466534804 0.4330837336917167 1.038479478241028
  endloop
endfacet
facet normal 0.279846 0.83607 -0.471883
  outer loop
    vertex 6.11624805745756 1.035057825011627 1.164901190835304
    vertex 6.210764712153068 0.9337566937628885 1.041470712648522
    vertex 6.013408400506735 0.9803806372688095 1.007037408041523
  endloop
endfacet
facet normal -0.00519001 0.990614 -0.136592
  outer loop
    vertex 3.47110473152399 1.11692527823652 0.6626917370364001
    vertex 3.663154590554266 1.118507362129309 0.6668683629402534
    vertex 3.579530987467145 1.097094403661151 0.5147514225321554
  endloop
endfacet
facet normal -0.00194761 0.990944 -0.13426
  outer loop
    vertex 3.384742468413825 1.095701678210319 0.507297671875839
    vertex 3.47110473152399 1.11692527823652 0.6626917370364001
    vertex 3.579530987467145 1.097094403661151 0.5147514225321554
  endloop
endfacet
facet normal -0.00991207 0.996902 -0.0780299
  outer loop
    vertex 0.8169723460240277 1.11212628489436 0.8177432359908727
    vertex 0.626229681138849 1.110156073737821 0.8168018900095912
    vertex 0.6977775854596056 1.124357470909751 0.9891488141210043
  endloop
endfacet
facet normal -0.00436734 0.997511 -0.0703809
  outer loop
    vertex 0.2916119831001931 1.083890736154986 0.5057084686396266
    vertex 0.1176193714894624 1.081237781189394 0.4789048306521255
    vertex 0.1119839241961563 1.092682381832149 0.6414590952774514
  endloop
endfacet
facet normal -0.00723244 0.996665 -0.081275
  outer loop
    vertex 0.571017493257966 1.09690937182022 0.6539010942131503
    vertex 0.7430901232148546 1.09814130374355 0.653695856005963
    vertex 0.6603286653571109 1.084463172239982 0.4933273898367608
  endloop
endfacet
facet normal 0.36068 0.742694 -0.564195
  outer loop
    vertex 5.991203428884891 0.7335380140439615 0.6169202443746798
    vertex 6.098552141332037 0.783456488726376 0.7512580817189336
    vertex 6.172989516156806 0.6659171382558389 0.6441183565743123
  endloop
endfacet
facet normal -0.00826854 0.992319 -0.123426
  outer loop
    vertex 3.36927987605231 1.135226859679935 0.8127554447012078
    vertex 3.27896317778599 1.115485744587066 0.6600918073506918
    vertex 3.177535035610564 1.133902334177564 0.8149518753327385
  endloop
endfacet
facet normal 0.168327 0.923387 -0.344996
  outer loop
    vertex 5.232126530316364 1.082445417161035 0.8238770168827014
    vertex 5.332703888628891 1.119332264975601 0.97167810236199
    vertex 5.419967873526481 1.054066684410258 0.8395707573860616
  endloop
endfacet
facet normal -0.00562646 0.992548 -0.121723
  outer loop
    vertex 3.177535035610564 1.133902334177564 0.8149518753327385
    vertex 3.27896317778599 1.115485744587066 0.6600918073506918
    vertex 3.085424865062666 1.114201331232549 0.6585645174835397
  endloop
endfacet
facet normal 0.323925 0.775262 -0.542255
  outer loop
    vertex 6.6399951350677 0.8456388337241743 1.167892525585229
    vertex 6.501427785175008 0.8184992520363372 1.046315626497512
    vertex 6.456222375483949 0.9252974293390942 1.172000697383024
  endloop
endfacet
facet normal 0.00850712 0.985623 -0.168747
  outer loop
    vertex 4.537086500581521 1.159468831466604 0.9345383379271746
    vertex 4.468793868284408 1.128800302770294 0.751965785561695
    vertex 4.327659477386866 1.14706714534765 0.85154425270361
  endloop
endfacet
facet normal 0.323211 0.782924 -0.531567
  outer loop
    vertex 5.897840578006974 0.8596148348515729 0.7413891633227502
    vertex 6.027308824320868 0.8895205078861991 0.8641571344389235
    vertex 6.098552141332037 0.783456488726376 0.7512580817189336
  endloop
endfacet
facet normal 0.0788216 0.954949 -0.286111
  outer loop
    vertex 5.635089500087828 1.192247788232027 1.311497594424154
    vertex 5.542432371911096 1.154952033610623 1.161489349546772
    vertex 5.437545059757514 1.208553131769106 1.311497594424156
  endloop
endfacet
facet normal -0.00382564 0.98977 -0.142619
  outer loop
    vertex 3.663154590554266 1.118507362129309 0.6668683629402534
    vertex 3.857588112945053 1.120069207086098 0.6724919960758547
    vertex 3.774097080204618 1.098500671201099 0.5250462885298436
  endloop
endfacet
facet normal 0.0325086 0.982387 -0.184009
  outer loop
    vertex 4.166147980055344 1.099344690326794 0.5568040654673222
    vertex 4.254165169070707 1.125155226756938 0.710151582189249
    vertex 4.365828947030056 1.096591082905775 0.5773804903713682
  endloop
endfacet
facet normal -0.00904306 0.994621 -0.103187
  outer loop
    vertex 2.184247262927209 1.124491289391971 0.8092367545483169
    vertex 2.089446391786912 1.1073031525854 0.6518675384992045
    vertex 1.973154299584557 1.121790122922374 0.8016998158541713
  endloop
endfacet
facet normal 0.000224896 0.99022 -0.139513
  outer loop
    vertex 3.579530987467145 1.097094403661151 0.5147514225321554
    vertex 3.663154590554266 1.118507362129309 0.6668683629402534
    vertex 3.774097080204618 1.098500671201099 0.5250462885298436
  endloop
endfacet
facet normal -0.00972495 0.995966 -0.0891975
  outer loop
    vertex 1.381099539270264 1.116889374795333 0.8088796234755593
    vertex 1.280310363614767 1.103146139564031 0.6664133271223627
    vertex 1.190953711502785 1.115664171854485 0.8159302412774704
  endloop
endfacet
facet normal 0.0210115 0.980903 -0.193359
  outer loop
    vertex 4.365828947030056 1.096591082905775 0.5773804903713682
    vertex 4.254165169070707 1.125155226756938 0.710151582189249
    vertex 4.468793868284408 1.128800302770294 0.751965785561695
  endloop
endfacet
facet normal -0.00975368 0.99104 -0.133206
  outer loop
    vertex 4.020120707007613 1.160476821068041 0.9674249352641594
    vertex 4.202476188817844 1.16112358068818 0.9588842032273576
    vertex 4.134549355666438 1.139807271386503 0.8052660566135936
  endloop
endfacet
facet normal -0.00544419 0.990683 -0.136082
  outer loop
    vertex 4.327659477386866 1.14706714534765 0.85154425270361
    vertex 4.202476188817844 1.16112358068818 0.9588842032273576
    vertex 4.351852215393093 1.174126330413404 1.047569013296374
  endloop
endfacet
facet normal -0.00574321 0.992153 -0.124899
  outer loop
    vertex 3.36927987605231 1.135226859679935 0.8127554447012078
    vertex 3.47110473152399 1.11692527823652 0.6626917370364001
    vertex 3.27896317778599 1.115485744587066 0.6600918073506918
  endloop
endfacet
facet normal -0.00846168 0.992729 -0.120076
  outer loop
    vertex 3.177535035610564 1.133902334177564 0.8149518753327385
    vertex 3.085424865062666 1.114201331232549 0.6585645174835397
    vertex 2.983162843663542 1.132256697962118 0.8150438619592779
  endloop
endfacet
facet normal 0.312924 0.782769 -0.537913
  outer loop
    vertex 6.098552141332037 0.783456488726376 0.7512580817189336
    vertex 6.027308824320868 0.8895205078861991 0.8641571344389235
    vertex 6.188420877924702 0.856811013304154 0.91028339370714
  endloop
endfacet
facet normal -8.64253e-08 0.991881 -0.127166
  outer loop
    vertex 2.519172241252578 1.07080903592451 0.3316688179691645
    vertex 2.607258833794463 1.091415741960847 0.492398637332484
    vertex 2.715035713052107 1.070809082171014 0.3316690455728275
  endloop
endfacet
facet normal -0.014272 0.997451 -0.0699097
  outer loop
    vertex 0.08578247596931407 1.139378230691275 1.311497594424157
    vertex 0.1963258317978623 1.12944348454342 1.147184279375794
    vertex -0.01318637641417041 1.128958876181593 1.183041810312733
  endloop
endfacet
facet normal 0.524848 0.524869 -0.670109
  outer loop
    vertex 7.440003307144926 0.3231448100294857 1.184700745181595
    vertex 7.394678101471329 0.241259232084347 1.08506317974593
    vertex 7.281855483167234 0.32713283131018 1.063958640790185
  endloop
endfacet
facet normal 6.39878e-09 0.992815 -0.119662
  outer loop
    vertex 2.127445978763352 1.07080920790177 0.3316698687883576
    vertex 2.212895210963275 1.089501827404341 0.4867594909106947
    vertex 2.323309226180014 1.070809190189954 0.3316697323098725
  endloop
endfacet
facet normal -0.00807997 0.991939 -0.126458
  outer loop
    vertex 3.562172064879382 1.136467675735057 0.8101636836364361
    vertex 3.47110473152399 1.11692527823652 0.6626917370364001
    vertex 3.36927987605231 1.135226859679935 0.8127554447012078
  endloop
endfacet
facet normal -0.00579935 0.992954 -0.118362
  outer loop
    vertex 3.085424865062666 1.114201331232549 0.6585645174835397
    vertex 2.889277350176132 1.112864249559586 0.6569581609740356
    vertex 2.983162843663542 1.132256697962118 0.8150438619592779
  endloop
endfacet
facet normal -0.00895847 0.993895 -0.109962
  outer loop
    vertex 2.58794340972167 1.128781511972691 0.815108536221832
    vertex 2.497467683476334 1.11020540305386 0.6545786699006829
    vertex 2.387577320025513 1.126754398929764 0.8131099896063649
  endloop
endfacet
facet normal -0.00867433 0.993132 -0.116676
  outer loop
    vertex 2.983162843663542 1.132256697962118 0.8150438619592779
    vertex 2.889277350176132 1.112864249559586 0.6569581609740356
    vertex 2.785882210712383 1.130593750093774 0.8155559645548143
  endloop
endfacet
facet normal 0.569524 0.518546 -0.637772
  outer loop
    vertex 7.317445265991454 0.1744073370616545 0.9617404671278302
    vertex 7.394678101471329 0.241259232084347 1.08506317974593
    vertex 7.483437441235321 0.1130797818591483 1.060106959198109
  endloop
endfacet
facet normal -5.92352e-08 0.993689 -0.112173
  outer loop
    vertex 1.735719507970347 1.070809190840037 0.3316698427993595
    vertex 1.833651062318814 1.086156929426447 0.467628831273642
    vertex 1.93158274020596 1.070809212288807 0.3316699293748641
  endloop
endfacet
facet normal -0.00928965 0.995343 -0.0959458
  outer loop
    vertex 1.770865875976549 1.119920616262585 0.8017444017124391
    vertex 1.6715288116428 1.105684565304648 0.6636773432074341
    vertex 1.572755613174707 1.117855150872426 0.7994986338998347
  endloop
endfacet
facet normal -0.00538408 0.991747 -0.128098
  outer loop
    vertex 3.562172064879382 1.136467675735057 0.8101636836364361
    vertex 3.663154590554266 1.118507362129309 0.6668683629402534
    vertex 3.47110473152399 1.11692527823652 0.6626917370364001
  endloop
endfacet
facet normal -0.00389583 0.996543 -0.0829865
  outer loop
    vertex 0.6603286653571109 1.084463172239982 0.4933273898367608
    vertex 0.7430901232148546 1.09814130374355 0.653695856005963
    vertex 0.845145889008017 1.084780008778289 0.4884558035849516
  endloop
endfacet
facet normal -0.00720145 0.996629 -0.081719
  outer loop
    vertex 0.8169723460240277 1.11212628489436 0.8177432359908727
    vertex 0.9291977209405823 1.099562029656621 0.6546221193405247
    vertex 0.7430901232148546 1.09814130374355 0.653695856005963
  endloop
endfacet
facet normal 0.00518694 0.989031 -0.147614
  outer loop
    vertex 3.774097080204618 1.098500671201099 0.5250462885298436
    vertex 3.857588112945053 1.120069207086098 0.6724919960758547
    vertex 3.968789059415212 1.099500351544491 0.5385854730676944
  endloop
endfacet
facet normal -0.00714426 0.996371 -0.0848125
  outer loop
    vertex 1.110982700811916 1.100875989055989 0.6547456052149618
    vertex 0.9291977209405823 1.099562029656621 0.6546221193405247
    vertex 1.005764563016784 1.113999795834671 0.8177863140595805
  endloop
endfacet
facet normal -3.6299e-08 0.9956 -0.0937092
  outer loop
    vertex 0.9522665390033705 1.070809174656352 0.3316698931282968
    vertex 1.046710314743172 1.085159197911214 0.4841295010456679
    vertex 1.148129784087575 1.07080918281972 0.3316699039897167
  endloop
endfacet
facet normal -0.00799813 0.991494 -0.129908
  outer loop
    vertex 3.755497519659539 1.137523441746797 0.8063189912899267
    vertex 3.663154590554266 1.118507362129309 0.6668683629402534
    vertex 3.562172064879382 1.136467675735057 0.8101636836364361
  endloop
endfacet
facet normal -0.00110313 0.988269 -0.15272
  outer loop
    vertex 3.857588112945053 1.120069207086098 0.6724919960758547
    vertex 4.049932819093307 1.121542060013957 0.6806336439725316
    vertex 3.968789059415212 1.099500351544491 0.5385854730676944
  endloop
endfacet
facet normal 0.179836 0.898699 -0.399999
  outer loop
    vertex 5.503563127163954 1.100454563069782 0.9948385457428122
    vertex 5.659023460737235 1.075189302027072 1.007967491913607
    vertex 5.610749720244232 1.018704119091594 0.8593557009408342
  endloop
endfacet
facet normal -0.0041318 0.991184 -0.132426
  outer loop
    vertex 3.755497519659539 1.137523441746797 0.8063189912899267
    vertex 3.857588112945053 1.120069207086098 0.6724919960758547
    vertex 3.663154590554266 1.118507362129309 0.6668683629402534
  endloop
endfacet
facet normal -0.00477295 0.997508 -0.0703948
  outer loop
    vertex 0.1119839241961563 1.092682381832149 0.6414590952774514
    vertex 0.1176193714894624 1.081237781189394 0.4789048306521255
    vertex -0.04417162603421829 1.083902567995135 0.5276352128511268
  endloop
endfacet
facet normal 0.389747 0.693369 -0.606083
  outer loop
    vertex 6.58107018877941 0.7257719850052307 0.9772074398744448
    vertex 6.708522601481723 0.7416952466367288 1.077383431648729
    vertex 6.793712887644003 0.6348814487668747 1.009968954678182
  endloop
endfacet
facet normal 0.538953 0.551644 -0.636568
  outer loop
    vertex 7.281855483167234 0.32713283131018 1.063958640790185
    vertex 7.394678101471329 0.241259232084347 1.08506317974593
    vertex 7.317445265991454 0.1744073370616545 0.9617404671278302
  endloop
endfacet
facet normal -0.00715371 0.990862 -0.134689
  outer loop
    vertex 3.950350728532686 1.138572443329182 0.8036869591002069
    vertex 3.857588112945053 1.120069207086098 0.6724919960758547
    vertex 3.755497519659539 1.137523441746797 0.8063189912899267
  endloop
endfacet
facet normal -0.00172283 0.990367 -0.138459
  outer loop
    vertex 3.950350728532686 1.138572443329182 0.8036869591002069
    vertex 4.049932819093307 1.121542060013957 0.6806336439725316
    vertex 3.857588112945053 1.120069207086098 0.6724919960758547
  endloop
endfacet
facet normal 0.0157411 0.98665 -0.162091
  outer loop
    vertex 3.968789059415212 1.099500351544491 0.5385854730676944
    vertex 4.049932819093307 1.121542060013957 0.6806336439725316
    vertex 4.166147980055344 1.099344690326794 0.5568040654673222
  endloop
endfacet
facet normal -0.0140303 0.997133 -0.0743543
  outer loop
    vertex 0.5849818632772505 1.134869614997861 1.146420822035537
    vertex 0.4895320155125877 1.122212887241882 0.9946978895901124
    vertex 0.3782046167085513 1.131670325171374 1.142534540664266
  endloop
endfacet
facet normal 0.260118 0.834517 -0.485715
  outer loop
    vertex 6.291700626047009 0.9824095412689703 1.16840642379425
    vertex 6.210764712153068 0.9337566937628885 1.041470712648522
    vertex 6.11624805745756 1.035057825011627 1.164901190835304
  endloop
endfacet
facet normal -0.00721715 0.996957 -0.0776167
  outer loop
    vertex 0.4761844355695658 1.084016079326434 0.4971095530509554
    vertex 0.4085737741596526 1.095440083121962 0.6501333794188795
    vertex 0.571017493257966 1.09690937182022 0.6539010942131503
  endloop
endfacet
facet normal -0.00542418 0.989938 -0.141395
  outer loop
    vertex 4.134549355666438 1.139807271386503 0.8052660566135936
    vertex 4.049932819093307 1.121542060013957 0.6806336439725316
    vertex 3.950350728532686 1.138572443329182 0.8036869591002069
  endloop
endfacet
facet normal 0.30482 0.808075 -0.504082
  outer loop
    vertex 6.291700626047009 0.9824095412689703 1.16840642379425
    vertex 6.368807198787703 0.8914618226810092 1.069238067335927
    vertex 6.210764712153068 0.9337566937628885 1.041470712648522
  endloop
endfacet
facet normal 0.464213 0.602178 -0.649529
  outer loop
    vertex 7.125108466534804 0.4330837336917167 1.038479478241028
    vertex 7.110964175857852 0.5565516481457404 1.142837592095141
    vertex 7.274420733872762 0.4601355341105817 1.17027149511101
  endloop
endfacet
facet normal -0.0141885 0.997487 -0.0694211
  outer loop
    vertex 0.1963258317978623 1.12944348454342 1.147184279375794
    vertex 0.06437530531543202 1.119370602971576 1.029419041565008
    vertex -0.01318637641417041 1.128958876181593 1.183041810312733
  endloop
endfacet
facet normal -0.0155545 0.992937 -0.117618
  outer loop
    vertex 4.446542086014984 1.207891439148907 1.311497594424155
    vertex 4.348348425434601 1.192593877627806 1.195340437723834
    vertex 4.248805821678681 1.204793868749778 1.311497594424157
  endloop
endfacet
facet normal 0.208668 0.898392 -0.386458
  outer loop
    vertex 5.805991459368968 1.046752665583463 1.021216893885549
    vertex 5.659023460737235 1.075189302027072 1.007967491913607
    vertex 5.731630524462045 1.125044514767426 1.163069122253974
  endloop
endfacet
facet normal 0.390684 0.693582 -0.605236
  outer loop
    vertex 6.793712887644003 0.6348814487668747 1.009968954678182
    vertex 6.708522601481723 0.7416952466367288 1.077383431648729
    vertex 6.81720635500572 0.7621731416647717 1.171006566149953
  endloop
endfacet
facet normal -0.00410495 0.997391 -0.0720724
  outer loop
    vertex 0.168813577998568 1.070809149478074 0.331669892310327
    vertex 0.1176193714894624 1.081237781189394 0.4789048306521255
    vertex 0.2916119831001931 1.083890736154986 0.5057084686396266
  endloop
endfacet
facet normal -0.0134773 0.997521 -0.0690641
  outer loop
    vertex -0.01318637641417041 1.128958876181593 1.183041810312733
    vertex 0.06437530531543202 1.119370602971576 1.029419041565008
    vertex -0.09552556720599729 1.123171717483278 1.115523302368197
  endloop
endfacet
facet normal 0.291379 0.807047 -0.51359
  outer loop
    vertex 6.456222375483949 0.9252974293390942 1.172000697383024
    vertex 6.368807198787703 0.8914618226810092 1.069238067335927
    vertex 6.291700626047009 0.9824095412689703 1.16840642379425
  endloop
endfacet
facet normal 0.356804 0.736092 -0.575204
  outer loop
    vertex 6.81720635500572 0.7621731416647717 1.171006566149953
    vertex 6.708522601481723 0.7416952466367288 1.077383431648729
    vertex 6.6399951350677 0.8456388337241743 1.167892525585229
  endloop
endfacet
facet normal 0.0145049 0.986931 -0.160486
  outer loop
    vertex 4.468793868284408 1.128800302770294 0.751965785561695
    vertex 4.254165169070707 1.125155226756938 0.710151582189249
    vertex 4.327659477386866 1.14706714534765 0.85154425270361
  endloop
endfacet
facet normal -0.00718301 0.996355 -0.0850015
  outer loop
    vertex 0.7430901232148546 1.09814130374355 0.653695856005963
    vertex 0.9291977209405823 1.099562029656621 0.6546221193405247
    vertex 0.845145889008017 1.084780008778289 0.4884558035849516
  endloop
endfacet
facet normal 0.332959 0.77428 -0.538172
  outer loop
    vertex 6.501427785175008 0.8184992520363372 1.046315626497512
    vertex 6.368807198787703 0.8914618226810092 1.069238067335927
    vertex 6.456222375483949 0.9252974293390942 1.172000697383024
  endloop
endfacet
facet normal 0.330463 0.77148 -0.543703
  outer loop
    vertex 6.374559072891581 0.8065394993091198 0.9522346125225505
    vertex 6.368807198787703 0.8914618226810092 1.069238067335927
    vertex 6.501427785175008 0.8184992520363372 1.046315626497512
  endloop
endfacet
facet normal -0.00796711 0.997988 -0.0628986
  outer loop
    vertex -0.1124338106207139 1.136262539229682 1.311497594424157
    vertex -0.01318637641417041 1.128958876181593 1.183041810312733
    vertex -0.1125378724168337 1.136261530269555 1.311494766723925
  endloop
endfacet
facet normal -0.0093337 0.997909 -0.0639511
  outer loop
    vertex -0.1125378724168337 1.136261530269555 1.311494766723925
    vertex -0.01318637641417041 1.128958876181593 1.183041810312733
    vertex -0.112641617597686 1.136260017054413 1.311486295786768
  endloop
endfacet
endsolid Created by Gmsh
